Transaction_ID,Date,Customer_Age,Product_Category,Quantity,Unit_Price,Cost
1,2023-12-15,55.0,Home,9.0,101.95,31.42
2,2023-03-13,50.0,Electronics,1.0,63.23,11.33
3,2023-04-13,60.0,Clothing,4.0,161.94,250.94
4,2023-08-03,62.0,Home,7.0,247.99,265.97
5,2023-03-29,67.0,Clothing,7.0,401.2,207.79
6,2023-12-26,49.0,,1.0,113.23,92.56
7,2023-05-30,,Sports,6.0,163.35,35.33
8,2023-12-10,31.0,Sports,4.0,405.63,119.18
9,2023-10-21,32.0,Clothing,8.0,393.63,151.2
10,,25.0,Beauty,2.0,357.97,221.94
11,2023-06-10,,,2.0,428.35,204.78
12,2023-01-22,41.0,,7.0,171.07,139.45
13,,33.0,Electronics,2.0,167.25,204.77
14,,69.0,Sports,7.0,419.0,53.14
15,2023-06-19,67.0,Sports,4.0,289.71,13.32
16,,60.0,Clothing,3.0,76.54,87.47
17,2023-09-28,66.0,Sports,8.0,283.79,198.49
18,2023-06-24,31.0,Beauty,2.0,177.22,265.33
19,2023-12-30,43.0,Electronics,1.0,264.45,60.64
20,2023-11-16,,Clothing,7.0,240.62,298.77
21,2023-11-03,24.0,Sports,8.0,106.72,223.59
22,2023-11-25,27.0,Beauty,7.0,221.21,13.1
23,2023-03-30,28.0,Sports,9.0,73.88,80.27
24,2023-08-30,38.0,Beauty,1.0,480.51,156.36
25,2023-12-12,21.0,Sports,9.0,449.98,35.52
26,2023-12-06,66.0,Home,8.0,405.88,61.03
27,2023-09-21,65.0,Electronics,3.0,156.91,184.86
28,,57.0,Sports,2.0,478.84,293.38
29,2023-02-19,50.0,Home,7.0,334.81,215.66
30,2023-01-02,32.0,Clothing,2.0,231.81,14.76
31,2023-02-23,33.0,Home,2.0,233.63,94.81
32,2023-11-06,65.0,Clothing,8.0,82.9,22.27
33,,60.0,Home,,333.93,187.92
34,2023-02-13,,Beauty,9.0,130.37,142.62
35,2023-09-27,69.0,Home,8.0,177.85,286.78
36,2023-09-28,66.0,Home,7.0,110.45,62.74
37,2023-08-03,22.0,Home,1.0,324.88,168.44
38,2023-07-09,65.0,Sports,4.0,381.43,166.58
39,2023-07-27,23.0,Home,1.0,141.44,81.61
40,2023-02-22,30.0,,9.0,214.79,99.02
41,2023-08-05,69.0,Home,4.0,374.08,243.57
42,2023-02-10,38.0,Home,4.0,395.82,243.83
43,2023-10-28,68.0,Electronics,4.0,493.5,110.61
44,2023-11-23,33.0,Sports,8.0,119.66,119.49
45,2023-05-09,22.0,Electronics,6.0,407.97,
46,2023-03-04,68.0,Beauty,1.0,476.32,20.43
47,2023-03-22,65.0,Clothing,4.0,176.89,10.43
48,2023-10-16,26.0,Electronics,9.0,147.81,22.41
49,2023-08-19,26.0,Home,7.0,23.86,256.78
50,2023-01-28,36.0,Beauty,3.0,138.1,189.75
51,2023-11-24,26.0,Clothing,,190.63,139.69
52,2023-02-02,69.0,Beauty,5.0,116.03,140.67
53,2023-03-03,27.0,Electronics,2.0,75.32,
54,2023-04-09,31.0,Beauty,2.0,22.79,250.07
55,2023-08-02,,Electronics,4.0,278.13,98.76
56,2023-08-15,18.0,Electronics,5.0,156.19,174.28
57,2023-05-11,25.0,Electronics,2.0,474.17,145.91
58,2023-08-06,35.0,Electronics,8.0,245.45,85.13
59,2023-12-25,38.0,Beauty,7.0,174.67,114.09
60,,22.0,Home,6.0,297.59,186.86
61,2023-12-12,69.0,Sports,4.0,388.82,98.44
62,,24.0,Beauty,2.0,160.76,84.9
63,2023-03-04,39.0,Sports,6.0,222.91,251.79
64,2023-08-29,34.0,Electronics,1.0,90.5,127.72
65,2023-04-06,30.0,Clothing,3.0,47.82,253.51
66,2023-08-19,22.0,Beauty,4.0,92.8,189.66
67,2023-06-20,21.0,Home,1.0,281.62,261.52
68,2023-01-13,,Clothing,5.0,486.44,47.83
69,2023-07-06,54.0,Beauty,7.0,341.6,15.67
70,2023-10-11,55.0,Beauty,5.0,,126.77
71,2023-02-14,52.0,Home,1.0,61.11,
72,2023-05-14,34.0,Sports,2.0,439.65,
73,2023-04-18,67.0,Home,5.0,440.28,256.44
74,2023-10-13,,,5.0,290.07,157.39
75,2023-05-08,50.0,Beauty,5.0,243.51,157.01
76,2023-12-14,29.0,Clothing,6.0,474.17,120.22
77,2023-07-09,52.0,Sports,9.0,262.04,14.8
78,2023-10-10,,Home,1.0,169.55,8.85
79,2023-04-26,66.0,Beauty,4.0,109.27,199.96
80,2023-09-16,27.0,Sports,9.0,345.79,162.51
81,,20.0,Beauty,7.0,226.83,40.4
82,2023-05-17,55.0,Beauty,4.0,166.57,187.34
83,2023-08-13,59.0,Electronics,4.0,142.38,168.21
84,2023-06-21,35.0,Sports,6.0,225.95,260.51
85,2023-11-11,,Sports,7.0,161.01,
86,2023-04-06,27.0,Sports,2.0,456.35,229.65
87,2023-06-29,23.0,Beauty,7.0,329.8,47.71
88,2023-02-21,65.0,Beauty,8.0,99.29,166.17
89,2023-10-22,61.0,Clothing,6.0,274.42,226.92
90,2023-04-23,37.0,Sports,9.0,92.32,236.02
91,2023-03-22,33.0,Clothing,4.0,105.14,170.38
92,2023-01-02,23.0,,1.0,78.97,229.48
93,2023-02-23,26.0,Home,3.0,132.71,79.46
94,,40.0,Beauty,,147.75,215.75
95,2023-05-06,36.0,Home,,462.87,34.24
96,2023-06-21,,Clothing,2.0,59.61,171.48
97,2023-07-17,29.0,Sports,6.0,339.37,129.56
98,2023-11-20,36.0,Electronics,3.0,181.51,75.31
99,2023-07-03,44.0,Home,8.0,73.93,274.6
100,2023-09-12,31.0,Home,5.0,143.81,133.99
101,2023-11-21,51.0,Beauty,8.0,199.87,83.71
102,2023-07-17,50.0,Sports,8.0,248.48,54.79
103,2023-08-28,,Home,8.0,134.96,170.59
104,2023-07-20,65.0,Clothing,4.0,361.36,71.59
105,2023-11-22,,Beauty,4.0,349.87,9.99
106,2023-09-16,24.0,Beauty,7.0,333.75,254.0
107,2023-12-12,55.0,Beauty,4.0,121.77,256.0
108,2023-05-27,50.0,Beauty,4.0,,217.07
109,2023-07-18,42.0,Home,5.0,94.45,100.33
110,2023-05-08,,Clothing,9.0,166.65,35.07
111,2023-12-26,61.0,Beauty,1.0,,191.41
112,2023-05-31,,Sports,3.0,35.31,165.55
113,2023-10-25,52.0,Electronics,8.0,174.84,97.44
114,2023-09-09,40.0,Home,9.0,457.65,
115,2023-04-22,35.0,Home,9.0,438.94,8.67
116,2023-03-01,49.0,Beauty,8.0,496.05,83.68
117,2023-10-31,34.0,Beauty,5.0,36.34,137.94
118,2023-02-06,30.0,Sports,3.0,298.33,78.48
119,2023-01-09,42.0,Home,6.0,65.32,49.01
120,2023-05-27,66.0,Sports,6.0,242.54,157.51
121,2023-05-11,18.0,Clothing,7.0,467.94,36.18
122,2023-02-23,65.0,Beauty,8.0,185.33,202.96
123,2023-04-26,47.0,Beauty,5.0,65.5,148.35
124,2023-04-14,51.0,Electronics,3.0,262.36,
125,2023-08-15,46.0,Electronics,8.0,331.48,87.78
126,2023-04-09,50.0,Home,,176.27,32.2
127,2023-12-04,22.0,Beauty,,266.63,
128,2023-06-12,64.0,Clothing,4.0,137.56,222.35
129,2023-06-18,37.0,Home,4.0,21.38,209.67
130,2023-03-09,69.0,,9.0,131.24,126.32
131,2023-10-04,57.0,Home,,128.09,97.63
132,2023-05-15,43.0,Clothing,2.0,242.32,178.79
133,2023-05-08,,Sports,3.0,111.89,152.82
134,2023-01-22,,Clothing,1.0,305.36,289.56
135,2023-02-07,55.0,Home,3.0,174.74,274.78
136,2023-02-20,,Sports,9.0,420.22,76.25
137,2023-10-10,56.0,Sports,,449.24,70.6
138,2023-10-04,66.0,Electronics,9.0,37.1,176.42
139,2023-10-11,48.0,Clothing,8.0,351.92,294.76
140,2023-11-13,53.0,Home,6.0,417.67,245.87
141,2023-01-04,24.0,Home,1.0,42.08,258.67
142,,44.0,Sports,1.0,368.09,156.25
143,2023-01-17,57.0,Clothing,3.0,15.42,158.03
144,2023-06-07,38.0,Home,8.0,20.16,121.83
145,2023-01-06,67.0,Clothing,8.0,354.52,199.41
146,2023-08-21,32.0,Clothing,4.0,258.1,134.07
147,2023-12-15,47.0,,9.0,38.03,81.43
148,2023-06-30,69.0,Home,7.0,108.6,278.59
149,2023-07-07,20.0,Clothing,2.0,248.53,59.64
150,2023-07-10,48.0,Home,8.0,104.57,285.11
151,2023-06-10,43.0,Sports,5.0,334.92,122.39
152,2023-05-08,,Electronics,3.0,156.44,274.67
153,2023-08-11,27.0,Clothing,5.0,52.42,192.7
154,2023-11-19,54.0,Sports,6.0,267.13,251.77
155,2023-10-07,56.0,Electronics,3.0,210.17,285.85
156,2023-12-08,55.0,Beauty,9.0,312.12,66.53
157,2023-05-07,28.0,Clothing,4.0,208.59,39.84
158,2023-09-30,18.0,Sports,8.0,426.39,86.38
159,2023-10-26,50.0,Beauty,8.0,336.84,257.99
160,2023-02-08,32.0,Electronics,6.0,359.53,162.04
161,2023-09-04,40.0,Clothing,8.0,189.67,206.38
162,2023-11-02,25.0,Sports,1.0,36.43,99.91
163,2023-01-13,37.0,Beauty,5.0,193.77,177.38
164,2023-11-09,23.0,Electronics,5.0,260.24,21.54
165,2023-01-20,67.0,Clothing,7.0,396.26,255.44
166,2023-05-22,63.0,Clothing,4.0,388.46,42.91
167,2023-05-23,,Electronics,8.0,209.61,5.39
168,2023-11-18,24.0,Clothing,5.0,70.86,136.2
169,2023-12-08,34.0,Clothing,7.0,275.22,189.23
170,2023-07-05,65.0,Electronics,3.0,398.87,
171,2023-05-05,22.0,Electronics,3.0,59.76,98.97
172,2023-02-27,23.0,Clothing,4.0,178.86,132.79
173,,34.0,Clothing,7.0,455.43,20.35
174,,48.0,,Unknown,138.82,222.55
175,2023-02-23,26.0,Beauty,,10.54,59.86
176,2023-04-11,,Clothing,8.0,288.6,239.28
177,2023-02-22,62.0,Sports,3.0,137.28,222.12
178,2023-04-18,29.0,Sports,5.0,138.91,39.94
179,2023-07-15,33.0,Sports,9.0,324.99,212.01
180,2023-12-16,36.0,Sports,5.0,431.63,291.44
181,2023-11-07,21.0,Sports,9.0,244.01,236.04
182,2023-05-24,48.0,Electronics,1.0,410.25,21.5
183,2023-05-04,62.0,Electronics,4.0,296.02,291.38
184,2023-05-27,26.0,Electronics,8.0,448.36,232.7
185,2023-11-15,59.0,Clothing,3.0,263.23,162.21
186,2023-02-27,38.0,Clothing,6.0,82.17,243.57
187,2023-08-17,41.0,Clothing,9.0,155.05,213.25
188,2023-11-14,52.0,Clothing,6.0,61.84,246.51
189,2023-05-09,30.0,Sports,2.0,,126.67
190,2023-01-01,18.0,Clothing,9.0,62.91,207.88
191,2023-04-06,52.0,Home,6.0,114.75,257.58
192,2023-02-17,,Electronics,8.0,413.27,115.02
193,2023-08-25,29.0,Beauty,7.0,437.7,250.46
194,2023-09-29,64.0,Home,9.0,493.09,266.88
195,2023-07-11,50.0,Home,1.0,467.81,208.42
196,2023-10-05,31.0,Sports,5.0,37.9,292.9
197,2023-03-17,38.0,Electronics,4.0,395.83,
198,2023-03-27,57.0,Beauty,1.0,413.52,161.39
199,,42.0,Beauty,8.0,84.2,156.31
200,2023-03-10,62.0,Home,5.0,152.21,5.46
201,2023-04-04,51.0,Sports,1.0,478.61,186.41
202,2023-07-23,59.0,Home,2.0,229.56,199.45
203,,59.0,Electronics,9.0,338.52,161.4
204,2023-12-07,63.0,Sports,5.0,339.56,127.89
205,2023-10-16,34.0,Home,2.0,98.28,232.07
206,2023-12-23,65.0,Clothing,,296.56,49.61
207,2023-01-10,62.0,Beauty,2.0,142.64,271.46
208,2023-04-10,29.0,Home,9.0,67.91,267.91
209,,66.0,Sports,4.0,122.28,60.52
210,2023-09-07,,Electronics,2.0,27.91,195.09
211,2023-04-06,22.0,Home,7.0,493.99,
212,2023-11-21,62.0,Electronics,2.0,206.59,66.12
213,2023-01-16,63.0,Beauty,4.0,209.93,251.41
214,2023-09-04,47.0,Electronics,9.0,413.14,210.55
215,2023-06-09,20.0,Sports,5.0,,240.36
216,2023-06-01,65.0,Home,6.0,470.88,34.05
217,2023-06-12,40.0,,1.0,245.64,98.41
218,2023-06-28,50.0,Electronics,9.0,19.04,292.86
219,2023-09-25,53.0,Beauty,4.0,253.25,178.99
220,2023-06-17,51.0,,3.0,236.16,231.76
221,2023-02-13,65.0,Beauty,7.0,352.98,223.96
222,2023-01-12,44.0,Beauty,3.0,200.17,198.79
223,2023-09-10,30.0,Home,3.0,440.24,237.14
224,2023-02-04,49.0,Electronics,3.0,360.73,244.43
225,2023-03-31,33.0,,8.0,46.86,76.37
226,2023-03-31,,Clothing,8.0,220.29,55.5
227,2023-04-25,64.0,Electronics,5.0,267.11,146.81
228,2023-07-15,29.0,Beauty,5.0,57.31,260.74
229,2023-04-24,35.0,Sports,2.0,130.22,244.01
230,2023-08-05,19.0,Electronics,7.0,153.53,292.57
231,2023-09-06,25.0,Sports,2.0,206.44,171.86
232,2023-12-23,,Clothing,1.0,130.22,218.49
233,2023-07-11,26.0,Electronics,6.0,97.94,297.12
234,2023-04-09,33.0,Clothing,2.0,81.05,211.74
235,2023-04-06,69.0,Electronics,8.0,269.93,64.46
236,2023-07-09,24.0,Sports,6.0,298.36,71.42
237,2023-09-25,53.0,Home,9.0,,150.31
238,2023-01-13,63.0,Beauty,2.0,367.69,293.38
239,2023-12-21,42.0,Beauty,7.0,461.21,43.93
240,2023-09-30,69.0,Home,9.0,189.61,158.07
241,2023-03-25,40.0,Sports,7.0,133.59,158.99
242,2023-12-08,68.0,Home,9.0,377.53,193.04
243,2023-01-19,29.0,Beauty,8.0,426.55,232.24
244,2023-08-21,69.0,Electronics,4.0,387.18,103.28
245,2023-09-22,46.0,Home,1.0,305.05,67.94
246,2023-07-25,52.0,Clothing,6.0,382.05,143.13
247,2023-02-21,29.0,Home,3.0,145.49,217.89
248,2023-05-24,,Sports,8.0,111.5,228.17
249,2023-04-09,42.0,Clothing,1.0,142.66,260.52
250,2023-02-22,61.0,Sports,6.0,403.48,95.25
251,2023-02-26,52.0,Beauty,2.0,152.84,254.45
252,2023-06-30,26.0,Electronics,4.0,487.93,199.66
253,2023-08-11,,Home,4.0,419.05,13.74
254,2023-06-12,57.0,Electronics,4.0,179.0,228.23
255,2023-08-23,48.0,Home,,362.18,265.68
256,2023-08-27,60.0,Clothing,7.0,59.99,231.1
257,2023-03-15,45.0,Electronics,3.0,167.92,108.16
258,2023-09-10,45.0,Beauty,1.0,146.33,51.92
259,2023-06-23,40.0,Sports,8.0,90.73,244.16
260,2023-06-19,45.0,Home,3.0,12.12,
261,2023-10-10,45.0,Beauty,2.0,341.21,56.0
262,2023-01-05,56.0,Home,4.0,496.84,46.36
263,2023-12-05,64.0,Clothing,1.0,160.5,17.57
264,2023-12-31,39.0,Sports,7.0,25.92,196.03
265,2023-05-25,59.0,Home,4.0,217.3,17.21
266,2023-08-05,27.0,Sports,5.0,267.2,258.85
267,2023-10-19,62.0,,9.0,336.67,247.87
268,2023-10-02,28.0,,,335.64,170.68
269,2023-07-01,,Clothing,2.0,359.81,197.05
270,2023-07-21,30.0,Clothing,3.0,396.09,247.14
271,2023-02-08,38.0,Beauty,7.0,165.04,225.14
272,2023-06-22,22.0,Sports,5.0,473.86,225.11
273,,24.0,Beauty,4.0,391.04,199.25
274,2023-02-27,69.0,Home,4.0,96.03,290.43
275,2023-11-13,23.0,Clothing,5.0,405.2,38.64
276,2023-01-01,57.0,Sports,2.0,154.52,128.66
277,2023-12-14,45.0,Clothing,8.0,116.88,59.94
278,2023-07-10,49.0,Electronics,9.0,129.24,69.84
279,2023-11-08,32.0,Sports,6.0,179.51,277.52
280,2023-04-27,34.0,Electronics,1.0,210.49,126.83
281,2023-02-13,52.0,Sports,1.0,217.77,42.63
282,2023-06-22,48.0,Sports,5.0,384.08,273.39
283,,67.0,Sports,2.0,25.99,280.3
284,2023-08-01,,Home,7.0,279.81,160.32
285,2023-08-17,27.0,Sports,6.0,236.63,120.61
286,2023-05-27,43.0,Electronics,1.0,486.9,145.5
287,2023-02-16,31.0,Beauty,6.0,229.94,5.94
288,2023-01-14,18.0,Clothing,8.0,,59.05
289,2023-01-01,41.0,Beauty,,185.66,201.66
290,2023-09-16,47.0,Electronics,3.0,393.26,128.54
291,2023-01-12,49.0,Clothing,8.0,424.19,128.12
292,2023-09-29,59.0,Sports,2.0,179.77,191.13
293,2023-06-05,55.0,Home,,430.13,78.55
294,2023-05-02,36.0,Clothing,4.0,48.0,36.81
295,2023-03-31,66.0,Home,3.0,84.84,167.11
296,2023-11-12,30.0,Sports,7.0,169.06,31.51
297,2023-08-08,19.0,Sports,4.0,165.77,239.83
298,2023-08-16,62.0,Electronics,1.0,499.32,237.73
299,2023-05-25,19.0,Electronics,6.0,148.48,116.1
300,2023-07-31,21.0,Clothing,2.0,92.97,37.28
301,2023-08-28,66.0,Electronics,2.0,195.88,164.28
302,2023-02-15,69.0,Electronics,4.0,334.04,144.18
303,2023-03-23,19.0,Home,8.0,,171.33
304,2023-07-16,43.0,Home,8.0,271.06,266.72
305,2023-01-10,24.0,Clothing,3.0,71.0,269.16
306,2023-08-30,50.0,,5.0,179.69,5.54
307,2023-01-05,53.0,Electronics,1.0,321.4,171.97
308,,40.0,Electronics,1.0,334.6,
309,2023-03-06,43.0,Beauty,5.0,11.43,279.67
310,2023-08-27,45.0,Beauty,3.0,144.83,88.12
311,2023-12-07,44.0,Beauty,8.0,311.49,247.17
312,2023-08-05,,Home,2.0,75.71,203.15
313,2023-10-10,34.0,Home,9.0,346.02,7.96
314,2023-04-08,22.0,Beauty,,255.65,298.6
315,,56.0,Sports,1.0,171.3,122.26
316,2023-11-07,50.0,Clothing,3.0,365.9,288.16
317,2023-07-16,57.0,Sports,3.0,367.45,185.61
318,2023-12-24,41.0,,5.0,277.36,157.32
319,2023-01-23,,Sports,8.0,203.78,219.82
320,2023-06-14,42.0,,,292.21,66.84
321,2023-03-24,55.0,Home,2.0,36.03,261.44
322,2023-03-19,49.0,Home,2.0,346.15,145.1
323,2023-01-01,61.0,Home,4.0,54.7,139.22
324,2023-07-24,,Clothing,6.0,191.9,235.21
325,2023-10-15,33.0,Electronics,6.0,490.53,
326,,28.0,Electronics,5.0,281.6,212.41
327,2023-02-08,69.0,Sports,9.0,,159.03
328,2023-06-11,42.0,Electronics,4.0,,160.32
329,2023-09-16,30.0,Clothing,6.0,362.54,116.85
330,2023-09-25,51.0,Home,7.0,381.35,130.49
331,2023-08-24,57.0,Sports,6.0,426.48,38.55
332,2023-08-10,46.0,Beauty,4.0,441.12,99.38
333,2023-04-22,40.0,Home,3.0,396.37,31.19
334,2023-07-26,59.0,Clothing,8.0,101.49,128.28
335,2023-03-07,58.0,Home,,481.56,226.71
336,2023-04-13,31.0,Clothing,9.0,138.87,47.79
337,2023-09-09,28.0,Clothing,9.0,134.55,110.54
338,2023-11-02,20.0,Home,6.0,464.87,171.36
339,2023-10-13,65.0,Beauty,9.0,188.48,132.56
340,2023-11-04,66.0,Sports,9.0,447.28,151.96
341,2023-12-01,24.0,Clothing,7.0,168.54,241.53
342,2023-09-04,28.0,Home,2.0,479.63,85.82
343,2023-03-22,,Sports,8.0,239.64,143.32
344,2023-05-18,19.0,Sports,7.0,26.25,
345,2023-11-26,46.0,Clothing,2.0,352.51,183.58
346,2023-12-06,36.0,Beauty,9.0,288.68,260.51
347,2023-02-03,38.0,Sports,4.0,219.14,237.0
348,2023-07-24,23.0,Beauty,8.0,84.59,273.25
349,2023-02-12,31.0,Electronics,2.0,228.08,250.35
350,2023-04-21,57.0,Clothing,7.0,183.4,210.78
351,2023-07-02,60.0,Sports,8.0,310.28,37.11
352,2023-01-08,39.0,Beauty,5.0,280.33,203.79
353,2023-07-03,56.0,Home,7.0,99.94,69.45
354,2023-12-18,46.0,Beauty,1.0,41.01,111.38
355,2023-04-03,41.0,Beauty,3.0,105.32,259.59
356,2023-03-02,47.0,Sports,6.0,350.98,48.31
357,2023-10-04,54.0,Sports,9.0,91.13,16.11
358,2023-04-02,57.0,Electronics,9.0,166.82,156.7
359,2023-01-22,,Sports,3.0,23.98,246.76
360,2023-01-01,37.0,Clothing,8.0,450.04,88.38
361,2023-01-12,,Clothing,8.0,41.27,294.59
362,2023-02-03,38.0,Clothing,7.0,247.63,47.13
363,2023-08-06,41.0,Sports,3.0,187.98,76.84
364,2023-03-14,57.0,Beauty,3.0,28.84,247.28
365,2023-02-16,57.0,Clothing,7.0,30.35,138.23
366,2023-08-27,,Sports,2.0,474.56,299.82
367,2023-04-17,25.0,Clothing,5.0,463.26,29.3
368,2023-03-02,27.0,Beauty,9.0,307.05,51.39
369,,21.0,Beauty,9.0,244.64,
370,2023-01-08,52.0,Clothing,2.0,29.06,100.71
371,2023-09-10,29.0,Beauty,3.0,115.16,168.17
372,2023-10-30,31.0,Clothing,7.0,222.93,282.61
373,2023-08-02,44.0,Clothing,9.0,91.11,40.81
374,2023-01-28,18.0,Beauty,,143.42,294.82
375,2023-08-04,32.0,Electronics,,317.04,39.5
376,2023-06-03,20.0,Beauty,5.0,115.54,215.59
377,,36.0,Electronics,9.0,330.36,24.93
378,2023-01-07,21.0,Home,8.0,320.73,30.55
379,2023-08-26,54.0,Clothing,3.0,407.4,55.43
380,2023-10-01,62.0,Clothing,1.0,351.2,234.56
381,2023-08-15,67.0,Sports,9.0,413.34,221.06
382,2023-07-11,48.0,Sports,7.0,294.5,77.32
383,2023-01-28,23.0,Beauty,6.0,328.78,140.71
384,,48.0,Beauty,3.0,,257.62
385,2023-08-19,20.0,Clothing,5.0,90.01,68.74
386,2023-05-06,30.0,Electronics,5.0,10.45,48.67
387,2023-05-25,54.0,Home,6.0,200.24,173.76
388,2023-01-25,65.0,Clothing,5.0,122.8,158.07
389,2023-03-08,30.0,Sports,9.0,169.96,98.84
390,2023-05-26,26.0,Sports,9.0,126.32,16.85
391,2023-04-21,54.0,Beauty,7.0,342.09,136.86
392,2023-04-21,41.0,Home,9.0,225.37,266.11
393,2023-08-24,58.0,Electronics,9.0,193.27,43.32
394,2023-04-11,57.0,Home,9.0,323.64,57.18
395,2023-10-09,64.0,Electronics,8.0,75.92,97.69
396,2023-11-11,62.0,Sports,7.0,236.41,209.6
397,2023-08-17,37.0,Sports,Unknown,20.63,253.8
398,2023-05-30,57.0,Beauty,7.0,148.96,227.66
399,2023-03-11,40.0,Clothing,6.0,22.11,299.61
400,2023-01-04,46.0,,9.0,14.37,260.01
401,2023-11-14,51.0,Sports,4.0,37.62,298.68
402,2023-06-01,,Sports,2.0,375.83,199.75
403,2023-09-04,35.0,Beauty,3.0,370.77,64.12
404,2023-01-31,44.0,Home,9.0,214.24,299.52
405,2023-02-05,23.0,Electronics,5.0,100.27,70.12
406,2023-01-06,48.0,Sports,4.0,14.37,130.69
407,2023-08-08,47.0,Electronics,5.0,234.5,237.96
408,2023-12-01,38.0,Beauty,6.0,165.31,186.39
409,2023-04-04,35.0,Electronics,9.0,418.64,135.16
410,2023-03-03,40.0,Home,2.0,92.92,206.66
411,2023-12-01,42.0,,9.0,149.35,208.74
412,2023-01-26,37.0,Beauty,8.0,76.0,236.94
413,2023-10-27,59.0,Clothing,3.0,341.2,33.66
414,2023-04-28,32.0,Beauty,7.0,130.98,200.57
415,2023-07-31,63.0,Home,2.0,270.7,241.63
416,2023-04-23,38.0,Home,4.0,200.55,143.56
417,2023-01-01,58.0,Home,4.0,50.37,153.78
418,2023-11-16,61.0,Clothing,2.0,424.66,22.76
419,2023-05-19,47.0,Electronics,3.0,422.78,113.29
420,2023-11-29,19.0,Clothing,,409.42,152.32
421,2023-06-10,55.0,Beauty,4.0,235.79,222.56
422,2023-01-10,38.0,Sports,6.0,198.63,166.51
423,2023-05-18,62.0,Sports,4.0,358.07,293.34
424,2023-01-13,41.0,Electronics,5.0,371.81,224.03
425,2023-03-25,19.0,Home,2.0,,146.01
426,2023-04-11,47.0,Clothing,4.0,21.42,109.27
427,,30.0,Clothing,2.0,421.09,181.42
428,2023-02-07,55.0,Sports,1.0,422.24,252.67
429,2023-04-04,34.0,Beauty,7.0,100.07,261.47
430,2023-03-10,66.0,Home,9.0,262.94,108.27
431,2023-08-24,30.0,Clothing,9.0,217.81,220.06
432,2023-05-17,39.0,Beauty,7.0,263.78,255.72
433,2023-02-04,62.0,Sports,4.0,252.95,103.89
434,2023-11-16,22.0,Home,2.0,55.37,198.64
435,2023-11-16,21.0,Electronics,1.0,223.61,265.77
436,2023-09-24,37.0,Clothing,3.0,336.88,215.49
437,2023-09-27,62.0,Beauty,1.0,27.09,266.72
438,2023-10-18,25.0,Sports,6.0,416.58,221.96
439,2023-01-05,66.0,Electronics,7.0,238.89,19.08
440,2023-03-19,23.0,Home,4.0,291.84,238.98
441,2023-05-12,,Home,5.0,394.61,97.36
442,2023-02-11,23.0,Clothing,3.0,47.81,43.67
443,2023-10-23,26.0,Clothing,7.0,314.83,246.05
444,2023-04-14,63.0,Sports,4.0,467.17,273.0
445,2023-06-28,,Home,9.0,134.61,269.6
446,2023-12-19,29.0,Clothing,3.0,222.36,9.15
447,2023-05-23,64.0,,1.0,34.39,236.26
448,2023-05-25,64.0,Sports,5.0,85.1,150.45
449,2023-11-05,38.0,Clothing,5.0,211.78,201.64
450,2023-02-08,,Home,6.0,227.51,294.53
451,2023-05-14,45.0,Beauty,5.0,381.16,136.97
452,2023-06-28,48.0,,8.0,37.51,237.38
453,2023-01-15,50.0,Sports,9.0,122.98,283.4
454,2023-10-16,64.0,Beauty,8.0,38.69,63.0
455,2023-08-19,63.0,Electronics,8.0,85.4,275.11
456,2023-06-06,30.0,Clothing,4.0,171.14,17.2
457,2023-04-07,36.0,Home,4.0,264.87,45.33
458,2023-10-16,45.0,Electronics,1.0,172.51,63.73
459,,55.0,Electronics,5.0,495.16,51.03
460,2023-01-10,42.0,Beauty,4.0,84.83,229.09
461,2023-11-26,46.0,Home,4.0,211.08,45.29
462,2023-10-21,29.0,Electronics,2.0,218.1,178.71
463,2023-10-30,34.0,Sports,9.0,,28.76
464,2023-08-04,67.0,Sports,5.0,308.96,121.88
465,2023-01-15,35.0,Beauty,4.0,235.08,114.89
466,2023-09-18,58.0,Sports,3.0,276.62,202.5
467,2023-11-20,48.0,Sports,7.0,363.28,28.43
468,2023-05-10,24.0,Sports,,,76.35
469,,,Sports,5.0,481.9,9.25
470,2023-10-19,66.0,Beauty,4.0,176.81,211.2
471,2023-10-10,61.0,Home,2.0,158.77,226.72
472,2023-01-11,41.0,Home,4.0,57.68,191.61
473,2023-12-26,30.0,Electronics,2.0,254.13,173.83
474,2023-07-19,56.0,,2.0,307.63,102.41
475,2023-12-12,45.0,Beauty,3.0,89.99,158.4
476,2023-08-06,65.0,Beauty,7.0,437.43,201.86
477,2023-07-29,47.0,Electronics,7.0,412.57,60.37
478,2023-04-21,,Clothing,1.0,38.55,239.96
479,2023-06-20,20.0,Home,7.0,436.32,39.01
480,2023-12-22,49.0,Electronics,6.0,453.06,95.22
481,2023-05-13,,Beauty,1.0,156.07,14.46
482,2023-11-24,51.0,Sports,5.0,84.04,206.65
483,2023-04-02,46.0,Sports,2.0,212.17,206.58
484,2023-02-20,24.0,Beauty,5.0,82.15,81.62
485,2023-10-23,19.0,Home,1.0,18.47,182.02
486,2023-09-24,24.0,Clothing,6.0,11.81,224.16
487,2023-10-29,25.0,Electronics,,,7.2
488,2023-12-12,60.0,Beauty,6.0,229.96,129.17
489,2023-07-01,26.0,Sports,3.0,371.17,269.85
490,2023-01-01,56.0,Beauty,1.0,60.84,203.74
491,2023-02-24,19.0,Sports,1.0,167.64,30.25
492,2023-05-29,67.0,Electronics,4.0,172.74,259.38
493,2023-11-05,43.0,Home,9.0,339.69,45.81
494,2023-11-09,26.0,Electronics,5.0,,172.38
495,,43.0,Sports,3.0,81.67,208.73
496,2023-03-04,50.0,Electronics,7.0,379.56,66.91
497,2023-03-31,48.0,Beauty,2.0,452.61,8.72
498,2023-07-29,55.0,Electronics,7.0,498.4,96.3
499,2023-12-13,49.0,Home,9.0,361.22,150.3
500,2023-12-30,37.0,Beauty,7.0,207.32,218.28
501,2023-07-01,59.0,Clothing,7.0,209.02,182.07
502,2023-06-29,38.0,Electronics,6.0,385.93,58.1
503,2023-12-10,23.0,Sports,5.0,174.45,173.32
504,2023-10-12,20.0,Beauty,1.0,216.66,234.89
505,2023-05-30,33.0,Electronics,7.0,83.63,214.96
506,2023-02-18,52.0,Beauty,8.0,400.54,167.23
507,2023-03-25,63.0,Sports,2.0,375.61,199.27
508,2023-05-28,27.0,Sports,6.0,462.03,214.36
509,2023-03-04,18.0,Clothing,7.0,260.59,11.61
510,2023-02-18,63.0,Sports,5.0,238.64,85.71
511,2023-08-12,55.0,Sports,4.0,368.7,14.08
512,2023-08-03,,Home,,32.2,213.59
513,2023-07-30,52.0,Clothing,3.0,113.0,56.54
514,2023-06-07,39.0,Home,8.0,215.66,273.01
515,2023-10-13,34.0,Electronics,8.0,239.88,132.82
516,2023-01-19,41.0,Clothing,5.0,254.86,58.2
517,2023-03-19,47.0,Sports,6.0,19.55,248.82
518,2023-07-13,,Home,7.0,128.07,206.78
519,2023-04-23,24.0,Sports,4.0,378.26,110.33
520,2023-06-15,36.0,Sports,7.0,60.7,86.39
521,2023-05-12,51.0,Home,4.0,71.62,73.63
522,2023-02-24,68.0,Clothing,6.0,493.54,47.33
523,2023-10-15,27.0,Clothing,1.0,132.03,41.83
524,2023-06-11,42.0,Clothing,8.0,404.77,148.01
525,2023-03-28,27.0,Clothing,4.0,12.49,102.79
526,2023-10-15,39.0,Home,2.0,232.07,157.05
527,2023-12-15,51.0,Clothing,8.0,256.88,41.44
528,2023-11-09,34.0,Sports,5.0,178.57,241.53
529,2023-09-12,67.0,Home,4.0,254.92,111.21
530,,61.0,Home,3.0,61.32,171.32
531,2023-08-27,69.0,Home,5.0,141.21,230.71
532,2023-02-20,38.0,Clothing,3.0,494.16,126.69
533,2023-09-21,43.0,Beauty,3.0,362.37,172.91
534,2023-04-06,52.0,Clothing,6.0,167.96,278.95
535,2023-10-15,61.0,Sports,,234.06,131.63
536,2023-06-14,46.0,,1.0,289.82,8.69
537,2023-08-11,32.0,Beauty,3.0,425.77,29.06
538,2023-01-07,61.0,Electronics,2.0,207.03,200.37
539,2023-06-10,,Clothing,1.0,435.84,70.8
540,2023-05-27,29.0,,6.0,146.91,
541,2023-02-05,55.0,Beauty,6.0,30.62,
542,2023-03-23,44.0,Beauty,4.0,451.38,297.94
543,2023-10-30,28.0,Home,1.0,399.9,226.03
544,2023-01-11,56.0,Home,Unknown,312.89,65.11
545,2023-07-14,19.0,Home,2.0,357.94,72.29
546,2023-01-20,62.0,Home,3.0,66.54,10.14
547,2023-09-13,33.0,Clothing,4.0,48.94,61.2
548,2023-08-14,60.0,Home,6.0,224.79,85.3
549,2023-12-21,58.0,Clothing,3.0,305.29,71.31
550,2023-12-08,,Electronics,2.0,349.06,69.03
551,2023-03-22,60.0,Beauty,5.0,123.94,158.79
552,2023-04-30,52.0,Home,8.0,,88.1
553,2023-08-03,57.0,Clothing,7.0,90.93,194.66
554,2023-07-28,62.0,Clothing,3.0,,69.91
555,2023-07-28,43.0,Beauty,8.0,443.61,285.96
556,2023-02-09,,Beauty,3.0,102.43,182.11
557,2023-10-08,20.0,Sports,8.0,265.1,171.91
558,2023-09-03,30.0,Clothing,4.0,471.73,32.39
559,2023-01-04,30.0,Sports,1.0,261.14,199.12
560,2023-01-29,57.0,Sports,6.0,405.82,263.43
561,2023-08-03,69.0,Sports,,85.12,276.01
562,2023-11-22,62.0,Electronics,9.0,376.1,244.04
563,2023-12-07,30.0,,3.0,178.72,172.42
564,2023-02-10,28.0,Clothing,1.0,248.01,
565,2023-01-17,31.0,Electronics,7.0,360.06,249.75
566,2023-03-17,41.0,Home,5.0,452.36,199.55
567,2023-12-28,59.0,Clothing,7.0,221.72,161.45
568,2023-01-27,69.0,Home,9.0,65.13,231.07
569,2023-05-14,20.0,Sports,3.0,174.95,26.11
570,2023-04-08,43.0,Home,7.0,83.58,292.64
571,2023-11-05,18.0,Sports,5.0,341.45,213.0
572,2023-06-22,54.0,Beauty,,61.15,183.68
573,2023-07-09,,Home,5.0,82.53,252.88
574,2023-03-05,55.0,Clothing,,159.08,293.62
575,2023-11-06,59.0,Beauty,4.0,,93.05
576,2023-11-03,43.0,Home,2.0,,258.45
577,2023-10-09,49.0,Home,9.0,447.55,233.05
578,2023-09-24,68.0,Beauty,3.0,158.05,36.45
579,2023-06-13,35.0,Beauty,5.0,40.12,212.83
580,2023-10-22,38.0,Electronics,3.0,133.78,216.76
581,2023-11-06,33.0,Electronics,4.0,211.29,165.34
582,2023-04-21,,Home,,232.09,276.84
583,2023-03-10,,Beauty,,22.5,89.57
584,2023-09-07,48.0,Beauty,4.0,34.99,47.91
585,,59.0,Clothing,6.0,108.9,211.84
586,2023-08-15,57.0,Sports,9.0,364.02,181.06
587,2023-12-03,20.0,Sports,8.0,476.6,187.84
588,2023-12-31,34.0,Clothing,9.0,476.45,94.22
589,2023-07-20,68.0,Sports,9.0,48.08,288.14
590,2023-03-14,49.0,Beauty,8.0,490.37,
591,2023-01-17,65.0,Clothing,6.0,398.44,228.84
592,2023-03-02,65.0,Electronics,5.0,231.6,54.67
593,2023-02-11,19.0,Beauty,4.0,176.89,156.95
594,2023-10-18,42.0,Clothing,9.0,32.18,105.81
595,2023-08-17,49.0,Electronics,1.0,318.58,183.22
596,,50.0,Sports,8.0,130.22,177.68
597,2023-04-12,29.0,Electronics,4.0,109.8,
598,2023-10-02,55.0,Beauty,,322.78,54.47
599,2023-11-01,62.0,Sports,1.0,266.56,243.33
600,2023-11-26,41.0,Electronics,7.0,376.01,243.46
601,2023-10-30,48.0,Sports,7.0,24.71,225.97
602,2023-03-21,38.0,Beauty,9.0,113.04,245.86
603,2023-09-21,45.0,Electronics,2.0,123.26,16.34
604,2023-03-22,38.0,Sports,9.0,175.61,62.97
605,2023-07-17,51.0,Clothing,5.0,125.07,109.52
606,2023-03-30,37.0,Clothing,1.0,261.15,171.89
607,2023-02-28,67.0,Home,5.0,182.32,231.39
608,2023-12-31,33.0,Beauty,2.0,25.98,
609,2023-10-15,46.0,Home,7.0,74.43,5.87
610,2023-07-18,35.0,Sports,8.0,448.22,265.0
611,2023-10-09,39.0,Home,2.0,305.63,227.92
612,2023-09-07,42.0,Sports,8.0,186.3,256.02
613,2023-12-01,61.0,Clothing,3.0,53.11,270.0
614,2023-05-17,69.0,Beauty,2.0,375.62,48.74
615,2023-11-24,52.0,Electronics,9.0,364.15,288.67
616,2023-08-03,62.0,Clothing,6.0,,86.73
617,2023-08-11,30.0,Sports,1.0,368.18,214.09
618,2023-04-13,,Clothing,7.0,350.73,37.67
619,,,Beauty,1.0,62.7,153.57
620,2023-04-18,57.0,Beauty,2.0,58.52,107.45
621,2023-04-08,45.0,Beauty,7.0,302.38,133.96
622,2023-06-20,25.0,Electronics,,121.52,262.53
623,2023-07-02,28.0,Sports,,472.72,54.8
624,2023-02-08,45.0,Home,9.0,466.35,236.88
625,2023-01-04,69.0,Beauty,4.0,412.56,83.07
626,2023-07-29,25.0,Sports,8.0,264.44,155.7
627,2023-04-18,65.0,Home,1.0,140.35,26.41
628,2023-11-07,35.0,Sports,3.0,280.96,203.49
629,2023-02-03,58.0,,3.0,314.16,42.71
630,,26.0,Clothing,3.0,,178.46
631,2023-05-21,28.0,Electronics,3.0,433.84,94.61
632,2023-04-06,26.0,Sports,4.0,190.28,180.03
633,2023-02-08,51.0,Sports,7.0,85.68,124.55
634,,55.0,Sports,8.0,410.54,33.64
635,2023-11-14,44.0,Home,6.0,294.64,224.0
636,2023-07-04,34.0,Clothing,8.0,271.94,48.46
637,2023-08-24,24.0,Sports,5.0,,102.43
638,2023-09-23,38.0,Clothing,9.0,498.31,24.41
639,2023-12-25,31.0,Clothing,5.0,491.25,282.21
640,2023-03-06,35.0,Electronics,7.0,79.34,257.06
641,2023-01-03,62.0,Home,8.0,341.01,170.03
642,2023-06-07,63.0,Clothing,9.0,178.88,159.3
643,2023-05-26,62.0,Clothing,,422.97,116.82
644,2023-06-02,30.0,Sports,4.0,,235.35
645,2023-03-14,27.0,Home,1.0,328.63,164.44
646,2023-12-10,67.0,Electronics,4.0,,79.07
647,2023-07-06,51.0,Clothing,9.0,476.38,134.19
648,2023-03-02,33.0,,5.0,67.33,264.36
649,2023-07-17,20.0,Beauty,3.0,404.45,197.35
650,2023-11-15,56.0,Electronics,5.0,,64.61
651,2023-01-11,34.0,Beauty,6.0,66.12,169.88
652,2023-08-14,37.0,Home,9.0,104.33,
653,2023-02-21,46.0,Home,,439.43,191.08
654,2023-03-13,53.0,Home,4.0,,138.74
655,2023-03-04,34.0,Home,2.0,482.63,259.47
656,2023-08-31,67.0,Sports,8.0,409.65,22.32
657,2023-11-26,37.0,Sports,8.0,360.25,39.34
658,,39.0,Electronics,3.0,18.8,114.76
659,2023-08-29,25.0,Home,7.0,239.92,140.85
660,2023-09-19,58.0,Electronics,3.0,221.92,200.17
661,2023-02-23,50.0,Clothing,4.0,445.62,92.29
662,2023-06-26,53.0,Beauty,6.0,271.12,273.8
663,2023-01-20,50.0,Clothing,8.0,303.35,91.56
664,2023-03-02,60.0,Home,9.0,192.95,263.8
665,2023-06-27,38.0,Home,2.0,169.59,69.94
666,2023-05-25,20.0,Beauty,5.0,,272.23
667,2023-06-09,50.0,Clothing,9.0,181.32,106.95
668,2023-09-26,18.0,Home,6.0,382.18,172.6
669,2023-03-30,52.0,Home,9.0,187.4,185.5
670,2023-12-23,49.0,Sports,4.0,414.44,26.81
671,2023-04-15,29.0,Beauty,5.0,324.1,129.58
672,2023-05-03,25.0,Sports,3.0,169.0,153.1
673,2023-05-17,35.0,Sports,1.0,61.9,195.7
674,,47.0,Clothing,7.0,65.5,158.41
675,2023-06-19,61.0,Beauty,2.0,354.9,191.87
676,2023-02-09,66.0,Home,4.0,146.81,227.41
677,2023-08-14,23.0,Sports,,413.82,243.07
678,2023-02-07,25.0,Sports,8.0,304.5,67.89
679,2023-06-25,43.0,Clothing,8.0,411.0,109.4
680,2023-02-06,27.0,Electronics,4.0,419.33,
681,2023-10-11,63.0,Sports,9.0,345.34,54.29
682,2023-03-22,18.0,Clothing,9.0,135.47,219.38
683,2023-10-28,53.0,Electronics,4.0,136.87,280.63
684,2023-12-15,48.0,Home,Unknown,247.78,53.14
685,2023-11-19,29.0,Electronics,1.0,28.94,195.83
686,2023-12-20,33.0,Beauty,6.0,388.32,223.27
687,2023-08-25,69.0,Beauty,8.0,183.54,180.49
688,2023-08-04,58.0,Sports,1.0,438.98,95.56
689,2023-06-17,56.0,Sports,9.0,,52.4
690,2023-02-28,49.0,Beauty,8.0,37.48,
691,2023-06-18,51.0,Clothing,2.0,348.43,63.53
692,2023-02-14,34.0,,5.0,30.38,42.36
693,2023-06-19,63.0,Electronics,5.0,112.23,54.42
694,2023-06-04,62.0,Home,3.0,316.21,54.67
695,2023-01-07,,Clothing,2.0,191.21,
696,2023-02-14,42.0,Electronics,6.0,404.59,110.13
697,2023-01-31,30.0,Home,8.0,197.51,194.01
698,2023-06-09,58.0,Home,2.0,155.3,286.05
699,2023-06-07,60.0,Sports,4.0,90.53,66.56
700,2023-03-23,69.0,Beauty,6.0,322.96,34.41
701,2023-07-25,67.0,,6.0,191.9,273.86
702,2023-01-12,57.0,Sports,8.0,190.25,190.71
703,,45.0,Electronics,7.0,163.42,36.49
704,2023-02-15,,Home,,193.9,211.41
705,2023-08-21,52.0,Sports,3.0,133.88,45.46
706,2023-08-11,33.0,,3.0,149.7,191.44
707,2023-12-10,64.0,Home,6.0,485.78,215.23
708,2023-11-22,29.0,Clothing,6.0,222.97,143.4
709,2023-03-15,,,5.0,452.29,58.63
710,2023-11-15,67.0,Clothing,1.0,462.54,37.77
711,2023-12-01,38.0,Clothing,,467.78,262.68
712,2023-10-05,19.0,Beauty,6.0,497.61,280.85
713,2023-12-18,21.0,Clothing,1.0,171.51,93.65
714,2023-11-20,65.0,Electronics,4.0,181.64,116.93
715,2023-01-17,66.0,Clothing,8.0,443.75,221.6
716,2023-07-12,,Beauty,2.0,365.59,79.72
717,2023-04-30,34.0,Beauty,7.0,495.04,77.61
718,,68.0,Clothing,7.0,87.92,77.05
719,2023-07-11,64.0,Home,3.0,421.15,27.13
720,2023-07-23,46.0,Electronics,1.0,275.13,104.42
721,2023-08-15,65.0,Clothing,8.0,154.02,147.66
722,2023-01-07,,Sports,3.0,380.95,282.94
723,2023-02-02,39.0,Clothing,9.0,233.22,
724,2023-03-20,64.0,Home,9.0,322.26,42.92
725,2023-02-27,65.0,Clothing,5.0,362.23,35.66
726,,24.0,Clothing,9.0,28.94,62.19
727,2023-08-14,29.0,Sports,2.0,160.94,8.53
728,2023-04-09,58.0,Clothing,2.0,240.1,88.41
729,2023-02-08,40.0,Electronics,5.0,481.55,109.63
730,2023-10-12,32.0,Clothing,1.0,347.67,228.54
731,2023-10-15,55.0,Sports,5.0,145.68,277.87
732,2023-03-25,63.0,Electronics,7.0,403.98,124.13
733,2023-01-27,68.0,Electronics,7.0,396.78,170.3
734,2023-08-24,20.0,Clothing,8.0,468.54,45.21
735,,31.0,Home,9.0,162.95,117.52
736,2023-10-30,57.0,Home,1.0,330.51,158.66
737,2023-03-25,,Home,5.0,122.05,194.44
738,2023-09-14,,Beauty,6.0,220.82,11.13
739,2023-01-15,35.0,Clothing,7.0,323.23,51.37
740,2023-06-12,29.0,Sports,6.0,188.47,204.99
741,,,Beauty,,46.1,252.8
742,2023-01-12,35.0,Home,2.0,478.6,184.38
743,2023-07-27,18.0,Beauty,4.0,94.44,71.03
744,2023-03-01,30.0,Home,8.0,141.36,213.59
745,2023-05-25,46.0,Sports,1.0,475.42,150.34
746,2023-01-08,38.0,Beauty,3.0,39.32,241.76
747,2023-06-23,45.0,Beauty,5.0,229.64,197.09
748,2023-07-18,,Clothing,8.0,190.0,29.03
749,2023-06-30,68.0,Sports,9.0,151.02,
750,2023-02-15,49.0,Electronics,,413.93,102.86
751,2023-08-10,37.0,Home,3.0,402.74,49.18
752,2023-09-30,,Electronics,2.0,482.47,34.32
753,2023-12-06,,,5.0,200.42,44.18
754,2023-06-15,66.0,Electronics,5.0,463.39,210.5
755,2023-11-15,34.0,Home,9.0,,261.58
756,2023-04-27,67.0,Home,4.0,115.53,
757,2023-03-13,51.0,Sports,Unknown,400.27,245.32
758,2023-07-24,60.0,Home,3.0,498.08,
759,2023-10-04,34.0,Electronics,7.0,285.06,58.32
760,2023-11-16,68.0,Beauty,2.0,487.25,288.88
761,2023-04-05,39.0,Home,8.0,493.45,113.63
762,2023-01-11,24.0,Electronics,9.0,448.77,6.64
763,2023-10-16,38.0,Sports,8.0,68.74,106.61
764,2023-09-24,36.0,Electronics,5.0,443.74,204.54
765,2023-03-29,64.0,Home,7.0,438.74,186.5
766,2023-03-17,52.0,Clothing,2.0,78.4,194.63
767,2023-06-09,37.0,Electronics,5.0,387.9,143.88
768,,,Electronics,7.0,270.86,294.53
769,2023-04-02,40.0,Clothing,6.0,201.3,57.03
770,2023-07-21,68.0,Home,,455.42,198.31
771,2023-08-30,69.0,Electronics,9.0,28.64,5.49
772,2023-01-02,39.0,Electronics,7.0,381.1,97.79
773,2023-08-21,50.0,Beauty,4.0,180.8,108.15
774,2023-03-18,53.0,Clothing,8.0,430.68,6.04
775,2023-04-13,44.0,Electronics,9.0,128.52,38.62
776,2023-12-25,18.0,Beauty,3.0,456.06,221.86
777,2023-05-02,47.0,Beauty,4.0,94.2,225.98
778,2023-04-16,50.0,Sports,8.0,174.41,226.76
779,2023-11-01,,Clothing,9.0,122.89,264.8
780,2023-11-13,24.0,Beauty,2.0,123.76,172.02
781,2023-01-09,58.0,Home,7.0,226.02,114.81
782,2023-12-25,,Clothing,8.0,367.83,120.58
783,2023-02-10,68.0,Home,9.0,194.54,104.01
784,2023-09-21,38.0,Home,2.0,484.73,291.8
785,2023-12-14,66.0,Clothing,9.0,152.1,87.41
786,2023-11-14,54.0,Beauty,4.0,228.31,37.72
787,2023-01-07,31.0,Clothing,8.0,277.35,174.36
788,2023-07-27,24.0,Home,2.0,51.09,288.09
789,2023-11-10,57.0,Clothing,9.0,63.97,70.67
790,2023-01-03,56.0,Sports,4.0,76.98,95.58
791,,36.0,Electronics,2.0,482.24,190.37
792,2023-01-14,,Beauty,5.0,414.69,32.87
793,2023-01-12,46.0,Beauty,9.0,223.46,202.15
794,2023-01-25,22.0,Beauty,9.0,495.04,55.95
795,2023-05-02,47.0,Electronics,5.0,459.91,44.68
796,2023-08-26,,Clothing,7.0,276.56,64.19
797,2023-08-09,44.0,Electronics,1.0,112.93,168.8
798,2023-07-02,69.0,,8.0,161.58,254.34
799,,53.0,Clothing,2.0,,43.96
800,2023-07-30,33.0,Electronics,7.0,465.71,81.34
801,2023-12-18,22.0,,3.0,271.7,80.66
802,2023-02-28,51.0,Sports,3.0,172.5,43.96
803,2023-07-21,69.0,Electronics,5.0,202.2,211.93
804,2023-04-03,37.0,Clothing,3.0,373.69,9.06
805,2023-07-26,36.0,Beauty,9.0,409.4,257.24
806,2023-11-28,47.0,Home,9.0,452.91,97.09
807,2023-08-01,23.0,Beauty,4.0,228.96,260.43
808,2023-01-24,59.0,Beauty,3.0,62.06,244.7
809,2023-01-04,,Clothing,3.0,212.68,236.03
810,2023-01-20,68.0,Sports,6.0,431.33,220.97
811,2023-02-19,53.0,Electronics,7.0,164.0,96.09
812,2023-04-06,55.0,Sports,6.0,369.62,42.15
813,2023-09-07,40.0,Electronics,3.0,91.8,210.06
814,2023-08-16,68.0,Electronics,1.0,70.58,231.71
815,2023-09-19,41.0,Beauty,6.0,309.75,116.15
816,2023-08-31,30.0,Home,9.0,411.98,61.64
817,2023-09-03,39.0,Clothing,1.0,227.07,84.21
818,2023-05-11,39.0,Home,7.0,124.56,40.41
819,2023-02-09,42.0,,2.0,179.54,238.96
820,2023-08-13,34.0,Clothing,4.0,37.38,146.02
821,2023-01-08,50.0,Electronics,,134.17,249.14
822,2023-03-28,65.0,Electronics,2.0,139.31,141.34
823,2023-01-14,21.0,Sports,,47.56,211.53
824,2023-10-20,30.0,Beauty,8.0,474.44,260.81
825,2023-02-10,44.0,Sports,8.0,418.61,98.53
826,2023-11-12,69.0,Clothing,1.0,478.43,118.29
827,2023-01-14,56.0,Beauty,9.0,391.37,177.28
828,2023-03-25,58.0,Clothing,4.0,159.59,225.05
829,2023-11-22,,Home,5.0,55.51,219.21
830,2023-12-11,63.0,Clothing,6.0,23.9,89.88
831,2023-03-07,25.0,Electronics,4.0,189.57,68.98
832,2023-09-18,52.0,Sports,5.0,209.72,99.25
833,2023-06-13,53.0,Sports,4.0,144.8,
834,2023-10-30,44.0,Beauty,3.0,371.56,133.61
835,2023-01-10,,Sports,8.0,296.92,
836,2023-09-27,47.0,Home,7.0,379.89,197.06
837,2023-04-03,25.0,,4.0,13.08,267.37
838,2023-12-16,35.0,,6.0,466.69,75.68
839,2023-05-13,19.0,Beauty,2.0,260.04,
840,2023-06-20,59.0,Electronics,4.0,10.32,290.95
841,2023-11-09,27.0,Beauty,2.0,114.09,127.99
842,2023-10-11,,Electronics,8.0,159.3,173.88
843,,,Sports,9.0,223.8,43.56
844,2023-07-23,59.0,Clothing,2.0,366.14,53.57
845,2023-04-30,28.0,Sports,2.0,435.91,43.33
846,2023-06-05,39.0,Sports,5.0,361.74,17.83
847,2023-04-18,19.0,Electronics,6.0,455.36,46.93
848,2023-11-30,22.0,Electronics,4.0,184.11,106.86
849,2023-10-20,21.0,Beauty,5.0,138.1,56.01
850,2023-10-12,58.0,Home,9.0,455.24,268.96
851,2023-02-04,39.0,Home,9.0,343.13,13.22
852,2023-09-02,26.0,Clothing,5.0,109.7,123.93
853,2023-06-10,65.0,Home,6.0,394.75,92.31
854,2023-07-25,50.0,Electronics,3.0,19.34,287.22
855,2023-10-03,68.0,Clothing,,326.03,163.34
856,2023-08-04,46.0,Home,8.0,14.1,186.99
857,2023-05-06,26.0,Clothing,5.0,378.58,208.24
858,2023-11-02,64.0,Home,4.0,67.42,13.76
859,2023-02-08,,Sports,1.0,426.72,221.56
860,2023-06-27,63.0,Beauty,7.0,256.8,122.6
861,2023-10-21,42.0,Sports,9.0,249.4,
862,2023-05-06,18.0,Sports,3.0,70.17,120.65
863,2023-12-02,62.0,Sports,6.0,393.84,97.05
864,2023-01-08,24.0,Home,5.0,272.9,56.78
865,2023-05-09,57.0,Clothing,5.0,323.82,224.12
866,2023-06-06,63.0,Sports,8.0,77.07,284.97
867,2023-01-05,30.0,Clothing,6.0,244.53,137.09
868,2023-06-24,34.0,Home,4.0,269.9,80.51
869,2023-11-07,68.0,Electronics,7.0,437.04,273.34
870,2023-04-24,46.0,Clothing,8.0,116.61,43.23
871,2023-01-26,37.0,Home,4.0,484.82,222.2
872,2023-08-20,41.0,Home,7.0,395.63,125.05
873,2023-11-24,,Beauty,8.0,496.03,211.15
874,2023-10-16,32.0,,7.0,377.92,260.09
875,2023-10-14,49.0,,8.0,184.87,67.32
876,2023-02-22,54.0,Beauty,,226.12,7.2
877,2023-12-27,53.0,,7.0,471.08,112.74
878,2023-08-08,62.0,Clothing,5.0,329.32,263.27
879,2023-07-11,29.0,Home,1.0,58.87,213.26
880,,19.0,Electronics,2.0,113.7,17.56
881,2023-06-18,65.0,Clothing,2.0,493.44,145.53
882,2023-09-26,67.0,Clothing,,447.45,189.21
883,2023-03-18,41.0,Beauty,4.0,410.78,137.39
884,2023-11-20,,Home,1.0,418.79,55.43
885,2023-04-12,57.0,Home,6.0,260.2,252.87
886,2023-04-12,,Beauty,9.0,374.79,133.45
887,2023-03-23,50.0,Beauty,3.0,472.3,290.63
888,2023-10-06,68.0,Home,9.0,439.77,33.57
889,2023-11-27,64.0,Sports,2.0,,97.37
890,2023-11-06,51.0,Beauty,1.0,427.27,31.67
891,2023-08-01,35.0,Electronics,1.0,371.09,235.85
892,2023-03-17,60.0,Electronics,5.0,245.09,80.01
893,2023-05-23,,Sports,8.0,114.16,145.91
894,2023-11-12,63.0,Sports,1.0,214.8,195.16
895,2023-11-01,24.0,Clothing,3.0,,26.97
896,2023-10-18,41.0,Beauty,2.0,497.4,87.82
897,2023-09-24,22.0,Clothing,6.0,79.19,138.94
898,2023-04-20,39.0,Sports,1.0,460.71,183.47
899,2023-09-22,,Electronics,4.0,331.92,251.49
900,2023-10-09,32.0,Home,9.0,394.34,88.63
901,2023-04-27,59.0,Sports,4.0,426.28,
902,2023-06-02,18.0,Electronics,5.0,210.34,179.89
903,2023-10-31,48.0,Sports,4.0,388.62,203.5
904,2023-10-27,52.0,Clothing,5.0,58.88,287.81
905,2023-02-12,40.0,Electronics,9.0,,26.41
906,2023-11-22,36.0,Electronics,7.0,18.46,72.03
907,2023-12-30,32.0,Clothing,9.0,232.28,194.77
908,2023-01-21,18.0,Home,3.0,52.99,280.14
909,2023-12-02,,Clothing,2.0,311.32,258.32
910,2023-05-04,32.0,Sports,5.0,264.09,203.29
911,2023-10-19,32.0,Home,5.0,224.42,33.96
912,2023-09-28,62.0,Electronics,,284.11,162.18
913,2023-05-21,18.0,Beauty,7.0,55.54,66.32
914,2023-10-17,63.0,Sports,5.0,41.57,258.29
915,2023-02-21,68.0,Home,5.0,258.01,261.97
916,2023-06-06,44.0,Electronics,9.0,235.31,34.27
917,2023-10-18,24.0,Clothing,4.0,88.28,208.2
918,2023-04-16,68.0,Beauty,5.0,431.69,250.7
919,2023-05-26,43.0,Home,5.0,250.4,216.76
920,2023-03-18,,Beauty,9.0,379.24,246.31
921,2023-12-11,63.0,Home,1.0,,231.45
922,2023-09-20,30.0,Clothing,,404.22,105.09
923,2023-03-15,27.0,Beauty,6.0,275.36,163.54
924,2023-06-08,67.0,Home,4.0,258.9,254.01
925,2023-11-08,,Home,9.0,324.79,283.96
926,2023-10-25,54.0,Home,2.0,222.34,46.16
927,2023-03-25,,Sports,5.0,215.29,79.15
928,2023-09-20,33.0,Sports,6.0,71.12,195.2
929,2023-06-21,60.0,,2.0,155.18,181.64
930,,32.0,Clothing,6.0,344.61,111.76
931,2023-05-21,35.0,Home,5.0,449.7,47.52
932,2023-04-28,68.0,Clothing,5.0,408.73,273.08
933,2023-08-08,63.0,Clothing,9.0,133.85,41.28
934,2023-01-09,53.0,Home,7.0,79.85,56.09
935,2023-05-01,45.0,Clothing,6.0,21.27,218.14
936,2023-03-13,49.0,Home,6.0,359.02,153.36
937,2023-02-18,53.0,Clothing,2.0,215.78,36.44
938,2023-10-20,60.0,Sports,3.0,31.83,73.35
939,2023-06-01,40.0,Clothing,3.0,,125.41
940,2023-03-01,23.0,Sports,4.0,345.38,197.61
941,2023-12-11,62.0,Home,5.0,433.21,150.69
942,2023-06-13,45.0,Home,7.0,148.92,33.54
943,2023-08-30,37.0,Clothing,Unknown,291.25,95.42
944,2023-02-18,24.0,Home,8.0,208.97,208.96
945,2023-08-14,67.0,Clothing,5.0,216.22,56.44
946,2023-05-29,54.0,,6.0,173.92,93.01
947,2023-10-20,28.0,Clothing,8.0,171.57,31.17
948,2023-06-09,38.0,Clothing,3.0,441.7,51.63
949,2023-03-19,55.0,Clothing,1.0,474.25,280.37
950,2023-09-11,54.0,Beauty,,487.69,62.84
951,2023-11-16,,Electronics,6.0,329.87,203.51
952,2023-03-26,38.0,Home,5.0,15.44,294.03
953,2023-02-11,50.0,Home,4.0,115.88,140.35
954,2023-06-16,40.0,Beauty,3.0,469.52,16.6
955,2023-10-07,,Beauty,7.0,138.79,237.71
956,2023-01-19,52.0,Sports,5.0,316.07,100.01
957,2023-04-12,39.0,Home,9.0,306.29,236.18
958,2023-06-16,68.0,Sports,6.0,207.04,196.63
959,2023-02-05,55.0,Electronics,1.0,93.35,113.67
960,2023-12-19,,Clothing,2.0,417.77,111.47
961,2023-03-14,29.0,Beauty,2.0,377.91,61.18
962,2023-03-11,19.0,,8.0,97.02,110.41
963,2023-07-15,21.0,Beauty,5.0,394.55,158.01
964,2023-11-12,62.0,Sports,5.0,262.89,29.56
965,2023-01-05,40.0,Home,,378.27,235.32
966,2023-06-09,49.0,Beauty,2.0,238.55,217.75
967,2023-08-18,25.0,Home,4.0,112.11,80.96
968,2023-03-08,,Clothing,2.0,215.43,170.67
969,2023-02-27,51.0,Electronics,1.0,11.27,
970,2023-11-22,54.0,Clothing,9.0,380.69,106.4
971,2023-06-21,,Electronics,5.0,130.79,162.67
972,2023-07-28,61.0,Clothing,4.0,419.49,229.05
973,2023-10-13,57.0,Clothing,7.0,171.74,183.79
974,2023-05-30,66.0,,2.0,324.85,232.42
975,2023-02-05,52.0,Electronics,4.0,203.98,219.91
976,2023-10-14,,Home,4.0,495.87,41.66
977,2023-11-07,59.0,Electronics,5.0,328.15,154.18
978,2023-06-07,49.0,Beauty,5.0,15.19,73.57
979,2023-01-12,24.0,Home,3.0,388.45,126.49
980,2023-05-16,,Electronics,2.0,24.61,22.09
981,2023-05-24,34.0,Clothing,9.0,338.34,114.8
982,2023-10-06,40.0,Beauty,4.0,315.56,95.39
983,2023-04-14,19.0,,6.0,13.28,140.32
984,,35.0,Sports,4.0,448.43,289.32
985,2023-09-05,46.0,Home,5.0,,58.2
986,2023-05-01,35.0,Home,8.0,24.52,227.52
987,2023-03-25,65.0,Home,1.0,446.55,
988,2023-08-19,50.0,Sports,4.0,324.31,73.73
989,2023-09-29,59.0,Home,1.0,113.34,197.95
990,2023-08-14,68.0,Beauty,2.0,413.62,236.82
991,2023-10-19,37.0,Electronics,9.0,408.36,223.37
992,2023-04-24,42.0,Electronics,5.0,284.75,144.0
993,2023-12-27,,Home,8.0,205.34,270.43
994,2023-09-06,28.0,Beauty,6.0,338.05,10.68
995,2023-11-27,53.0,Sports,9.0,278.95,271.65
996,2023-07-09,57.0,Clothing,2.0,,168.27
997,2023-07-15,69.0,Home,2.0,88.53,285.42
998,2023-09-19,59.0,Beauty,8.0,451.84,34.8
999,2023-05-23,50.0,Beauty,6.0,95.69,157.4
1000,2023-04-11,,Home,4.0,101.92,71.83
1001,2023-01-12,54.0,Beauty,1.0,369.6,133.81
1002,2023-02-11,37.0,Sports,6.0,302.99,148.42
1003,2023-10-18,33.0,Sports,7.0,253.95,112.68
1004,2023-06-07,63.0,Home,3.0,346.42,225.1
1005,2023-03-08,38.0,Clothing,2.0,157.8,215.5
1006,2023-01-14,39.0,,4.0,479.94,288.94
1007,2023-06-12,,Electronics,8.0,294.56,74.1
1008,2023-05-10,46.0,Electronics,8.0,304.82,246.67
1009,2023-07-25,35.0,Home,1.0,18.54,16.92
1010,2023-09-13,69.0,Beauty,2.0,378.72,273.48
1011,2023-10-08,34.0,Clothing,4.0,413.88,21.1
1012,2023-10-16,24.0,Sports,2.0,103.25,109.48
1013,2023-09-27,61.0,Beauty,4.0,223.0,251.69
1014,2023-12-02,,Home,,401.57,182.36
1015,2023-01-25,65.0,Clothing,2.0,318.87,223.69
1016,2023-01-25,,Beauty,1.0,158.77,231.57
1017,2023-06-22,47.0,Beauty,5.0,67.12,
1018,2023-10-15,,Clothing,5.0,,224.68
1019,2023-04-02,23.0,Clothing,9.0,,42.2
1020,2023-11-30,56.0,Sports,6.0,434.82,55.54
1021,2023-11-12,19.0,Home,3.0,67.39,41.74
1022,2023-06-09,44.0,Sports,1.0,288.76,235.09
1023,2023-09-11,27.0,Sports,4.0,,158.38
1024,2023-05-31,27.0,Clothing,4.0,241.98,279.06
1025,2023-01-05,62.0,Clothing,5.0,310.48,218.0
1026,2023-09-23,63.0,Sports,2.0,474.39,10.91
1027,2023-09-24,49.0,Clothing,7.0,314.7,174.88
1028,2023-02-25,31.0,Clothing,2.0,172.64,40.01
1029,2023-03-24,43.0,Electronics,1.0,494.55,154.93
1030,2023-05-29,69.0,Sports,6.0,391.85,200.78
1031,2023-07-09,67.0,Sports,5.0,231.12,100.68
1032,2023-09-20,45.0,Clothing,Unknown,348.31,
1033,2023-09-09,30.0,Beauty,5.0,431.9,83.76
1034,2023-09-17,,Electronics,6.0,,221.71
1035,2023-09-30,42.0,Electronics,7.0,246.09,82.47
1036,2023-11-04,38.0,Beauty,,189.14,135.27
1037,2023-05-04,61.0,Sports,5.0,141.79,16.84
1038,2023-06-27,61.0,Clothing,4.0,257.59,110.45
1039,2023-04-26,33.0,Home,7.0,407.84,84.84
1040,2023-09-13,35.0,Home,8.0,148.14,11.39
1041,2023-01-07,65.0,,1.0,33.49,100.94
1042,2023-01-14,69.0,Sports,1.0,403.51,209.68
1043,2023-03-27,69.0,Clothing,9.0,42.6,201.78
1044,2023-07-02,30.0,Clothing,4.0,205.15,233.54
1045,2023-08-07,,Clothing,9.0,192.33,164.71
1046,2023-08-18,53.0,Clothing,2.0,230.04,44.2
1047,2023-05-18,56.0,Beauty,1.0,307.68,123.15
1048,2023-03-06,57.0,Electronics,1.0,100.88,46.36
1049,2023-08-30,48.0,Home,7.0,285.49,191.81
1050,2023-06-30,35.0,Home,2.0,334.06,256.88
1051,2023-06-22,59.0,Sports,4.0,320.93,117.02
1052,,55.0,Home,3.0,71.47,241.46
1053,2023-07-07,,Sports,5.0,242.13,112.01
1054,2023-11-04,,Beauty,4.0,464.97,200.98
1055,2023-04-27,31.0,Beauty,2.0,341.79,208.39
1056,2023-07-15,34.0,,5.0,112.54,203.25
1057,2023-04-22,54.0,Clothing,2.0,329.63,271.86
1058,2023-08-20,21.0,Beauty,,41.45,170.29
1059,2023-08-09,28.0,Home,5.0,389.14,49.4
1060,2023-02-11,36.0,Clothing,Unknown,210.3,254.15
1061,2023-04-23,25.0,Beauty,3.0,463.65,116.01
1062,2023-01-17,54.0,Home,,41.35,38.57
1063,2023-05-09,26.0,Beauty,8.0,23.98,238.27
1064,2023-02-17,44.0,Beauty,6.0,44.77,40.56
1065,2023-01-10,42.0,Home,8.0,250.06,
1066,2023-08-20,65.0,Home,5.0,53.13,209.19
1067,2023-07-22,61.0,Electronics,9.0,357.16,203.02
1068,2023-09-21,56.0,Home,1.0,442.38,37.25
1069,2023-07-19,35.0,Clothing,4.0,264.53,58.07
1070,2023-12-09,69.0,Beauty,4.0,202.71,265.01
1071,2023-03-10,32.0,Electronics,4.0,66.71,292.92
1072,2023-03-28,53.0,Sports,2.0,161.33,288.46
1073,2023-11-29,65.0,Electronics,6.0,151.31,145.82
1074,,32.0,Clothing,2.0,196.34,168.19
1075,2023-04-19,40.0,Clothing,4.0,221.64,52.49
1076,2023-06-01,65.0,Home,,132.58,73.18
1077,,46.0,Clothing,6.0,64.22,287.18
1078,2023-08-20,35.0,Home,3.0,229.67,220.5
1079,2023-08-16,26.0,Electronics,5.0,206.11,223.73
1080,2023-07-30,34.0,,9.0,95.56,39.79
1081,2023-01-28,28.0,Beauty,6.0,,205.26
1082,2023-09-18,68.0,Electronics,5.0,242.2,162.18
1083,2023-12-18,53.0,Beauty,2.0,163.64,214.62
1084,2023-05-18,58.0,Home,6.0,,60.92
1085,,50.0,Home,8.0,471.68,212.84
1086,2023-08-08,27.0,Sports,7.0,309.45,97.11
1087,2023-05-16,24.0,Home,2.0,287.34,142.82
1088,2023-11-25,44.0,Home,7.0,370.81,188.21
1089,2023-02-18,28.0,Home,9.0,54.12,140.67
1090,2023-11-20,30.0,Home,4.0,335.02,186.14
1091,2023-06-18,25.0,,7.0,389.4,173.03
1092,2023-04-29,60.0,Home,5.0,287.58,203.63
1093,,39.0,,8.0,428.8,25.29
1094,2023-05-29,37.0,Electronics,4.0,180.87,254.75
1095,2023-12-13,39.0,Beauty,6.0,231.35,63.14
1096,2023-09-26,38.0,Home,5.0,338.46,69.97
1097,2023-12-17,55.0,Home,1.0,55.74,130.01
1098,2023-10-15,36.0,Clothing,9.0,420.95,245.98
1099,2023-01-11,36.0,Sports,7.0,494.13,98.92
1100,,48.0,Clothing,5.0,11.02,266.43
1101,2023-07-02,39.0,,8.0,478.54,35.62
1102,2023-11-11,27.0,Electronics,2.0,388.24,188.4
1103,2023-04-24,52.0,Beauty,1.0,78.14,97.46
1104,2023-08-01,51.0,Clothing,6.0,78.81,17.51
1105,2023-06-23,64.0,Clothing,9.0,228.46,61.4
1106,,21.0,Beauty,6.0,,147.94
1107,2023-05-02,23.0,Electronics,5.0,152.34,66.88
1108,2023-04-29,47.0,Home,7.0,371.27,98.1
1109,2023-09-25,,Beauty,2.0,327.79,225.47
1110,2023-01-18,52.0,Beauty,9.0,,80.26
1111,2023-05-29,32.0,Home,8.0,272.16,186.37
1112,2023-10-29,55.0,Beauty,2.0,458.04,46.41
1113,2023-05-15,46.0,Home,2.0,68.78,77.67
1114,2023-08-12,43.0,Clothing,7.0,224.34,114.64
1115,2023-03-27,45.0,Electronics,8.0,428.67,100.66
1116,2023-12-11,65.0,Sports,9.0,157.71,57.1
1117,2023-10-12,58.0,Home,3.0,316.18,281.55
1118,2023-09-15,60.0,Home,7.0,125.07,59.08
1119,2023-10-10,,Electronics,1.0,461.04,226.95
1120,2023-03-29,23.0,Sports,1.0,,92.97
1121,2023-10-05,61.0,Beauty,,179.69,27.08
1122,2023-07-08,51.0,Sports,2.0,422.51,147.79
1123,2023-01-03,21.0,Electronics,5.0,130.89,
1124,2023-01-19,29.0,Sports,7.0,82.69,148.46
1125,2023-01-30,19.0,,1.0,369.02,192.31
1126,2023-10-08,19.0,Sports,3.0,415.74,94.42
1127,2023-04-21,40.0,Beauty,5.0,229.31,93.42
1128,2023-07-05,64.0,Electronics,7.0,343.03,16.63
1129,,54.0,Home,7.0,349.13,219.34
1130,2023-09-18,60.0,Sports,5.0,352.41,216.53
1131,2023-04-14,66.0,Sports,4.0,428.33,160.53
1132,2023-11-16,,Home,,126.28,
1133,2023-01-10,24.0,Electronics,7.0,147.72,155.49
1134,2023-10-29,31.0,Clothing,8.0,93.32,61.78
1135,2023-03-07,61.0,Sports,2.0,,27.72
1136,2023-01-13,46.0,Beauty,6.0,180.24,238.27
1137,2023-03-27,26.0,Electronics,8.0,232.53,265.64
1138,2023-11-10,47.0,Beauty,8.0,480.85,252.16
1139,,27.0,Home,9.0,471.78,198.48
1140,2023-01-14,64.0,,1.0,379.92,163.97
1141,2023-01-20,30.0,Beauty,5.0,35.59,6.18
1142,2023-08-31,,Electronics,7.0,451.55,
1143,2023-03-11,47.0,Clothing,4.0,345.74,284.18
1144,2023-04-11,42.0,,3.0,45.06,165.57
1145,2023-04-21,41.0,Electronics,5.0,138.62,145.88
1146,2023-01-20,53.0,Home,1.0,199.26,219.0
1147,2023-08-15,,Clothing,9.0,228.39,96.07
1148,2023-08-18,53.0,Beauty,1.0,359.66,155.82
1149,2023-12-25,54.0,Electronics,5.0,416.14,162.29
1150,,60.0,Clothing,2.0,391.98,25.44
1151,2023-09-17,39.0,Sports,7.0,315.37,42.27
1152,2023-01-20,,Electronics,Unknown,,293.86
1153,2023-03-12,63.0,Electronics,1.0,39.92,108.76
1154,2023-01-14,23.0,Electronics,6.0,310.9,93.24
1155,2023-08-17,66.0,Beauty,5.0,239.46,22.96
1156,2023-02-24,,Electronics,7.0,98.2,
1157,2023-09-11,28.0,Clothing,6.0,11.75,161.38
1158,2023-06-07,44.0,Beauty,3.0,105.36,33.06
1159,2023-06-08,49.0,Clothing,4.0,269.82,277.72
1160,,50.0,,7.0,464.07,162.7
1161,2023-11-15,69.0,Beauty,8.0,123.57,51.03
1162,2023-06-01,44.0,Home,4.0,448.16,187.12
1163,2023-01-30,64.0,,9.0,221.26,250.23
1164,2023-04-27,65.0,Sports,6.0,465.34,108.3
1165,2023-07-11,32.0,Electronics,2.0,377.76,
1166,2023-06-22,24.0,Home,5.0,238.1,
1167,2023-07-02,30.0,Clothing,9.0,294.76,25.44
1168,2023-05-26,28.0,Electronics,5.0,40.28,294.21
1169,2023-04-23,50.0,Sports,4.0,11.5,138.41
1170,2023-09-08,25.0,Sports,3.0,325.98,57.34
1171,2023-11-09,51.0,Home,1.0,188.1,91.95
1172,2023-10-28,58.0,Home,7.0,78.75,270.83
1173,2023-07-17,24.0,Clothing,9.0,275.29,130.09
1174,2023-08-28,62.0,Sports,3.0,197.53,65.87
1175,2023-07-17,31.0,Home,3.0,276.49,214.97
1176,2023-05-04,,Clothing,7.0,335.01,174.4
1177,2023-05-17,66.0,,9.0,424.6,77.8
1178,2023-11-21,44.0,Electronics,3.0,461.58,244.09
1179,2023-03-02,44.0,Electronics,4.0,477.82,261.99
1180,2023-09-16,59.0,Home,9.0,93.78,117.42
1181,,59.0,Sports,1.0,51.42,278.78
1182,,49.0,,7.0,332.96,88.02
1183,2023-07-17,27.0,Clothing,8.0,310.54,16.38
1184,2023-12-31,20.0,Beauty,4.0,,
1185,2023-02-04,,Clothing,8.0,349.07,147.09
1186,2023-03-10,34.0,Clothing,6.0,186.12,74.05
1187,2023-02-18,38.0,Home,4.0,161.09,10.0
1188,2023-07-11,62.0,Home,8.0,318.77,113.25
1189,2023-03-11,34.0,Home,4.0,449.55,155.67
1190,2023-05-06,,Beauty,5.0,98.87,244.83
1191,2023-05-09,65.0,Electronics,8.0,237.93,75.77
1192,2023-04-10,24.0,Electronics,5.0,436.01,175.86
1193,2023-07-01,55.0,,6.0,11.7,98.68
1194,2023-12-30,57.0,Electronics,6.0,121.82,169.14
1195,2023-01-31,33.0,Clothing,7.0,279.87,116.6
1196,2023-02-05,48.0,Sports,4.0,81.91,119.28
1197,,,,9.0,410.9,193.81
1198,2023-04-16,47.0,Home,2.0,228.71,260.7
1199,2023-08-08,38.0,Sports,6.0,255.06,207.86
1200,2023-08-08,51.0,Home,4.0,36.52,196.2
1201,2023-12-02,44.0,Home,4.0,138.41,225.67
1202,2023-04-16,22.0,Electronics,6.0,25.82,95.71
1203,2023-03-11,,Clothing,4.0,39.46,191.79
1204,2023-10-28,,Beauty,1.0,286.77,99.26
1205,2023-04-17,,Electronics,9.0,365.4,251.13
1206,2023-09-07,50.0,Home,1.0,405.16,88.72
1207,2023-01-21,32.0,Electronics,8.0,191.23,154.43
1208,2023-01-07,61.0,Electronics,7.0,388.3,201.95
1209,2023-06-09,46.0,Electronics,,190.13,156.59
1210,2023-05-28,,Home,1.0,160.73,28.58
1211,2023-07-18,,Sports,6.0,494.92,282.21
1212,2023-06-03,26.0,Electronics,8.0,336.1,
1213,2023-05-22,19.0,,3.0,238.66,24.13
1214,2023-11-10,44.0,,6.0,383.98,19.53
1215,2023-03-10,61.0,Beauty,2.0,180.27,187.68
1216,2023-08-06,54.0,Sports,9.0,437.39,180.34
1217,2023-11-01,20.0,Beauty,6.0,,33.72
1218,2023-12-11,53.0,Electronics,7.0,240.69,85.02
1219,2023-06-10,68.0,Electronics,8.0,432.13,165.52
1220,2023-07-15,61.0,Electronics,3.0,392.98,73.06
1221,2023-11-23,58.0,Electronics,7.0,31.16,31.98
1222,2023-10-16,66.0,Sports,1.0,320.93,10.26
1223,2023-03-02,55.0,Sports,,70.32,293.03
1224,2023-01-28,31.0,Home,4.0,38.83,7.1
1225,2023-06-18,63.0,Sports,9.0,474.74,274.62
1226,2023-06-26,18.0,Beauty,5.0,310.61,282.17
1227,2023-07-17,,Beauty,2.0,117.07,195.36
1228,2023-11-26,59.0,Sports,1.0,379.49,292.21
1229,2023-01-02,67.0,Beauty,1.0,,22.42
1230,2023-02-26,53.0,Clothing,2.0,,186.46
1231,2023-04-08,26.0,Clothing,2.0,408.89,87.5
1232,2023-05-05,24.0,Beauty,2.0,254.77,
1233,2023-03-17,41.0,Beauty,2.0,60.09,130.48
1234,2023-10-21,63.0,Clothing,4.0,197.44,17.49
1235,2023-05-18,19.0,Sports,7.0,233.54,196.12
1236,2023-08-31,63.0,Beauty,7.0,104.72,162.18
1237,2023-02-01,30.0,Sports,1.0,194.66,10.56
1238,2023-01-20,18.0,Sports,4.0,302.88,202.61
1239,2023-03-09,47.0,Sports,2.0,252.89,82.92
1240,2023-08-02,25.0,Electronics,6.0,79.84,10.09
1241,,27.0,Electronics,1.0,169.09,264.02
1242,2023-03-20,21.0,Beauty,5.0,27.5,211.87
1243,2023-04-02,46.0,Clothing,1.0,459.96,267.18
1244,2023-06-17,,Sports,8.0,84.43,51.27
1245,2023-01-26,,Sports,1.0,33.44,144.61
1246,2023-03-07,21.0,Clothing,7.0,429.13,145.03
1247,2023-09-11,60.0,Home,8.0,132.02,252.81
1248,2023-02-13,26.0,Clothing,4.0,287.95,111.24
1249,2023-08-15,34.0,Beauty,9.0,83.86,130.87
1250,2023-10-06,35.0,Home,4.0,45.4,54.83
1251,2023-06-27,69.0,Sports,3.0,173.76,141.06
1252,2023-07-16,43.0,Home,3.0,397.77,290.75
1253,2023-09-25,34.0,Home,9.0,382.84,107.59
1254,2023-10-24,59.0,Sports,7.0,269.2,35.42
1255,2023-03-26,52.0,Beauty,9.0,230.45,
1256,2023-02-16,30.0,Clothing,8.0,371.08,232.12
1257,2023-08-26,32.0,Sports,8.0,165.04,28.69
1258,2023-02-11,45.0,Clothing,7.0,439.28,295.96
1259,2023-09-25,24.0,Home,2.0,,292.7
1260,2023-12-02,22.0,Clothing,6.0,183.74,79.3
1261,2023-09-16,33.0,Sports,1.0,,243.63
1262,2023-12-29,25.0,Beauty,1.0,,244.8
1263,2023-08-08,57.0,Home,6.0,166.86,154.02
1264,2023-01-08,53.0,Clothing,9.0,232.67,227.3
1265,2023-06-25,24.0,Electronics,5.0,408.4,
1266,2023-09-17,60.0,Sports,4.0,214.81,165.52
1267,2023-09-03,19.0,Home,6.0,160.28,133.36
1268,2023-05-17,18.0,Sports,9.0,265.0,143.19
1269,2023-10-29,,Home,5.0,69.49,191.2
1270,2023-05-09,61.0,Home,9.0,115.44,210.77
1271,2023-01-21,26.0,Beauty,7.0,331.13,250.78
1272,2023-06-11,,Clothing,8.0,287.21,26.51
1273,2023-04-12,24.0,Home,1.0,467.87,6.12
1274,2023-02-28,57.0,Beauty,5.0,395.59,292.64
1275,2023-10-10,68.0,Clothing,3.0,238.95,148.44
1276,2023-05-11,49.0,Beauty,6.0,478.97,223.85
1277,2023-10-08,18.0,Clothing,8.0,425.33,266.25
1278,2023-06-03,30.0,Electronics,5.0,459.56,203.65
1279,2023-05-13,62.0,Home,3.0,259.74,45.78
1280,2023-09-22,40.0,Beauty,4.0,445.85,165.21
1281,2023-05-14,60.0,Clothing,5.0,22.27,261.44
1282,2023-12-30,,Home,,412.61,31.48
1283,2023-08-01,22.0,Sports,2.0,468.08,190.8
1284,2023-05-11,,Electronics,6.0,269.54,47.9
1285,2023-10-13,56.0,Home,1.0,36.99,98.1
1286,2023-10-04,28.0,Sports,2.0,140.32,213.65
1287,2023-08-06,20.0,Home,4.0,401.39,152.13
1288,2023-06-12,69.0,Beauty,6.0,17.64,247.93
1289,2023-02-10,52.0,Beauty,9.0,279.01,248.26
1290,2023-12-04,54.0,Beauty,9.0,320.56,53.02
1291,2023-10-06,62.0,Sports,Unknown,82.26,271.59
1292,2023-05-30,25.0,Clothing,9.0,150.48,17.03
1293,2023-04-18,35.0,Beauty,1.0,471.34,117.89
1294,2023-09-28,65.0,Clothing,9.0,459.51,90.72
1295,2023-10-16,38.0,Sports,8.0,178.02,287.85
1296,2023-09-29,54.0,Home,6.0,,242.04
1297,2023-09-05,31.0,Home,3.0,178.91,197.84
1298,2023-07-20,47.0,Beauty,1.0,63.2,140.57
1299,2023-01-01,53.0,Sports,4.0,126.36,249.23
1300,2023-12-09,29.0,,9.0,394.07,272.04
1301,2023-03-08,41.0,Sports,2.0,281.13,72.26
1302,2023-10-30,,Clothing,1.0,454.94,264.68
1303,2023-07-10,24.0,Clothing,9.0,193.39,234.06
1304,2023-11-09,19.0,Clothing,6.0,445.06,51.57
1305,2023-10-29,48.0,,4.0,401.24,17.74
1306,2023-02-08,47.0,Clothing,2.0,283.5,120.24
1307,2023-09-09,24.0,,3.0,127.91,208.17
1308,2023-07-29,,Clothing,1.0,366.82,87.15
1309,2023-05-14,44.0,Electronics,7.0,185.74,220.95
1310,2023-04-01,21.0,Sports,8.0,,77.88
1311,2023-02-15,52.0,Sports,8.0,224.17,135.35
1312,2023-04-10,,Clothing,5.0,341.91,231.13
1313,2023-07-09,52.0,Home,2.0,170.21,295.66
1314,2023-01-30,69.0,Home,8.0,328.13,15.82
1315,2023-03-25,38.0,Beauty,5.0,96.66,11.86
1316,,28.0,,3.0,395.58,56.57
1317,2023-09-27,44.0,Sports,6.0,353.87,285.26
1318,2023-08-03,49.0,,6.0,201.89,30.76
1319,2023-03-24,,Electronics,3.0,,109.51
1320,2023-10-02,33.0,Home,2.0,162.83,94.15
1321,2023-06-22,26.0,Sports,6.0,151.86,174.24
1322,2023-03-04,68.0,Clothing,2.0,20.33,
1323,2023-05-04,27.0,Clothing,3.0,429.31,106.56
1324,2023-10-02,25.0,Sports,8.0,468.41,41.82
1325,2023-04-30,36.0,Home,2.0,,176.63
1326,2023-11-13,25.0,Clothing,Unknown,,51.6
1327,2023-10-13,40.0,Beauty,9.0,243.36,158.25
1328,,35.0,Sports,2.0,395.43,181.81
1329,2023-11-04,43.0,Electronics,5.0,244.48,276.46
1330,2023-07-22,20.0,Home,,403.82,237.27
1331,2023-11-30,,Sports,9.0,340.57,207.18
1332,2023-07-15,57.0,Electronics,7.0,429.48,255.1
1333,2023-09-21,30.0,Electronics,3.0,141.46,280.45
1334,2023-05-05,55.0,Home,1.0,463.04,98.33
1335,2023-04-30,,Electronics,2.0,291.14,280.34
1336,2023-07-02,64.0,Home,8.0,206.97,263.11
1337,2023-03-03,66.0,Beauty,9.0,73.49,225.8
1338,2023-06-07,43.0,Sports,,23.03,119.46
1339,2023-09-24,65.0,Clothing,7.0,120.43,154.44
1340,2023-02-19,51.0,Beauty,6.0,267.46,
1341,2023-05-29,51.0,Clothing,4.0,432.54,110.71
1342,2023-10-03,59.0,Beauty,2.0,268.96,115.95
1343,2023-06-21,46.0,Beauty,4.0,367.11,235.89
1344,2023-07-20,21.0,Electronics,9.0,66.56,233.56
1345,2023-11-20,37.0,Electronics,9.0,15.42,99.5
1346,2023-08-04,37.0,Sports,7.0,454.5,62.82
1347,2023-01-08,43.0,Beauty,4.0,257.17,74.63
1348,2023-11-28,35.0,Sports,1.0,453.21,213.49
1349,2023-06-23,29.0,,8.0,85.06,241.16
1350,2023-12-27,41.0,Electronics,6.0,377.14,45.44
1351,2023-11-04,55.0,,2.0,145.72,232.79
1352,2023-08-20,25.0,Home,6.0,,210.78
1353,2023-02-07,,Sports,3.0,391.06,131.25
1354,2023-06-06,41.0,Beauty,2.0,73.41,54.53
1355,2023-11-07,55.0,Beauty,1.0,203.72,165.62
1356,2023-01-28,31.0,Electronics,4.0,453.11,130.43
1357,2023-03-17,51.0,Clothing,4.0,460.55,200.88
1358,2023-12-08,63.0,Beauty,,379.85,141.32
1359,2023-06-11,44.0,Clothing,,,232.73
1360,2023-12-27,30.0,Electronics,6.0,140.99,244.23
1361,2023-03-28,58.0,Home,6.0,87.61,10.93
1362,2023-08-02,19.0,Clothing,9.0,96.42,119.64
1363,2023-03-02,28.0,Home,4.0,34.11,161.85
1364,2023-08-06,48.0,Beauty,5.0,92.08,222.73
1365,2023-12-28,25.0,Electronics,1.0,93.09,122.28
1366,2023-04-03,65.0,Electronics,5.0,259.01,6.84
1367,2023-12-21,18.0,Beauty,9.0,230.67,219.74
1368,2023-10-18,46.0,Beauty,6.0,145.49,132.29
1369,2023-12-06,32.0,Electronics,3.0,90.08,82.11
1370,2023-05-21,68.0,Clothing,4.0,23.94,196.63
1371,2023-02-18,,Sports,4.0,216.42,252.98
1372,,,Sports,4.0,226.06,
1373,2023-02-12,41.0,Sports,,432.23,279.12
1374,2023-12-19,22.0,Beauty,6.0,129.63,19.21
1375,2023-12-07,29.0,Electronics,1.0,121.75,217.81
1376,2023-07-11,58.0,Home,9.0,275.0,87.09
1377,2023-12-29,18.0,Beauty,2.0,20.12,192.57
1378,,28.0,Home,3.0,429.61,240.85
1379,2023-12-10,45.0,Home,6.0,127.98,30.02
1380,2023-02-10,22.0,Beauty,7.0,331.53,121.06
1381,2023-10-04,33.0,Sports,1.0,229.81,141.08
1382,2023-07-02,45.0,Electronics,6.0,314.38,86.78
1383,2023-07-11,26.0,Clothing,6.0,84.01,34.35
1384,2023-05-27,60.0,Beauty,9.0,145.42,30.97
1385,2023-05-07,42.0,Home,9.0,304.07,6.28
1386,2023-01-01,48.0,Sports,9.0,130.78,
1387,2023-01-19,51.0,Clothing,,287.36,63.74
1388,2023-04-19,19.0,Clothing,9.0,35.54,114.26
1389,2023-08-28,41.0,Sports,9.0,182.7,257.84
1390,2023-03-31,40.0,Home,4.0,261.59,157.46
1391,2023-09-07,66.0,Home,4.0,377.86,84.34
1392,2023-06-02,69.0,Home,7.0,92.75,18.92
1393,2023-12-09,57.0,Beauty,7.0,88.44,200.15
1394,2023-08-03,28.0,Electronics,9.0,364.04,
1395,,64.0,Electronics,5.0,57.11,
1396,2023-05-26,24.0,Sports,2.0,245.91,79.1
1397,2023-06-10,39.0,Sports,6.0,157.6,228.0
1398,2023-03-23,52.0,Sports,8.0,263.14,
1399,2023-08-27,25.0,Sports,5.0,194.91,283.25
1400,2023-03-25,29.0,Electronics,4.0,176.03,63.1
1401,2023-11-28,46.0,Sports,4.0,402.61,138.02
1402,2023-05-23,,Clothing,8.0,253.19,71.9
1403,2023-09-15,69.0,Electronics,1.0,251.44,100.26
1404,2023-04-15,23.0,Clothing,9.0,406.56,90.49
1405,2023-11-03,29.0,Electronics,3.0,116.9,26.57
1406,2023-09-23,31.0,Clothing,,483.01,140.88
1407,2023-02-20,23.0,Sports,3.0,310.73,131.74
1408,2023-02-08,54.0,Electronics,7.0,,246.97
1409,2023-03-25,55.0,Sports,3.0,296.07,252.06
1410,2023-04-27,23.0,Beauty,7.0,271.96,166.77
1411,2023-06-15,33.0,Electronics,7.0,398.52,55.72
1412,2023-12-16,47.0,Beauty,9.0,333.21,17.82
1413,2023-03-22,50.0,Electronics,7.0,67.62,123.51
1414,2023-09-25,33.0,Electronics,1.0,215.64,176.98
1415,2023-11-17,65.0,Clothing,4.0,116.34,273.18
1416,2023-12-23,39.0,Beauty,7.0,363.27,87.49
1417,2023-02-18,52.0,Sports,7.0,229.19,69.03
1418,2023-10-06,44.0,Beauty,8.0,134.43,227.27
1419,2023-10-21,21.0,Sports,1.0,,48.16
1420,2023-04-17,22.0,Home,4.0,55.77,28.85
1421,2023-04-09,31.0,Beauty,4.0,489.32,18.52
1422,2023-03-14,29.0,Home,3.0,304.83,285.27
1423,2023-05-02,,Beauty,2.0,312.42,26.52
1424,2023-12-30,47.0,Beauty,6.0,97.41,208.58
1425,2023-07-14,36.0,Home,6.0,268.77,37.25
1426,2023-12-01,24.0,Clothing,4.0,328.42,168.52
1427,2023-01-23,22.0,Sports,6.0,55.42,140.05
1428,2023-02-17,31.0,Sports,4.0,491.6,81.8
1429,,69.0,Sports,6.0,373.62,74.19
1430,2023-04-28,22.0,Electronics,4.0,201.72,26.95
1431,2023-06-16,60.0,Beauty,,205.85,186.92
1432,2023-06-05,53.0,Sports,7.0,332.54,43.38
1433,2023-07-15,,Electronics,6.0,496.46,12.31
1434,,62.0,Beauty,9.0,70.2,283.75
1435,2023-02-16,24.0,Sports,8.0,429.42,279.34
1436,2023-06-06,67.0,Electronics,8.0,309.56,114.39
1437,2023-05-06,23.0,,7.0,137.38,217.48
1438,2023-10-21,64.0,Sports,5.0,57.46,99.09
1439,2023-06-25,59.0,Sports,9.0,61.1,237.89
1440,2023-07-23,49.0,Clothing,7.0,432.73,9.81
1441,2023-01-31,41.0,Sports,1.0,295.03,52.59
1442,2023-12-31,60.0,Sports,4.0,59.13,13.69
1443,2023-12-10,42.0,Clothing,2.0,66.66,139.5
1444,2023-03-16,39.0,Home,4.0,237.1,31.01
1445,2023-06-03,65.0,Beauty,7.0,416.63,289.6
1446,,34.0,Clothing,,280.43,71.57
1447,,26.0,Home,5.0,221.51,149.42
1448,2023-08-22,30.0,Home,8.0,,239.42
1449,2023-09-19,49.0,Beauty,4.0,16.22,60.3
1450,2023-09-02,48.0,Clothing,6.0,140.53,152.88
1451,2023-05-02,51.0,Beauty,1.0,214.35,166.13
1452,2023-06-19,54.0,Home,9.0,162.08,
1453,2023-02-04,68.0,Sports,9.0,18.98,
1454,2023-07-15,21.0,Beauty,4.0,444.35,100.49
1455,2023-07-20,19.0,Home,6.0,123.01,101.07
1456,2023-03-18,,Home,8.0,,167.12
1457,2023-05-06,63.0,Beauty,,227.92,103.32
1458,2023-04-19,69.0,Beauty,2.0,239.37,187.26
1459,2023-10-05,52.0,Sports,9.0,476.36,74.54
1460,2023-06-14,38.0,Home,5.0,323.95,196.0
1461,2023-06-11,38.0,Home,7.0,20.49,167.48
1462,2023-11-05,27.0,Electronics,4.0,429.11,11.68
1463,2023-02-11,48.0,Electronics,7.0,450.62,216.58
1464,2023-04-19,43.0,,4.0,329.99,280.02
1465,2023-12-07,56.0,Sports,1.0,291.94,227.48
1466,2023-01-21,56.0,Electronics,7.0,136.74,201.11
1467,2023-12-25,40.0,Clothing,5.0,318.31,48.43
1468,2023-04-02,42.0,Beauty,5.0,142.05,141.6
1469,2023-05-05,19.0,Home,3.0,126.97,25.16
1470,2023-04-21,64.0,Sports,7.0,37.88,50.05
1471,2023-09-30,59.0,Electronics,4.0,58.37,113.06
1472,2023-12-04,26.0,Electronics,5.0,431.74,40.98
1473,2023-09-06,32.0,Clothing,4.0,385.98,141.46
1474,2023-10-02,68.0,Clothing,9.0,293.57,124.19
1475,2023-12-07,69.0,Clothing,1.0,342.39,239.77
1476,2023-01-05,33.0,Sports,5.0,118.29,261.44
1477,2023-06-13,,Home,9.0,64.78,126.8
1478,2023-03-05,56.0,Electronics,1.0,101.63,83.09
1479,2023-12-20,50.0,Electronics,8.0,202.33,43.53
1480,2023-06-22,42.0,Clothing,3.0,130.52,208.52
1481,2023-09-03,35.0,Electronics,7.0,78.76,92.01
1482,2023-01-05,20.0,Beauty,2.0,44.35,182.63
1483,2023-01-20,22.0,Clothing,8.0,230.06,41.71
1484,2023-01-12,44.0,Home,5.0,198.56,278.64
1485,2023-05-27,38.0,Home,9.0,119.92,42.39
1486,2023-04-18,42.0,Clothing,7.0,25.12,175.06
1487,2023-12-18,34.0,Home,1.0,315.8,49.44
1488,2023-07-02,58.0,Beauty,3.0,139.98,25.97
1489,2023-04-12,19.0,Home,3.0,240.2,202.08
1490,2023-08-04,48.0,Sports,7.0,172.98,22.3
1491,2023-07-22,53.0,Home,4.0,371.32,224.6
1492,2023-08-30,41.0,Sports,7.0,125.92,127.57
1493,2023-08-07,67.0,Home,3.0,200.13,152.34
1494,2023-06-24,54.0,Home,8.0,27.44,276.52
1495,2023-09-17,36.0,Electronics,2.0,213.21,247.68
1496,2023-06-12,67.0,Clothing,8.0,291.64,250.81
1497,2023-11-25,54.0,Sports,3.0,165.7,166.95
1498,2023-12-03,25.0,Beauty,,443.99,65.15
1499,2023-08-13,50.0,Sports,9.0,357.14,267.97
1500,2023-05-27,55.0,Clothing,2.0,399.07,87.21
1501,2023-11-19,28.0,Sports,1.0,214.1,12.85
1502,2023-01-13,47.0,,Unknown,161.21,160.99
1503,2023-07-08,30.0,Clothing,3.0,228.37,62.23
1504,2023-07-27,20.0,Home,9.0,399.49,37.29
1505,2023-01-22,69.0,Clothing,1.0,496.17,9.46
1506,2023-06-20,28.0,Electronics,7.0,246.52,56.66
1507,2023-10-25,36.0,Beauty,6.0,46.89,106.57
1508,2023-10-04,,Sports,3.0,186.4,201.0
1509,2023-07-13,24.0,Home,4.0,19.64,214.53
1510,2023-02-04,20.0,Home,9.0,214.15,223.68
1511,2023-02-26,62.0,Clothing,9.0,99.57,194.91
1512,2023-06-12,45.0,Sports,7.0,205.21,107.82
1513,2023-09-21,32.0,Home,4.0,126.35,78.17
1514,2023-11-23,,Home,1.0,321.52,50.81
1515,,63.0,Electronics,4.0,327.0,222.01
1516,,46.0,Beauty,4.0,226.69,114.02
1517,2023-02-06,67.0,Beauty,4.0,221.11,29.98
1518,2023-02-06,44.0,Beauty,1.0,138.33,
1519,,36.0,Beauty,6.0,80.95,167.27
1520,2023-07-07,58.0,Home,8.0,15.67,87.47
1521,2023-05-07,,Clothing,2.0,263.16,131.84
1522,2023-02-04,29.0,,9.0,290.99,228.92
1523,2023-04-14,69.0,Electronics,3.0,182.57,284.09
1524,2023-10-17,45.0,Sports,3.0,98.38,97.32
1525,2023-09-17,30.0,Sports,5.0,245.51,216.65
1526,2023-12-24,68.0,Sports,,55.0,25.93
1527,2023-03-13,67.0,Electronics,6.0,265.16,192.24
1528,2023-07-07,28.0,Beauty,7.0,126.49,118.94
1529,2023-10-17,65.0,Electronics,1.0,347.81,217.43
1530,,56.0,Sports,1.0,241.35,244.69
1531,2023-12-24,,Beauty,6.0,348.05,45.99
1532,2023-05-25,23.0,Beauty,,186.43,152.63
1533,2023-08-22,32.0,Home,5.0,97.92,149.12
1534,2023-12-24,19.0,Home,2.0,318.78,41.99
1535,2023-01-13,55.0,Beauty,1.0,168.64,11.59
1536,2023-10-17,28.0,Beauty,1.0,377.78,62.97
1537,2023-08-03,20.0,Electronics,5.0,447.78,159.55
1538,2023-02-24,32.0,Sports,7.0,379.53,90.2
1539,2023-08-09,67.0,Beauty,6.0,410.18,213.2
1540,2023-10-22,47.0,Sports,1.0,246.23,278.95
1541,2023-08-21,48.0,Beauty,4.0,417.57,296.19
1542,2023-09-26,35.0,Home,6.0,412.88,179.99
1543,2023-02-22,30.0,,8.0,210.62,190.06
1544,2023-10-08,53.0,Sports,Unknown,25.14,79.83
1545,2023-12-03,31.0,Home,8.0,160.41,
1546,2023-02-01,56.0,Home,1.0,58.73,94.81
1547,2023-01-10,45.0,Sports,1.0,361.15,218.82
1548,2023-02-23,18.0,Beauty,Unknown,83.47,197.03
1549,2023-06-09,67.0,Beauty,2.0,,276.37
1550,2023-06-27,53.0,Clothing,8.0,406.03,279.64
1551,2023-02-22,,Clothing,3.0,451.7,261.6
1552,2023-01-22,65.0,,8.0,365.68,210.29
1553,2023-09-17,36.0,Clothing,7.0,408.12,140.44
1554,2023-09-21,39.0,Sports,1.0,115.27,46.25
1555,2023-04-29,44.0,Home,8.0,372.55,167.11
1556,2023-10-17,,Beauty,2.0,261.92,212.65
1557,2023-12-20,68.0,Sports,4.0,329.1,67.16
1558,2023-12-27,,Beauty,3.0,193.14,297.3
1559,2023-03-20,19.0,Electronics,6.0,87.37,83.21
1560,2023-08-29,28.0,Beauty,8.0,264.72,285.56
1561,2023-06-03,21.0,Electronics,4.0,66.95,70.46
1562,2023-08-02,18.0,Beauty,8.0,373.61,89.93
1563,2023-12-09,28.0,Home,9.0,48.88,173.1
1564,2023-09-21,36.0,Home,3.0,177.34,290.39
1565,,69.0,Clothing,2.0,421.6,127.93
1566,2023-11-16,33.0,Clothing,,319.77,170.3
1567,2023-05-19,44.0,Electronics,1.0,138.85,212.19
1568,2023-04-17,40.0,Electronics,9.0,472.16,104.64
1569,2023-06-11,35.0,Electronics,4.0,394.16,197.32
1570,2023-04-10,23.0,Sports,1.0,44.81,48.51
1571,2023-11-03,34.0,Sports,,377.14,201.54
1572,2023-06-26,55.0,Sports,,288.97,24.05
1573,2023-02-25,67.0,Beauty,9.0,166.06,197.92
1574,2023-07-05,23.0,Sports,5.0,305.26,77.29
1575,,29.0,Home,5.0,494.14,138.36
1576,2023-11-12,65.0,Home,4.0,119.82,235.39
1577,2023-04-30,69.0,Home,6.0,140.91,43.95
1578,2023-06-24,21.0,Sports,6.0,393.2,266.62
1579,2023-08-23,61.0,Clothing,4.0,282.02,123.16
1580,2023-01-24,24.0,Home,4.0,382.5,243.62
1581,2023-09-30,50.0,Beauty,9.0,287.79,253.38
1582,2023-10-08,34.0,Sports,7.0,352.34,31.55
1583,2023-01-21,66.0,Electronics,6.0,236.03,54.54
1584,2023-07-30,62.0,Beauty,3.0,37.62,69.94
1585,2023-10-25,30.0,Home,4.0,101.4,76.38
1586,2023-10-31,55.0,Beauty,3.0,309.36,
1587,2023-02-10,48.0,,9.0,418.24,
1588,2023-05-26,,Electronics,8.0,489.26,156.51
1589,2023-08-15,27.0,Sports,8.0,205.93,
1590,2023-01-13,,Home,7.0,239.0,12.93
1591,2023-04-10,54.0,Clothing,3.0,18.65,121.59
1592,2023-01-16,61.0,Beauty,,462.0,175.06
1593,2023-06-15,68.0,Electronics,3.0,465.53,299.51
1594,2023-04-10,20.0,Clothing,1.0,,23.51
1595,2023-06-22,32.0,Sports,4.0,243.64,191.32
1596,,66.0,,1.0,120.54,98.3
1597,2023-09-21,33.0,Beauty,7.0,245.93,217.76
1598,2023-10-01,61.0,Home,5.0,461.85,152.94
1599,2023-11-22,34.0,Beauty,2.0,376.55,296.64
1600,2023-05-29,61.0,Sports,3.0,110.13,280.7
1601,2023-11-06,32.0,Home,2.0,82.06,269.93
1602,2023-12-22,46.0,Sports,7.0,236.15,114.64
1603,2023-08-23,53.0,Electronics,8.0,419.21,64.71
1604,2023-11-09,55.0,Electronics,1.0,30.18,142.89
1605,2023-02-23,41.0,Sports,5.0,,261.78
1606,2023-02-13,37.0,Electronics,7.0,248.3,
1607,2023-03-15,44.0,Sports,4.0,25.82,143.34
1608,,38.0,,9.0,77.18,274.89
1609,2023-10-07,,Sports,2.0,262.88,254.84
1610,2023-12-03,44.0,Home,7.0,107.43,74.79
1611,2023-05-18,29.0,Home,6.0,,289.85
1612,,,Electronics,5.0,108.22,129.64
1613,2023-04-12,19.0,Sports,8.0,305.85,247.93
1614,2023-07-01,30.0,Home,9.0,257.3,121.71
1615,2023-01-29,39.0,Electronics,1.0,485.01,119.57
1616,2023-08-16,34.0,Home,1.0,167.42,23.27
1617,,68.0,Electronics,6.0,68.43,68.37
1618,2023-11-17,50.0,Home,1.0,150.3,40.63
1619,2023-06-05,36.0,Beauty,3.0,258.54,250.99
1620,2023-04-14,20.0,Home,6.0,67.74,84.34
1621,2023-10-10,58.0,Home,7.0,114.78,232.01
1622,2023-06-19,28.0,Home,5.0,123.2,40.48
1623,2023-08-10,51.0,Clothing,4.0,175.63,136.26
1624,2023-05-14,,Electronics,4.0,169.79,83.23
1625,2023-08-12,46.0,Beauty,7.0,292.55,223.0
1626,2023-02-02,31.0,Clothing,1.0,313.27,12.62
1627,2023-01-07,48.0,Beauty,9.0,166.78,26.47
1628,2023-05-06,45.0,Beauty,5.0,464.92,165.6
1629,2023-07-27,,Sports,3.0,380.57,133.5
1630,2023-05-15,57.0,Electronics,2.0,334.17,216.15
1631,2023-11-03,41.0,Sports,3.0,177.8,207.43
1632,,58.0,,5.0,351.53,231.18
1633,2023-08-13,58.0,Sports,8.0,292.05,47.63
1634,2023-02-14,49.0,Beauty,3.0,138.62,186.9
1635,2023-05-12,33.0,Electronics,,310.66,76.74
1636,2023-06-06,31.0,Clothing,2.0,386.39,274.17
1637,2023-07-24,,Electronics,Unknown,145.49,124.93
1638,2023-08-06,19.0,Clothing,3.0,108.57,19.98
1639,2023-04-14,,Clothing,6.0,474.4,48.49
1640,2023-05-13,32.0,Electronics,5.0,440.59,193.64
1641,2023-11-27,39.0,,3.0,180.74,234.52
1642,2023-01-28,58.0,Home,9.0,60.65,100.28
1643,2023-01-17,21.0,Sports,2.0,177.95,190.51
1644,2023-07-18,24.0,Electronics,3.0,108.4,138.76
1645,2023-01-26,44.0,Electronics,4.0,297.35,37.0
1646,2023-10-28,37.0,Sports,5.0,82.92,82.97
1647,2023-06-30,43.0,Sports,2.0,424.91,143.4
1648,2023-03-09,26.0,Clothing,,469.91,36.27
1649,2023-11-17,65.0,Electronics,7.0,22.75,59.1
1650,2023-02-21,38.0,,1.0,352.43,192.9
1651,2023-07-07,33.0,Clothing,1.0,155.05,44.23
1652,2023-06-08,45.0,Beauty,6.0,,149.93
1653,2023-08-30,65.0,Clothing,9.0,495.1,54.85
1654,2023-01-05,33.0,Beauty,8.0,45.29,264.44
1655,2023-12-27,28.0,Electronics,7.0,162.5,
1656,2023-02-23,19.0,Sports,3.0,414.11,110.6
1657,2023-08-14,36.0,Clothing,9.0,271.21,197.4
1658,2023-03-02,20.0,Home,3.0,213.0,64.5
1659,2023-02-15,40.0,Home,8.0,153.47,19.6
1660,2023-10-21,53.0,Beauty,,345.95,294.76
1661,2023-07-29,42.0,Clothing,7.0,483.98,
1662,2023-10-29,50.0,Clothing,3.0,186.55,11.03
1663,2023-08-10,24.0,Beauty,8.0,30.08,270.87
1664,2023-01-06,32.0,Beauty,3.0,436.29,207.06
1665,2023-08-23,51.0,Beauty,8.0,169.83,225.07
1666,2023-07-28,33.0,Sports,5.0,390.63,251.31
1667,2023-11-29,27.0,Electronics,3.0,268.95,153.67
1668,2023-12-17,21.0,Electronics,5.0,195.31,162.63
1669,2023-03-11,51.0,Sports,3.0,209.38,278.98
1670,2023-03-09,45.0,Sports,9.0,157.62,199.04
1671,2023-02-17,31.0,Beauty,,220.99,20.12
1672,2023-07-06,64.0,Clothing,8.0,319.19,70.86
1673,2023-11-28,36.0,Electronics,2.0,299.42,196.84
1674,2023-03-30,30.0,Clothing,5.0,418.73,273.39
1675,2023-11-07,,Home,6.0,338.26,200.3
1676,2023-06-03,40.0,Home,6.0,287.97,33.8
1677,,43.0,Beauty,5.0,312.94,101.67
1678,2023-10-12,37.0,Electronics,,404.12,68.3
1679,2023-12-20,53.0,Sports,8.0,75.07,52.21
1680,2023-10-26,35.0,Home,4.0,475.52,124.97
1681,2023-09-04,28.0,Clothing,6.0,418.87,38.28
1682,2023-12-28,28.0,Sports,6.0,,286.3
1683,2023-12-18,47.0,Clothing,,82.66,57.25
1684,2023-04-04,69.0,Clothing,7.0,376.96,239.1
1685,2023-02-08,52.0,,7.0,489.91,29.16
1686,2023-03-25,25.0,Home,8.0,324.37,77.29
1687,2023-12-08,37.0,Clothing,6.0,176.82,66.58
1688,2023-02-13,43.0,Beauty,6.0,125.34,
1689,,39.0,,,214.94,133.35
1690,,53.0,Sports,5.0,,257.94
1691,2023-06-05,46.0,Sports,6.0,255.7,55.64
1692,2023-06-20,66.0,Beauty,8.0,106.5,128.29
1693,,46.0,Sports,8.0,452.19,104.84
1694,2023-12-26,26.0,Beauty,1.0,251.74,213.56
1695,2023-04-01,27.0,Home,3.0,125.74,126.83
1696,2023-06-04,42.0,Beauty,2.0,114.98,15.43
1697,,,Electronics,1.0,465.72,122.56
1698,2023-05-21,22.0,Clothing,8.0,432.62,10.94
1699,,22.0,Beauty,2.0,197.15,65.72
1700,2023-09-05,34.0,Beauty,2.0,381.9,28.62
1701,2023-02-03,67.0,Sports,5.0,134.48,50.56
1702,2023-06-09,69.0,Beauty,9.0,363.28,
1703,2023-11-23,,Clothing,1.0,224.36,272.32
1704,2023-04-27,32.0,Clothing,5.0,462.8,245.85
1705,,36.0,Electronics,8.0,306.97,137.54
1706,2023-12-25,42.0,Clothing,5.0,241.47,298.61
1707,2023-07-25,52.0,Beauty,2.0,310.38,135.98
1708,2023-06-22,63.0,Clothing,7.0,459.11,25.26
1709,2023-06-30,61.0,Sports,5.0,134.81,28.64
1710,2023-11-20,28.0,Clothing,1.0,389.82,
1711,2023-09-14,44.0,,3.0,100.51,59.51
1712,2023-12-31,59.0,Clothing,6.0,40.83,286.13
1713,2023-12-09,55.0,Electronics,8.0,338.21,35.62
1714,2023-07-22,68.0,Electronics,2.0,220.72,57.84
1715,2023-07-12,62.0,Home,6.0,477.44,57.97
1716,2023-12-20,19.0,Clothing,5.0,44.83,
1717,2023-08-09,60.0,Beauty,7.0,,178.78
1718,2023-09-13,27.0,Electronics,4.0,272.31,149.3
1719,2023-05-29,64.0,Home,7.0,457.17,83.3
1720,2023-10-09,48.0,,3.0,225.92,252.24
1721,2023-04-19,35.0,Home,8.0,453.86,16.7
1722,2023-10-30,64.0,Electronics,7.0,98.33,223.96
1723,2023-06-03,25.0,Clothing,4.0,170.8,210.91
1724,2023-05-12,60.0,Beauty,5.0,99.12,43.45
1725,2023-03-25,39.0,Clothing,5.0,286.55,109.93
1726,2023-04-26,24.0,,7.0,131.51,17.65
1727,2023-02-10,30.0,Sports,2.0,264.12,30.95
1728,2023-04-22,43.0,Clothing,1.0,212.51,
1729,2023-11-20,59.0,Electronics,7.0,244.3,185.11
1730,2023-07-14,38.0,Sports,6.0,88.32,263.42
1731,2023-10-10,,Beauty,9.0,221.0,88.36
1732,2023-07-08,,Clothing,5.0,434.38,236.08
1733,2023-01-24,64.0,Sports,8.0,339.69,239.9
1734,2023-01-04,41.0,Beauty,2.0,305.39,230.77
1735,2023-06-30,51.0,Electronics,9.0,173.73,160.24
1736,2023-10-06,67.0,Beauty,8.0,465.28,181.42
1737,2023-12-17,44.0,Clothing,5.0,,226.94
1738,2023-11-14,36.0,Sports,7.0,173.48,
1739,2023-09-06,55.0,Home,8.0,487.21,184.7
1740,2023-11-22,24.0,Beauty,4.0,279.5,286.87
1741,2023-05-18,52.0,Clothing,7.0,13.21,279.08
1742,2023-04-13,32.0,Electronics,3.0,22.07,269.84
1743,2023-11-13,36.0,,8.0,166.88,68.15
1744,2023-06-28,38.0,Sports,,214.61,290.8
1745,2023-11-28,,Sports,7.0,499.91,11.48
1746,2023-08-27,24.0,Electronics,3.0,368.7,270.3
1747,2023-12-09,44.0,Home,8.0,78.15,
1748,2023-01-30,40.0,Clothing,9.0,499.09,119.45
1749,2023-01-25,37.0,Clothing,5.0,145.93,93.84
1750,2023-07-25,25.0,Home,4.0,435.29,299.54
1751,2023-02-16,19.0,Sports,6.0,156.35,193.08
1752,2023-02-08,,Sports,9.0,110.54,270.41
1753,2023-01-22,53.0,Clothing,3.0,79.26,260.4
1754,2023-05-29,29.0,Clothing,6.0,155.77,191.48
1755,2023-09-29,36.0,Sports,7.0,148.31,235.95
1756,2023-10-14,49.0,Sports,6.0,491.69,190.51
1757,2023-02-01,34.0,Electronics,8.0,204.85,29.85
1758,2023-09-12,47.0,Beauty,1.0,182.48,66.19
1759,2023-05-19,43.0,,2.0,197.51,297.23
1760,2023-08-02,37.0,Home,5.0,147.11,243.51
1761,2023-11-20,62.0,Beauty,1.0,178.58,281.09
1762,2023-04-21,29.0,Electronics,6.0,63.14,201.94
1763,2023-12-23,27.0,Sports,3.0,325.27,199.01
1764,2023-11-17,41.0,Home,6.0,217.0,28.97
1765,2023-02-20,38.0,Electronics,1.0,280.66,163.59
1766,2023-03-29,25.0,Beauty,7.0,210.87,75.08
1767,2023-09-28,55.0,Home,8.0,492.44,258.85
1768,2023-07-17,,Beauty,1.0,471.54,13.1
1769,2023-06-16,45.0,Home,9.0,64.44,265.39
1770,2023-11-09,48.0,Clothing,7.0,133.08,10.33
1771,2023-09-08,42.0,Beauty,2.0,367.53,54.73
1772,2023-03-14,58.0,Sports,2.0,16.74,41.11
1773,2023-09-19,55.0,Home,6.0,41.7,195.22
1774,2023-09-02,54.0,Home,5.0,399.38,85.77
1775,2023-03-04,35.0,Electronics,9.0,443.7,110.25
1776,2023-06-24,26.0,Clothing,1.0,442.47,82.29
1777,2023-07-11,63.0,Clothing,8.0,267.05,96.21
1778,2023-09-28,46.0,Beauty,4.0,343.67,133.19
1779,2023-12-18,68.0,,6.0,310.95,229.88
1780,2023-12-05,40.0,Electronics,7.0,372.26,198.77
1781,2023-03-19,30.0,Clothing,9.0,365.82,115.02
1782,2023-09-27,27.0,Home,4.0,262.81,32.87
1783,2023-09-04,32.0,Electronics,3.0,264.45,198.2
1784,2023-11-11,36.0,Beauty,1.0,149.72,279.35
1785,2023-06-17,52.0,Clothing,5.0,339.88,19.07
1786,2023-07-12,,,9.0,87.5,68.39
1787,2023-12-02,22.0,Electronics,9.0,342.98,60.37
1788,2023-01-13,35.0,Beauty,7.0,26.25,265.58
1789,2023-05-27,44.0,Home,5.0,451.5,81.4
1790,2023-02-12,44.0,Sports,7.0,461.3,214.81
1791,2023-05-28,38.0,Home,2.0,482.97,46.03
1792,2023-05-31,37.0,,2.0,303.56,272.67
1793,2023-01-22,40.0,Clothing,5.0,11.54,285.26
1794,2023-11-24,19.0,Home,6.0,,134.67
1795,2023-04-24,42.0,Clothing,4.0,260.45,159.74
1796,2023-03-24,41.0,Electronics,6.0,274.48,78.07
1797,2023-11-24,63.0,Sports,6.0,412.9,226.41
1798,2023-04-23,,,1.0,283.2,249.62
1799,,47.0,Electronics,6.0,160.93,128.69
1800,2023-10-10,25.0,Clothing,8.0,168.68,215.78
1801,2023-04-07,52.0,Beauty,9.0,46.69,50.08
1802,2023-11-30,57.0,Clothing,7.0,288.34,102.01
1803,2023-02-28,45.0,Sports,7.0,49.74,14.24
1804,2023-02-19,29.0,Beauty,3.0,277.1,147.85
1805,2023-01-19,35.0,Home,8.0,,125.21
1806,2023-02-16,45.0,Electronics,2.0,496.95,68.62
1807,2023-10-16,68.0,Clothing,5.0,364.48,182.53
1808,2023-07-01,39.0,Home,3.0,337.03,158.78
1809,2023-08-03,48.0,Clothing,5.0,413.8,182.54
1810,2023-05-08,18.0,Electronics,Unknown,377.03,
1811,2023-09-05,40.0,Electronics,4.0,247.41,296.73
1812,2023-10-07,33.0,Electronics,5.0,202.09,28.28
1813,2023-07-21,55.0,Clothing,5.0,26.32,90.8
1814,2023-08-06,62.0,Sports,8.0,451.47,288.41
1815,2023-07-21,49.0,Beauty,6.0,294.48,134.79
1816,2023-01-06,63.0,Electronics,5.0,440.55,52.42
1817,2023-11-14,54.0,Sports,4.0,133.19,123.06
1818,2023-03-23,36.0,Clothing,,241.28,160.06
1819,2023-08-07,62.0,Clothing,8.0,131.33,146.32
1820,2023-03-12,51.0,Beauty,9.0,358.84,133.08
1821,2023-09-23,20.0,Electronics,4.0,,269.51
1822,2023-10-18,,Electronics,5.0,360.61,249.06
1823,2023-05-04,26.0,Clothing,1.0,270.63,68.77
1824,2023-06-15,43.0,Sports,8.0,351.16,212.05
1825,2023-10-22,58.0,Home,2.0,314.51,
1826,2023-08-18,,Home,5.0,77.52,281.34
1827,2023-02-10,40.0,Home,2.0,98.77,139.79
1828,2023-04-18,64.0,Home,7.0,348.11,10.2
1829,2023-11-18,35.0,Electronics,4.0,80.07,217.92
1830,2023-10-17,,Beauty,5.0,187.96,199.87
1831,2023-05-14,69.0,Home,6.0,81.19,131.66
1832,2023-09-23,,,1.0,420.41,113.01
1833,2023-12-18,62.0,Electronics,4.0,415.56,22.79
1834,2023-08-21,59.0,Sports,3.0,413.4,94.47
1835,2023-02-28,44.0,Home,6.0,88.23,21.22
1836,2023-03-06,23.0,Beauty,1.0,125.2,21.81
1837,2023-09-23,39.0,Sports,5.0,317.76,127.78
1838,2023-11-11,54.0,Beauty,5.0,237.93,136.56
1839,2023-02-17,28.0,Clothing,3.0,254.82,262.09
1840,,60.0,Sports,6.0,402.69,96.52
1841,2023-12-22,31.0,Clothing,,284.34,260.81
1842,2023-01-25,47.0,Beauty,1.0,259.73,131.02
1843,2023-10-28,,Home,3.0,120.7,81.84
1844,2023-11-01,23.0,Home,5.0,21.1,222.29
1845,2023-03-24,35.0,Beauty,4.0,412.59,71.9
1846,2023-03-14,46.0,Electronics,2.0,461.62,243.53
1847,2023-04-16,53.0,Home,4.0,89.59,
1848,2023-09-19,,Beauty,1.0,283.59,270.77
1849,2023-05-25,23.0,Clothing,3.0,,270.28
1850,2023-10-10,61.0,Electronics,2.0,40.3,299.07
1851,2023-09-01,65.0,Sports,6.0,448.05,220.34
1852,2023-05-07,42.0,Home,9.0,237.99,35.23
1853,2023-09-28,56.0,Beauty,5.0,321.73,296.62
1854,2023-03-14,29.0,Clothing,9.0,169.08,105.87
1855,2023-09-05,60.0,Sports,,301.73,
1856,2023-02-12,,Home,3.0,59.39,275.71
1857,2023-06-19,39.0,,1.0,260.3,112.69
1858,2023-06-17,31.0,Electronics,8.0,332.18,42.11
1859,2023-09-02,31.0,Home,7.0,409.95,64.5
1860,2023-02-16,49.0,Sports,5.0,399.27,46.94
1861,,29.0,Home,8.0,415.73,45.5
1862,2023-03-10,36.0,Sports,3.0,179.31,
1863,2023-10-17,46.0,Electronics,8.0,280.79,198.37
1864,2023-03-02,34.0,Beauty,9.0,181.35,175.42
1865,2023-11-14,57.0,Home,2.0,495.77,
1866,2023-11-27,27.0,Home,5.0,392.24,
1867,2023-04-04,33.0,Clothing,1.0,484.87,267.53
1868,2023-05-18,59.0,Clothing,5.0,273.94,115.34
1869,2023-05-07,39.0,Home,6.0,432.14,27.95
1870,2023-11-15,63.0,Sports,5.0,62.29,78.63
1871,2023-06-23,21.0,Home,,164.4,104.62
1872,2023-12-24,36.0,Electronics,5.0,93.08,89.47
1873,2023-04-01,63.0,Electronics,3.0,47.53,33.58
1874,2023-06-28,63.0,Sports,8.0,365.14,210.36
1875,2023-07-28,35.0,Sports,,220.71,224.4
1876,2023-04-17,64.0,Beauty,8.0,198.39,111.84
1877,2023-10-11,61.0,Sports,2.0,77.94,206.81
1878,2023-02-06,57.0,Beauty,3.0,33.12,173.53
1879,2023-02-25,41.0,Sports,9.0,425.0,157.34
1880,2023-09-15,62.0,Home,5.0,354.32,290.6
1881,2023-12-29,67.0,Clothing,1.0,344.88,240.24
1882,2023-08-18,,Sports,4.0,404.57,38.38
1883,2023-04-24,30.0,Clothing,2.0,453.03,208.43
1884,2023-02-06,55.0,Home,4.0,410.76,
1885,2023-01-18,37.0,Sports,2.0,113.02,44.5
1886,2023-05-30,61.0,Clothing,6.0,326.85,107.77
1887,2023-07-05,68.0,Sports,7.0,125.92,224.61
1888,,,Beauty,8.0,136.61,160.9
1889,2023-09-13,57.0,Sports,2.0,109.93,97.51
1890,2023-12-29,60.0,Clothing,2.0,124.68,
1891,2023-11-20,41.0,Clothing,4.0,351.47,7.78
1892,2023-05-09,63.0,,8.0,375.55,194.03
1893,2023-08-30,35.0,Home,8.0,119.27,58.96
1894,2023-04-12,41.0,Sports,7.0,96.55,60.44
1895,2023-05-13,52.0,Electronics,1.0,493.59,150.08
1896,2023-12-14,68.0,,7.0,393.6,218.97
1897,2023-04-19,27.0,Home,5.0,,150.66
1898,2023-03-24,68.0,Beauty,3.0,282.07,112.3
1899,2023-03-10,31.0,Beauty,7.0,425.79,189.55
1900,,55.0,Electronics,7.0,321.89,73.55
1901,2023-10-10,19.0,Clothing,7.0,426.16,249.39
1902,2023-01-23,37.0,Electronics,8.0,149.2,30.29
1903,2023-03-02,54.0,,Unknown,118.49,138.12
1904,2023-02-21,,Home,8.0,103.66,166.35
1905,2023-08-25,54.0,Clothing,4.0,421.14,147.59
1906,2023-02-01,50.0,Home,8.0,250.82,146.51
1907,2023-02-05,50.0,Home,5.0,,13.1
1908,2023-06-26,21.0,Sports,9.0,233.74,271.43
1909,2023-10-22,63.0,Electronics,,,85.35
1910,2023-08-01,28.0,Beauty,6.0,71.5,185.79
1911,2023-01-06,27.0,Home,2.0,377.17,24.55
1912,2023-02-04,25.0,Electronics,2.0,,170.54
1913,2023-04-28,51.0,Beauty,9.0,144.18,232.63
1914,2023-03-28,64.0,Home,8.0,131.46,50.72
1915,2023-11-09,21.0,Clothing,6.0,19.52,234.09
1916,,45.0,Sports,8.0,58.4,109.59
1917,2023-08-27,31.0,Electronics,5.0,171.47,32.57
1918,2023-05-21,38.0,Clothing,7.0,475.49,124.22
1919,2023-04-22,61.0,Electronics,8.0,44.4,116.86
1920,2023-09-04,46.0,Sports,5.0,90.4,130.31
1921,,26.0,Home,2.0,210.96,247.92
1922,2023-05-14,46.0,Beauty,8.0,129.0,202.08
1923,2023-04-04,34.0,Electronics,9.0,187.6,79.47
1924,2023-10-16,61.0,Sports,7.0,251.27,37.4
1925,2023-05-06,26.0,Beauty,2.0,426.02,250.88
1926,2023-05-02,49.0,Electronics,9.0,426.66,
1927,2023-04-25,,Clothing,9.0,188.07,207.68
1928,2023-07-20,65.0,Beauty,9.0,128.22,233.04
1929,2023-01-11,67.0,Beauty,3.0,47.77,83.68
1930,2023-09-04,62.0,Clothing,4.0,471.54,
1931,2023-05-07,58.0,Home,7.0,213.82,289.45
1932,2023-06-01,,Beauty,9.0,362.59,116.35
1933,2023-05-17,30.0,Home,5.0,10.06,53.78
1934,2023-01-19,59.0,Clothing,,215.45,205.73
1935,2023-06-24,63.0,Sports,,360.5,94.18
1936,2023-12-20,19.0,Clothing,5.0,257.58,268.43
1937,2023-09-03,68.0,Sports,8.0,235.08,193.37
1938,2023-04-03,28.0,Sports,5.0,190.83,119.31
1939,2023-07-24,42.0,Clothing,3.0,347.91,174.76
1940,2023-09-02,32.0,Clothing,8.0,,30.05
1941,2023-10-22,48.0,Sports,7.0,188.52,107.83
1942,2023-10-09,42.0,Sports,8.0,69.97,108.86
1943,2023-09-26,53.0,Beauty,8.0,342.45,72.16
1944,2023-11-01,46.0,Home,4.0,456.96,168.91
1945,2023-11-10,67.0,Electronics,1.0,271.62,64.44
1946,2023-11-05,51.0,Beauty,5.0,434.12,53.78
1947,2023-03-03,28.0,Sports,1.0,66.43,277.64
1948,2023-01-25,,Home,8.0,134.39,20.43
1949,2023-07-26,67.0,Sports,,274.07,97.03
1950,2023-10-09,54.0,Electronics,6.0,51.11,276.2
1951,2023-01-25,36.0,,4.0,127.6,20.68
1952,2023-03-14,34.0,Clothing,9.0,433.99,244.71
1953,2023-11-17,,Electronics,8.0,356.12,202.19
1954,2023-03-27,60.0,Clothing,2.0,,
1955,2023-12-30,,Electronics,6.0,,129.56
1956,2023-08-21,,Beauty,1.0,185.61,243.44
1957,2023-12-05,47.0,Beauty,7.0,321.13,35.71
1958,2023-09-28,59.0,Beauty,9.0,424.42,139.74
1959,2023-06-30,29.0,Sports,3.0,195.26,61.86
1960,2023-02-26,46.0,Clothing,1.0,415.9,234.47
1961,2023-02-17,69.0,Electronics,4.0,366.89,6.87
1962,2023-05-16,37.0,,7.0,189.74,40.81
1963,2023-07-23,27.0,Electronics,8.0,327.09,33.34
1964,2023-12-26,47.0,Electronics,3.0,415.63,270.65
1965,2023-08-08,48.0,Beauty,8.0,58.01,7.49
1966,2023-02-18,27.0,Beauty,9.0,,243.58
1967,2023-11-18,61.0,Beauty,6.0,382.35,234.55
1968,2023-12-01,61.0,Beauty,6.0,192.4,95.54
1969,2023-08-09,49.0,Clothing,5.0,221.95,246.99
1970,2023-08-09,50.0,Sports,Unknown,317.97,61.51
1971,2023-01-03,,Home,9.0,469.67,25.13
1972,2023-11-16,20.0,Sports,2.0,431.03,135.49
1973,2023-03-03,48.0,,,122.58,10.33
1974,2023-03-01,,Clothing,5.0,265.72,221.03
1975,2023-05-02,39.0,Electronics,7.0,286.42,75.24
1976,2023-04-06,69.0,Sports,5.0,39.59,296.2
1977,,31.0,Electronics,6.0,88.14,
1978,2023-03-03,67.0,Sports,8.0,372.02,149.73
1979,2023-12-14,49.0,Clothing,9.0,270.52,189.12
1980,2023-11-13,44.0,Clothing,8.0,90.54,41.26
1981,2023-02-17,66.0,Clothing,Unknown,307.17,27.23
1982,2023-05-16,,Home,4.0,333.39,175.29
1983,2023-11-10,26.0,Electronics,4.0,76.17,80.43
1984,2023-11-14,51.0,Electronics,6.0,336.7,88.37
1985,2023-11-10,67.0,Electronics,1.0,230.16,39.24
1986,2023-12-21,22.0,Sports,4.0,302.42,229.02
1987,2023-07-11,44.0,Clothing,4.0,250.18,
1988,2023-02-28,32.0,Electronics,8.0,95.02,249.28
1989,2023-09-22,21.0,,4.0,373.26,185.82
1990,2023-08-03,66.0,Electronics,1.0,473.1,228.94
1991,2023-10-04,33.0,Home,1.0,222.48,
1992,2023-10-19,19.0,Clothing,8.0,368.96,176.4
1993,2023-09-02,52.0,Sports,9.0,,266.05
1994,2023-11-28,68.0,Home,2.0,454.76,
1995,2023-09-26,55.0,Electronics,9.0,121.96,174.27
1996,2023-01-16,54.0,Home,3.0,154.2,128.32
1997,2023-02-28,39.0,Home,8.0,462.62,246.47
1998,2023-08-25,19.0,Home,8.0,252.03,162.23
1999,2023-04-04,18.0,Sports,,435.46,167.64
2000,2023-05-18,53.0,Beauty,6.0,137.82,203.76
2001,2023-07-26,47.0,Home,4.0,222.96,
2002,2023-08-06,67.0,Sports,8.0,210.72,83.33
2003,2023-12-12,,Clothing,8.0,20.31,222.83
2004,2023-11-14,53.0,Clothing,8.0,19.14,145.23
2005,2023-03-03,62.0,Electronics,4.0,16.34,78.3
2006,2023-08-27,,Clothing,9.0,431.01,34.5
2007,2023-08-10,40.0,Home,4.0,188.94,139.44
2008,2023-06-22,29.0,,9.0,187.5,156.45
2009,2023-04-20,62.0,,2.0,12.16,234.05
2010,2023-12-22,36.0,Beauty,8.0,421.13,231.56
2011,2023-03-15,52.0,,2.0,444.71,121.53
2012,2023-07-26,30.0,Beauty,3.0,350.41,140.61
2013,2023-10-06,29.0,Sports,9.0,28.54,77.8
2014,2023-12-06,45.0,Clothing,5.0,226.6,179.62
2015,2023-12-06,69.0,Beauty,5.0,97.0,95.02
2016,2023-01-28,43.0,Electronics,2.0,460.5,236.66
2017,2023-06-14,46.0,Beauty,8.0,236.29,11.88
2018,2023-03-11,,,3.0,387.5,175.18
2019,2023-04-06,36.0,Beauty,3.0,171.03,
2020,2023-01-05,56.0,Clothing,9.0,440.42,171.21
2021,2023-10-29,49.0,Sports,8.0,376.38,33.48
2022,2023-08-05,65.0,Sports,9.0,360.16,277.88
2023,2023-07-06,46.0,Clothing,2.0,176.43,44.52
2024,2023-09-12,51.0,Sports,7.0,328.61,87.34
2025,2023-04-14,23.0,Clothing,4.0,367.46,7.66
2026,2023-09-15,,Home,1.0,318.63,22.14
2027,2023-07-01,67.0,Clothing,7.0,330.78,200.04
2028,2023-02-07,36.0,Sports,7.0,249.52,92.97
2029,2023-10-03,58.0,Sports,9.0,454.31,151.59
2030,2023-10-14,43.0,Electronics,4.0,39.46,114.86
2031,2023-03-02,42.0,Electronics,8.0,400.23,21.84
2032,2023-12-31,22.0,Beauty,7.0,56.88,133.32
2033,2023-12-17,42.0,Sports,,163.69,295.44
2034,,21.0,Electronics,6.0,42.13,93.31
2035,2023-10-18,,Home,7.0,63.38,209.97
2036,,31.0,Electronics,4.0,218.52,82.38
2037,2023-10-31,59.0,Clothing,1.0,358.33,136.28
2038,2023-03-27,49.0,Sports,1.0,141.44,292.77
2039,,43.0,Home,,472.35,180.56
2040,2023-04-24,44.0,Sports,1.0,442.85,207.48
2041,2023-12-22,24.0,Sports,1.0,443.11,100.55
2042,,25.0,Home,7.0,390.75,91.68
2043,2023-08-23,21.0,,7.0,250.81,278.13
2044,,48.0,Clothing,2.0,499.86,178.72
2045,2023-07-16,61.0,Electronics,2.0,479.52,81.97
2046,2023-05-18,53.0,Electronics,9.0,20.97,50.87
2047,2023-03-09,18.0,Clothing,7.0,227.67,177.44
2048,2023-01-19,53.0,Beauty,,31.96,80.85
2049,2023-03-15,45.0,Sports,5.0,338.81,69.3
2050,2023-06-02,53.0,Beauty,8.0,,111.54
2051,2023-07-30,60.0,,6.0,,168.95
2052,2023-05-19,63.0,Beauty,2.0,488.48,18.59
2053,2023-07-02,55.0,Clothing,9.0,183.41,160.19
2054,2023-07-10,42.0,Sports,1.0,492.14,20.56
2055,2023-02-20,49.0,Beauty,8.0,361.78,129.96
2056,2023-02-19,28.0,Sports,6.0,,116.35
2057,2023-04-23,39.0,Beauty,3.0,463.34,245.15
2058,2023-06-15,30.0,Clothing,9.0,173.94,260.77
2059,2023-07-22,64.0,Beauty,5.0,229.42,35.99
2060,2023-07-08,55.0,Sports,1.0,50.03,120.2
2061,2023-02-24,62.0,Clothing,3.0,351.62,197.41
2062,2023-03-16,24.0,Sports,5.0,213.73,141.47
2063,2023-05-13,46.0,Clothing,3.0,317.01,273.79
2064,2023-02-28,24.0,Home,8.0,93.78,107.44
2065,2023-07-01,56.0,Clothing,,139.17,47.81
2066,2023-12-05,59.0,Electronics,6.0,377.82,126.11
2067,2023-11-23,62.0,Electronics,5.0,278.42,259.56
2068,2023-05-23,68.0,Clothing,7.0,,217.07
2069,2023-08-02,22.0,Clothing,4.0,416.6,275.05
2070,2023-07-28,,Home,2.0,42.77,118.86
2071,2023-05-22,39.0,Clothing,9.0,272.17,7.04
2072,2023-04-22,60.0,Home,8.0,342.01,122.36
2073,,30.0,Sports,2.0,171.12,87.21
2074,2023-07-26,45.0,Home,8.0,,236.16
2075,2023-04-28,49.0,Sports,5.0,405.17,198.59
2076,2023-06-15,,Home,2.0,31.62,
2077,2023-07-03,23.0,Beauty,,376.24,291.65
2078,2023-01-13,30.0,Clothing,7.0,390.77,198.98
2079,2023-10-20,67.0,,6.0,492.63,291.26
2080,2023-11-18,54.0,Beauty,2.0,318.35,227.83
2081,2023-01-26,41.0,Electronics,5.0,374.4,50.44
2082,2023-12-30,68.0,Home,1.0,68.43,277.56
2083,2023-05-30,40.0,Beauty,9.0,45.23,162.68
2084,2023-01-29,63.0,Sports,5.0,158.72,264.46
2085,2023-07-28,27.0,Clothing,2.0,281.61,241.49
2086,2023-04-26,30.0,Beauty,3.0,219.04,229.12
2087,2023-11-14,68.0,Beauty,6.0,126.81,43.99
2088,2023-02-14,18.0,Beauty,6.0,424.69,33.87
2089,2023-06-04,57.0,Beauty,4.0,367.03,194.1
2090,2023-03-29,48.0,Beauty,8.0,261.48,43.99
2091,2023-03-14,18.0,Electronics,3.0,145.07,248.89
2092,2023-07-31,,Electronics,1.0,19.14,271.75
2093,2023-08-27,26.0,Sports,5.0,141.75,205.02
2094,2023-11-09,45.0,Clothing,9.0,360.81,279.27
2095,2023-04-05,27.0,Beauty,6.0,313.29,163.0
2096,2023-10-03,20.0,Beauty,6.0,12.24,161.67
2097,2023-11-05,54.0,Home,7.0,39.19,34.15
2098,2023-09-30,50.0,Clothing,5.0,64.4,186.11
2099,2023-12-16,29.0,Beauty,2.0,169.54,176.4
2100,2023-01-11,65.0,Clothing,9.0,32.22,70.7
2101,2023-03-12,,Beauty,5.0,336.96,30.43
2102,2023-10-17,43.0,Sports,9.0,72.93,48.76
2103,2023-02-19,25.0,Electronics,4.0,300.68,267.45
2104,2023-02-21,45.0,,9.0,280.93,81.8
2105,2023-03-25,58.0,Electronics,6.0,291.95,164.56
2106,2023-05-06,27.0,Beauty,2.0,473.77,76.9
2107,2023-03-13,,Electronics,2.0,382.34,183.81
2108,2023-02-25,63.0,Beauty,3.0,166.31,261.72
2109,2023-04-20,62.0,Electronics,9.0,287.43,237.11
2110,2023-04-03,68.0,Electronics,7.0,475.24,221.21
2111,2023-03-01,52.0,Home,1.0,174.58,42.66
2112,2023-01-28,39.0,,4.0,382.99,230.12
2113,2023-05-05,56.0,Clothing,8.0,46.47,41.01
2114,2023-02-05,65.0,Beauty,3.0,484.01,261.35
2115,2023-03-27,33.0,Electronics,1.0,13.59,176.37
2116,2023-12-04,55.0,Electronics,9.0,228.05,100.74
2117,2023-12-10,42.0,Home,2.0,282.07,235.52
2118,2023-10-05,48.0,Sports,4.0,371.75,121.64
2119,2023-01-11,51.0,Home,8.0,110.82,6.13
2120,2023-04-06,23.0,Sports,2.0,397.57,253.97
2121,2023-07-11,,Electronics,1.0,403.72,
2122,2023-05-08,30.0,Beauty,9.0,219.98,255.38
2123,2023-12-21,18.0,Beauty,1.0,392.18,147.6
2124,,66.0,Clothing,2.0,454.68,222.47
2125,2023-12-09,50.0,Sports,8.0,161.04,178.97
2126,2023-09-04,23.0,Sports,1.0,32.24,194.61
2127,2023-11-09,31.0,Home,7.0,88.85,247.54
2128,2023-06-30,,Clothing,7.0,285.69,161.61
2129,2023-09-22,19.0,Beauty,2.0,452.37,123.23
2130,2023-03-30,27.0,Beauty,8.0,293.36,147.81
2131,2023-04-16,,Home,6.0,234.65,231.1
2132,2023-11-15,52.0,Clothing,3.0,261.55,257.48
2133,2023-01-13,27.0,,6.0,452.63,158.99
2134,2023-02-09,,Clothing,6.0,292.89,147.05
2135,2023-08-07,39.0,Home,4.0,479.76,14.01
2136,2023-11-29,32.0,Beauty,1.0,405.66,151.42
2137,2023-11-28,39.0,Home,9.0,449.44,224.98
2138,2023-07-30,26.0,Beauty,6.0,345.86,160.53
2139,2023-09-06,49.0,Sports,8.0,359.3,79.36
2140,2023-01-18,36.0,Clothing,9.0,37.35,110.22
2141,2023-10-22,68.0,Sports,9.0,21.35,294.64
2142,2023-12-11,64.0,Clothing,6.0,365.8,185.19
2143,2023-12-31,27.0,Electronics,8.0,97.97,263.65
2144,2023-08-17,38.0,Sports,8.0,245.46,60.94
2145,2023-03-18,51.0,Electronics,1.0,78.26,272.25
2146,2023-12-12,67.0,Sports,7.0,424.09,103.93
2147,2023-11-06,38.0,Electronics,5.0,234.01,81.07
2148,2023-02-08,23.0,Home,6.0,414.33,264.76
2149,2023-11-29,62.0,Electronics,5.0,280.05,59.59
2150,2023-07-10,29.0,Sports,4.0,176.74,263.48
2151,2023-08-08,19.0,Clothing,1.0,465.87,80.72
2152,2023-05-11,18.0,Sports,,232.76,38.92
2153,2023-08-14,69.0,Home,9.0,362.73,179.92
2154,2023-04-06,64.0,Clothing,2.0,314.4,21.49
2155,2023-07-19,67.0,Sports,2.0,362.12,62.5
2156,2023-11-14,48.0,Home,7.0,119.13,104.16
2157,2023-07-25,24.0,Beauty,9.0,385.07,193.99
2158,2023-09-13,50.0,,1.0,265.75,238.04
2159,2023-06-26,61.0,Beauty,8.0,435.49,82.45
2160,2023-12-15,61.0,Home,8.0,197.76,257.65
2161,2023-07-09,26.0,Sports,5.0,301.83,42.21
2162,2023-05-07,21.0,Clothing,3.0,397.77,21.86
2163,2023-09-11,,Beauty,,102.52,89.68
2164,2023-03-25,34.0,Electronics,6.0,236.86,282.4
2165,2023-01-13,26.0,Electronics,4.0,336.71,65.17
2166,2023-04-24,32.0,Sports,7.0,254.51,291.82
2167,2023-07-24,67.0,Home,3.0,113.23,179.9
2168,2023-09-30,,Home,9.0,199.62,148.85
2169,2023-11-24,51.0,Home,7.0,175.2,123.14
2170,2023-04-19,54.0,Electronics,7.0,218.25,213.54
2171,2023-11-24,54.0,Home,5.0,54.71,174.92
2172,2023-04-21,62.0,,6.0,153.08,193.42
2173,2023-08-17,58.0,Electronics,2.0,209.52,208.43
2174,2023-07-08,31.0,Sports,9.0,107.08,10.62
2175,2023-01-02,18.0,Sports,1.0,,266.35
2176,2023-10-13,49.0,Sports,7.0,323.13,220.4
2177,2023-04-06,26.0,Home,,379.4,58.46
2178,2023-08-26,68.0,Home,1.0,66.66,
2179,2023-09-26,29.0,Home,3.0,395.97,135.52
2180,2023-04-04,,Electronics,4.0,474.09,261.85
2181,2023-02-24,,Home,9.0,79.41,232.38
2182,2023-04-26,24.0,Clothing,9.0,42.88,48.0
2183,2023-06-29,31.0,Beauty,,422.44,253.39
2184,2023-02-22,,Sports,3.0,26.47,19.37
2185,2023-06-29,43.0,Sports,6.0,52.32,247.47
2186,2023-11-09,62.0,Clothing,1.0,351.38,110.57
2187,2023-07-01,24.0,Home,5.0,362.28,259.94
2188,2023-02-13,42.0,Beauty,5.0,139.99,144.99
2189,,58.0,Clothing,4.0,471.37,13.64
2190,2023-09-22,42.0,Beauty,3.0,97.34,283.42
2191,2023-05-20,24.0,,3.0,,185.29
2192,2023-03-13,44.0,Electronics,1.0,411.24,107.63
2193,2023-09-25,60.0,Home,4.0,336.33,158.44
2194,2023-08-20,62.0,Clothing,7.0,447.34,197.44
2195,2023-05-19,,Home,7.0,186.01,179.21
2196,2023-12-17,33.0,Clothing,5.0,489.05,266.28
2197,2023-08-09,66.0,,9.0,133.58,242.67
2198,2023-02-25,28.0,Clothing,9.0,252.63,217.79
2199,2023-04-12,54.0,Sports,5.0,121.53,255.82
2200,,49.0,Sports,9.0,262.27,259.51
2201,2023-11-06,46.0,Sports,8.0,85.3,246.97
2202,2023-08-15,60.0,Electronics,4.0,,175.12
2203,2023-12-10,53.0,Electronics,5.0,444.78,269.54
2204,,32.0,Clothing,9.0,213.24,216.23
2205,2023-03-04,39.0,Beauty,5.0,209.41,242.99
2206,,46.0,Beauty,6.0,99.15,245.9
2207,2023-09-30,31.0,Electronics,1.0,48.19,137.78
2208,2023-07-03,19.0,Home,5.0,81.69,292.02
2209,2023-02-07,33.0,Clothing,3.0,127.59,254.86
2210,2023-09-01,28.0,Electronics,7.0,380.54,10.05
2211,2023-08-06,52.0,Home,3.0,110.25,288.16
2212,2023-06-13,,Electronics,3.0,456.76,
2213,2023-11-04,52.0,Beauty,6.0,356.22,211.32
2214,2023-04-15,22.0,Sports,8.0,128.39,140.59
2215,2023-07-07,23.0,Clothing,2.0,48.16,115.04
2216,2023-07-05,19.0,Sports,3.0,330.71,281.46
2217,2023-08-26,55.0,Beauty,2.0,288.94,97.55
2218,2023-10-11,63.0,Clothing,7.0,304.18,198.66
2219,2023-07-29,18.0,Clothing,5.0,120.44,32.12
2220,2023-04-07,69.0,Clothing,3.0,280.83,77.26
2221,2023-07-27,50.0,Sports,4.0,275.04,213.19
2222,2023-05-17,67.0,Home,,28.17,157.23
2223,2023-07-03,18.0,Clothing,Unknown,458.93,245.46
2224,2023-05-22,50.0,Electronics,6.0,420.57,
2225,2023-10-17,56.0,Clothing,5.0,465.85,21.56
2226,2023-04-28,37.0,Clothing,9.0,110.38,201.78
2227,2023-10-09,64.0,Clothing,3.0,402.13,92.09
2228,2023-12-26,55.0,Beauty,,422.54,255.71
2229,2023-11-19,63.0,Sports,9.0,,162.2
2230,2023-07-14,29.0,Beauty,,347.14,136.17
2231,2023-04-23,,Sports,3.0,397.88,
2232,,52.0,Clothing,4.0,109.63,66.02
2233,2023-06-30,59.0,Electronics,2.0,441.7,110.52
2234,2023-06-24,23.0,Beauty,7.0,286.49,119.94
2235,2023-12-17,45.0,Sports,3.0,374.24,153.6
2236,2023-05-20,46.0,Electronics,9.0,471.05,100.28
2237,2023-03-28,22.0,Sports,2.0,441.32,107.02
2238,2023-05-09,58.0,Electronics,7.0,371.36,42.67
2239,2023-03-07,45.0,Sports,9.0,92.13,191.53
2240,2023-05-29,26.0,Electronics,2.0,344.34,76.92
2241,2023-04-26,55.0,Home,8.0,288.07,146.02
2242,2023-10-21,69.0,Clothing,4.0,395.38,167.31
2243,2023-09-07,51.0,Beauty,2.0,164.11,276.01
2244,2023-10-29,59.0,Electronics,5.0,213.52,158.15
2245,2023-03-11,50.0,Home,2.0,414.04,99.07
2246,2023-04-22,45.0,Sports,5.0,128.21,145.24
2247,2023-04-01,,Home,4.0,426.0,229.14
2248,2023-08-15,40.0,Beauty,3.0,,70.11
2249,2023-05-31,28.0,,9.0,208.03,114.75
2250,2023-02-09,32.0,Beauty,,280.67,
2251,2023-12-11,47.0,Electronics,5.0,353.78,75.93
2252,2023-07-19,41.0,Home,1.0,349.79,147.45
2253,2023-03-02,22.0,Beauty,8.0,167.21,163.25
2254,2023-08-25,36.0,Clothing,5.0,265.18,128.3
2255,2023-02-06,25.0,Home,2.0,497.9,186.39
2256,2023-08-25,30.0,Clothing,7.0,146.39,184.2
2257,2023-07-16,44.0,Sports,6.0,144.1,233.64
2258,2023-08-28,58.0,Sports,3.0,46.23,293.31
2259,2023-12-26,31.0,Home,,432.54,138.37
2260,,23.0,Sports,5.0,63.26,61.25
2261,2023-04-18,62.0,Beauty,8.0,359.64,290.72
2262,2023-03-31,57.0,,7.0,161.55,85.31
2263,2023-08-08,23.0,Clothing,8.0,20.39,95.05
2264,2023-04-13,55.0,,5.0,495.11,223.41
2265,2023-07-03,52.0,Clothing,2.0,44.54,160.51
2266,2023-09-04,46.0,Home,3.0,235.94,95.08
2267,2023-12-11,38.0,Home,1.0,58.28,220.42
2268,2023-10-05,58.0,Beauty,3.0,397.66,200.27
2269,2023-04-21,32.0,Sports,6.0,269.36,204.36
2270,2023-09-06,21.0,Beauty,3.0,,162.57
2271,2023-07-01,52.0,Beauty,6.0,197.55,242.34
2272,2023-12-01,32.0,Sports,2.0,,99.12
2273,2023-06-15,22.0,Sports,8.0,214.85,22.92
2274,2023-07-27,66.0,Electronics,9.0,402.77,247.29
2275,2023-06-24,25.0,Clothing,5.0,307.83,166.05
2276,2023-03-31,28.0,Beauty,4.0,265.99,257.77
2277,2023-06-15,57.0,Beauty,3.0,482.24,295.29
2278,2023-03-19,55.0,Home,1.0,497.18,63.75
2279,2023-06-12,54.0,Home,9.0,,85.42
2280,2023-08-27,56.0,Clothing,1.0,355.42,254.4
2281,2023-05-23,39.0,Sports,7.0,392.37,5.94
2282,2023-10-10,64.0,Electronics,3.0,129.22,137.88
2283,2023-09-02,56.0,Electronics,2.0,64.16,178.61
2284,2023-03-01,19.0,Home,5.0,471.22,241.37
2285,2023-02-27,25.0,Sports,9.0,271.35,205.46
2286,2023-08-05,23.0,Clothing,,300.38,187.83
2287,2023-10-30,62.0,Electronics,9.0,399.55,296.32
2288,2023-01-20,57.0,Sports,4.0,355.47,177.26
2289,2023-02-28,,Clothing,3.0,450.68,100.65
2290,2023-05-26,21.0,Beauty,1.0,31.25,201.22
2291,2023-09-06,42.0,Beauty,9.0,232.94,201.46
2292,2023-01-13,69.0,Electronics,3.0,346.28,283.32
2293,2023-02-13,34.0,,5.0,436.02,103.55
2294,2023-01-19,42.0,Clothing,1.0,307.35,
2295,2023-08-27,43.0,Sports,3.0,384.66,291.02
2296,2023-12-03,57.0,Home,,27.3,103.14
2297,2023-04-10,49.0,,4.0,,172.76
2298,2023-05-02,25.0,Beauty,8.0,265.58,59.08
2299,2023-12-26,,Clothing,8.0,422.99,127.22
2300,2023-05-25,30.0,Beauty,1.0,429.65,273.87
2301,2023-02-19,44.0,Electronics,1.0,442.79,206.65
2302,2023-10-15,56.0,Sports,4.0,351.51,78.17
2303,2023-11-10,26.0,Clothing,7.0,55.77,144.36
2304,2023-08-27,28.0,Sports,6.0,116.76,299.41
2305,2023-10-23,,Home,1.0,270.12,184.5
2306,2023-08-08,24.0,Beauty,4.0,248.84,164.85
2307,2023-12-12,32.0,Sports,9.0,408.88,56.55
2308,2023-08-25,62.0,Clothing,9.0,156.76,102.65
2309,2023-09-16,41.0,Beauty,7.0,279.78,155.12
2310,2023-10-07,28.0,Home,6.0,291.77,206.83
2311,2023-06-08,44.0,Clothing,4.0,380.0,130.68
2312,2023-02-14,19.0,Clothing,8.0,390.59,105.57
2313,2023-03-12,37.0,Clothing,7.0,145.67,170.89
2314,2023-04-13,31.0,Beauty,4.0,426.97,154.91
2315,2023-11-09,43.0,Electronics,1.0,25.28,37.24
2316,2023-10-13,45.0,,2.0,134.53,201.99
2317,2023-05-26,60.0,Beauty,1.0,94.43,12.88
2318,,58.0,Beauty,3.0,393.88,24.77
2319,2023-03-01,22.0,Electronics,5.0,,168.58
2320,2023-06-22,26.0,,6.0,76.22,112.18
2321,2023-12-16,43.0,Sports,3.0,180.49,187.74
2322,2023-05-02,,Sports,5.0,474.55,200.61
2323,2023-04-18,,Beauty,6.0,286.35,220.19
2324,2023-01-06,53.0,Clothing,5.0,295.8,54.98
2325,2023-05-26,38.0,Electronics,,195.1,55.78
2326,2023-04-06,24.0,Beauty,6.0,349.91,237.59
2327,2023-07-21,48.0,Electronics,3.0,10.68,213.34
2328,2023-04-22,67.0,Home,4.0,333.77,161.32
2329,2023-11-19,36.0,Sports,2.0,11.59,
2330,2023-10-26,44.0,Electronics,7.0,379.79,119.79
2331,2023-12-03,39.0,Electronics,8.0,222.07,149.59
2332,2023-08-02,60.0,Home,7.0,362.13,175.61
2333,2023-10-18,23.0,Beauty,7.0,105.91,129.07
2334,2023-05-30,52.0,Sports,5.0,,97.82
2335,2023-09-24,53.0,Home,,439.03,207.04
2336,2023-01-03,32.0,Clothing,1.0,220.83,157.88
2337,2023-03-17,61.0,Sports,3.0,301.54,132.99
2338,2023-08-13,28.0,Beauty,8.0,347.7,64.92
2339,2023-09-08,,Sports,5.0,,94.75
2340,2023-10-06,35.0,Sports,1.0,434.52,54.19
2341,2023-05-05,34.0,Sports,9.0,380.13,
2342,2023-02-16,47.0,Beauty,9.0,145.32,25.25
2343,2023-08-03,26.0,Clothing,1.0,57.41,138.24
2344,2023-08-25,48.0,Sports,7.0,260.06,293.55
2345,2023-01-25,64.0,Electronics,5.0,231.46,47.69
2346,2023-11-10,24.0,Home,7.0,467.55,
2347,2023-05-07,24.0,Home,7.0,27.5,247.21
2348,,,Home,1.0,88.87,181.62
2349,2023-04-26,60.0,Home,1.0,336.41,106.36
2350,2023-09-23,19.0,Electronics,6.0,15.52,181.86
2351,2023-01-11,,Clothing,,324.26,286.25
2352,2023-08-02,26.0,Beauty,1.0,275.73,7.6
2353,2023-07-28,,Home,2.0,308.56,
2354,2023-03-05,,Electronics,4.0,308.15,
2355,2023-05-01,,Clothing,4.0,180.3,134.69
2356,2023-02-23,32.0,Beauty,1.0,318.67,192.71
2357,2023-09-29,19.0,Sports,9.0,268.22,239.24
2358,2023-01-18,67.0,Beauty,3.0,31.45,58.68
2359,2023-07-06,19.0,Clothing,3.0,462.21,48.96
2360,2023-09-19,58.0,Electronics,8.0,113.89,243.85
2361,2023-08-27,51.0,Clothing,3.0,46.3,54.33
2362,,61.0,Electronics,6.0,326.27,244.23
2363,2023-11-29,45.0,Home,9.0,42.43,163.26
2364,2023-09-03,69.0,,8.0,394.26,150.23
2365,2023-11-11,57.0,Sports,4.0,46.08,154.7
2366,2023-03-20,69.0,Home,1.0,,294.04
2367,2023-09-20,48.0,Sports,2.0,77.61,60.21
2368,2023-03-04,68.0,Home,3.0,56.18,212.86
2369,2023-01-12,48.0,Clothing,4.0,87.44,52.78
2370,2023-02-12,25.0,Sports,9.0,339.63,
2371,2023-09-10,62.0,Sports,5.0,39.07,64.63
2372,2023-10-19,44.0,Sports,9.0,105.82,157.06
2373,2023-11-21,38.0,Clothing,7.0,,118.0
2374,2023-10-19,39.0,Beauty,8.0,115.47,293.4
2375,2023-12-15,20.0,Home,3.0,431.82,41.86
2376,2023-04-11,32.0,Beauty,3.0,119.29,127.1
2377,2023-09-27,60.0,Home,3.0,94.55,38.23
2378,2023-06-29,36.0,Sports,1.0,129.33,71.36
2379,2023-10-20,30.0,Beauty,5.0,282.88,239.39
2380,2023-08-16,55.0,Sports,8.0,319.64,214.92
2381,2023-10-02,30.0,Beauty,6.0,168.51,223.32
2382,2023-01-21,58.0,Sports,7.0,175.15,177.48
2383,2023-01-27,,Sports,4.0,305.99,74.69
2384,2023-10-12,45.0,Clothing,3.0,188.52,36.5
2385,2023-11-22,25.0,Electronics,7.0,398.33,234.84
2386,2023-08-12,31.0,Sports,6.0,360.99,296.65
2387,2023-12-22,46.0,Clothing,5.0,456.63,35.67
2388,2023-10-02,35.0,Clothing,2.0,,177.7
2389,2023-05-21,44.0,Home,Unknown,408.05,7.97
2390,2023-08-09,20.0,Electronics,9.0,166.58,222.21
2391,2023-06-29,53.0,Home,,27.1,269.77
2392,2023-11-25,63.0,Beauty,8.0,71.04,261.51
2393,2023-02-07,27.0,Home,1.0,495.5,165.18
2394,2023-08-27,58.0,Beauty,4.0,171.71,270.14
2395,2023-05-28,34.0,Beauty,3.0,133.33,234.81
2396,2023-02-19,31.0,Home,6.0,365.64,255.41
2397,2023-12-09,43.0,Electronics,,127.6,247.21
2398,2023-06-14,41.0,Electronics,1.0,222.26,199.79
2399,2023-11-20,56.0,Clothing,7.0,22.99,167.51
2400,2023-10-17,19.0,Electronics,6.0,432.23,248.14
2401,,33.0,Home,1.0,116.2,112.13
2402,2023-04-05,19.0,Clothing,9.0,456.04,295.56
2403,2023-05-27,56.0,Clothing,8.0,493.88,42.3
2404,2023-06-08,63.0,Electronics,6.0,79.78,186.82
2405,2023-12-07,57.0,Beauty,7.0,415.89,257.19
2406,2023-12-05,68.0,Home,3.0,,18.38
2407,2023-10-15,40.0,Sports,3.0,474.78,197.45
2408,2023-05-18,39.0,Electronics,1.0,16.0,295.73
2409,2023-11-12,45.0,,9.0,370.36,218.32
2410,2023-12-18,21.0,Clothing,4.0,86.03,67.93
2411,2023-10-29,39.0,Home,7.0,226.35,21.49
2412,,57.0,Sports,7.0,332.76,27.6
2413,2023-03-29,59.0,Electronics,8.0,42.51,99.08
2414,2023-12-07,,Clothing,1.0,117.59,83.21
2415,2023-11-02,51.0,Clothing,8.0,,288.44
2416,2023-07-28,23.0,Home,7.0,135.13,41.91
2417,2023-12-14,63.0,Home,3.0,247.58,292.75
2418,2023-02-16,28.0,Home,7.0,83.28,186.9
2419,2023-04-16,52.0,Clothing,9.0,11.21,250.35
2420,2023-04-16,56.0,Home,,160.12,138.38
2421,2023-04-18,60.0,Sports,5.0,320.56,75.74
2422,2023-10-23,21.0,Beauty,9.0,248.58,81.89
2423,2023-11-27,19.0,Home,2.0,41.7,216.1
2424,2023-01-12,39.0,Electronics,6.0,58.57,17.95
2425,2023-10-10,,Home,6.0,416.37,42.72
2426,2023-11-01,45.0,Sports,5.0,231.7,232.14
2427,2023-11-12,,Home,5.0,237.61,156.21
2428,,43.0,Beauty,1.0,71.84,170.5
2429,2023-10-11,28.0,Home,5.0,408.21,299.59
2430,2023-09-23,36.0,Electronics,6.0,16.73,219.73
2431,2023-10-23,54.0,Sports,4.0,337.61,238.09
2432,2023-12-27,36.0,Electronics,3.0,447.94,180.04
2433,2023-10-30,41.0,Beauty,8.0,475.58,203.14
2434,2023-07-27,29.0,,8.0,16.07,106.05
2435,2023-07-04,64.0,,9.0,292.74,90.27
2436,2023-12-29,32.0,Clothing,,31.66,256.67
2437,2023-12-02,30.0,Home,3.0,107.85,54.68
2438,2023-03-30,30.0,Home,9.0,53.71,223.5
2439,2023-03-14,31.0,Clothing,1.0,439.57,24.06
2440,2023-07-20,36.0,Clothing,4.0,397.05,239.15
2441,2023-08-14,49.0,Clothing,5.0,36.18,209.84
2442,2023-02-08,38.0,Clothing,1.0,375.99,283.29
2443,2023-11-17,31.0,Clothing,2.0,311.72,106.42
2444,2023-06-13,66.0,Sports,2.0,241.5,145.53
2445,2023-06-08,28.0,Electronics,8.0,372.32,188.22
2446,2023-07-13,21.0,Clothing,9.0,396.02,52.1
2447,2023-01-12,63.0,Electronics,9.0,492.25,89.51
2448,2023-12-06,50.0,Clothing,,124.87,39.12
2449,2023-10-07,49.0,Sports,,397.01,261.72
2450,2023-04-20,19.0,Electronics,8.0,47.94,262.61
2451,2023-05-26,38.0,,,19.07,27.87
2452,2023-06-11,25.0,Home,5.0,146.34,292.56
2453,2023-11-28,35.0,Home,6.0,99.13,198.91
2454,2023-02-05,58.0,Sports,3.0,222.19,207.22
2455,2023-01-22,52.0,Clothing,9.0,189.29,80.65
2456,2023-12-02,65.0,Clothing,9.0,277.77,9.02
2457,2023-08-05,37.0,Sports,4.0,92.64,40.39
2458,2023-06-13,64.0,Beauty,3.0,51.97,
2459,2023-10-21,49.0,Home,2.0,238.1,19.39
2460,2023-12-31,30.0,Clothing,2.0,245.39,21.86
2461,2023-07-06,25.0,Sports,6.0,85.81,153.02
2462,2023-05-29,33.0,Electronics,1.0,271.66,148.9
2463,2023-08-19,46.0,Beauty,9.0,215.9,252.99
2464,,50.0,Home,4.0,42.92,16.93
2465,2023-12-03,58.0,Sports,2.0,,181.85
2466,2023-05-22,64.0,Electronics,5.0,,52.68
2467,2023-02-15,57.0,,3.0,74.37,286.15
2468,2023-02-13,31.0,Electronics,2.0,493.09,25.43
2469,2023-11-06,47.0,Beauty,1.0,31.0,209.26
2470,2023-04-08,50.0,Electronics,1.0,320.41,163.9
2471,2023-10-10,31.0,Clothing,1.0,366.78,31.09
2472,2023-04-14,45.0,Sports,7.0,220.4,270.52
2473,2023-07-25,59.0,Home,1.0,333.08,275.07
2474,2023-12-19,61.0,Beauty,8.0,396.99,226.78
2475,,38.0,Beauty,4.0,402.34,141.69
2476,2023-03-24,45.0,Clothing,5.0,32.16,40.19
2477,2023-07-09,65.0,Clothing,7.0,,166.34
2478,2023-09-08,43.0,Beauty,5.0,253.44,185.48
2479,2023-05-13,43.0,Clothing,4.0,154.26,170.03
2480,2023-11-22,51.0,Home,2.0,258.27,265.9
2481,2023-04-05,47.0,Electronics,3.0,333.24,216.18
2482,2023-11-21,58.0,Sports,1.0,13.4,23.41
2483,2023-03-30,37.0,,4.0,108.57,237.37
2484,2023-05-09,59.0,Home,2.0,327.51,175.43
2485,2023-12-09,58.0,Clothing,8.0,291.5,70.75
2486,2023-02-23,61.0,Electronics,2.0,214.75,111.73
2487,2023-02-23,,Electronics,6.0,79.13,146.15
2488,2023-04-09,,Beauty,4.0,291.63,172.14
2489,2023-07-12,22.0,Home,2.0,359.29,295.51
2490,2023-04-21,50.0,Sports,9.0,155.27,197.84
2491,2023-07-13,47.0,Beauty,1.0,224.89,189.77
2492,2023-11-22,56.0,Clothing,1.0,406.8,236.13
2493,2023-04-22,55.0,Home,3.0,37.95,287.92
2494,2023-05-11,,,5.0,291.74,68.5
2495,2023-07-16,46.0,Electronics,,255.79,257.66
2496,2023-07-23,48.0,Clothing,7.0,232.69,47.11
2497,2023-10-03,52.0,Beauty,,116.97,71.51
2498,2023-09-17,39.0,Beauty,9.0,99.07,198.02
2499,2023-10-02,,Clothing,1.0,52.68,242.08
2500,2023-06-22,63.0,Beauty,9.0,282.28,237.27
2501,2023-07-07,20.0,Beauty,1.0,285.84,57.76
2502,2023-02-21,54.0,Home,9.0,271.86,30.82
2503,2023-12-31,20.0,Electronics,4.0,233.39,148.43
2504,2023-07-30,58.0,Home,3.0,,233.59
2505,2023-07-19,24.0,Sports,2.0,476.45,261.23
2506,2023-08-28,25.0,Electronics,9.0,460.47,71.62
2507,2023-10-26,37.0,Clothing,1.0,250.67,114.56
2508,2023-05-17,38.0,Beauty,7.0,,
2509,2023-07-30,51.0,Beauty,9.0,394.17,168.78
2510,2023-09-25,49.0,Sports,5.0,52.52,248.34
2511,2023-09-24,54.0,Clothing,6.0,331.36,39.98
2512,2023-01-11,41.0,Electronics,6.0,144.36,78.86
2513,,63.0,Home,6.0,182.12,283.75
2514,2023-08-18,21.0,Sports,1.0,,205.92
2515,2023-08-08,58.0,Home,5.0,337.87,189.12
2516,2023-08-20,26.0,Beauty,3.0,347.01,214.76
2517,2023-02-21,62.0,Sports,9.0,360.61,9.13
2518,2023-09-20,46.0,Electronics,4.0,437.25,92.91
2519,2023-11-13,20.0,Beauty,9.0,100.48,225.09
2520,2023-06-03,23.0,Electronics,7.0,391.06,294.54
2521,2023-05-20,63.0,Sports,7.0,33.54,147.33
2522,2023-04-27,40.0,Beauty,8.0,424.2,225.32
2523,2023-11-05,48.0,Sports,4.0,257.33,101.48
2524,2023-09-26,28.0,Beauty,4.0,374.31,114.29
2525,2023-04-28,33.0,Beauty,,262.77,71.77
2526,2023-04-26,65.0,Beauty,5.0,106.01,95.65
2527,2023-03-16,60.0,Beauty,2.0,279.44,93.35
2528,2023-01-07,65.0,Home,5.0,228.64,191.33
2529,2023-01-11,33.0,Electronics,,317.27,232.94
2530,2023-08-03,30.0,Clothing,9.0,143.44,97.74
2531,2023-01-28,18.0,Electronics,4.0,317.55,209.2
2532,2023-11-09,31.0,Sports,2.0,126.88,68.22
2533,2023-02-23,46.0,Home,Unknown,176.31,162.32
2534,2023-12-19,63.0,Clothing,5.0,379.4,210.81
2535,2023-11-30,62.0,Beauty,1.0,422.87,55.02
2536,2023-12-14,57.0,Beauty,6.0,269.92,32.53
2537,2023-07-27,66.0,Clothing,9.0,363.23,36.0
2538,2023-04-03,37.0,Electronics,8.0,89.02,16.32
2539,2023-04-20,,Electronics,4.0,351.11,256.56
2540,2023-12-24,66.0,Electronics,1.0,14.41,150.68
2541,2023-02-16,42.0,Home,5.0,313.54,199.47
2542,2023-09-03,56.0,Electronics,6.0,,140.3
2543,2023-11-16,22.0,Sports,1.0,363.98,69.93
2544,2023-01-07,34.0,Clothing,5.0,370.76,289.69
2545,2023-07-29,59.0,Electronics,7.0,393.6,157.22
2546,2023-11-26,38.0,Electronics,6.0,386.2,92.74
2547,2023-11-02,29.0,Beauty,1.0,235.58,56.43
2548,2023-11-04,21.0,Home,9.0,259.16,59.58
2549,2023-08-24,,Clothing,9.0,70.95,7.94
2550,2023-01-04,,Home,7.0,495.52,269.79
2551,2023-08-06,49.0,Beauty,2.0,400.38,195.46
2552,2023-03-12,36.0,Clothing,5.0,97.22,168.12
2553,2023-07-08,44.0,Sports,2.0,309.08,159.62
2554,2023-09-10,43.0,Beauty,2.0,312.24,192.52
2555,2023-10-19,,Clothing,4.0,320.66,5.08
2556,2023-05-03,33.0,Home,1.0,241.31,164.8
2557,2023-02-01,38.0,Sports,3.0,321.46,162.27
2558,2023-05-26,66.0,Electronics,,,281.35
2559,2023-01-16,22.0,Sports,5.0,389.67,45.77
2560,2023-09-08,38.0,Sports,7.0,,37.1
2561,2023-09-17,44.0,Beauty,4.0,448.1,262.22
2562,2023-02-08,29.0,Sports,9.0,162.09,188.62
2563,2023-02-08,52.0,Beauty,5.0,309.78,45.33
2564,2023-01-30,61.0,Clothing,1.0,115.54,127.79
2565,2023-07-22,50.0,Electronics,7.0,402.38,50.28
2566,2023-09-25,68.0,Sports,8.0,353.95,
2567,2023-01-18,43.0,Beauty,5.0,67.72,24.3
2568,2023-09-12,60.0,Sports,5.0,426.77,294.53
2569,2023-09-14,34.0,,3.0,142.03,
2570,2023-12-12,,Electronics,8.0,206.38,45.95
2571,2023-08-25,50.0,Sports,4.0,71.93,176.62
2572,2023-02-13,26.0,Sports,3.0,195.94,140.82
2573,,55.0,Sports,2.0,299.78,252.41
2574,2023-04-11,60.0,Clothing,2.0,74.21,
2575,2023-09-11,48.0,Sports,8.0,35.19,
2576,2023-09-06,59.0,Beauty,5.0,47.11,222.79
2577,2023-08-17,40.0,Clothing,7.0,367.01,124.99
2578,2023-12-16,38.0,Home,1.0,42.61,115.02
2579,,,Electronics,4.0,271.3,240.63
2580,2023-11-28,54.0,Electronics,1.0,261.33,101.39
2581,2023-06-10,35.0,Beauty,5.0,454.46,260.2
2582,2023-04-27,27.0,Beauty,1.0,449.24,159.8
2583,2023-06-29,23.0,Electronics,1.0,433.81,38.19
2584,,,,5.0,264.12,71.0
2585,2023-10-01,54.0,Clothing,3.0,419.1,74.72
2586,2023-06-20,29.0,Clothing,3.0,27.96,183.0
2587,2023-07-05,41.0,Clothing,1.0,319.93,38.03
2588,2023-04-05,38.0,Beauty,4.0,338.16,21.93
2589,2023-03-09,54.0,,4.0,406.01,206.45
2590,2023-07-15,,Home,,408.29,47.17
2591,2023-04-03,18.0,Beauty,3.0,40.78,80.73
2592,2023-06-21,67.0,Beauty,1.0,113.01,158.26
2593,2023-01-25,45.0,Clothing,6.0,363.62,9.55
2594,2023-03-26,21.0,Electronics,4.0,150.35,103.98
2595,2023-05-24,58.0,Clothing,4.0,268.76,
2596,2023-06-16,39.0,Electronics,8.0,407.99,177.15
2597,2023-08-08,56.0,Beauty,9.0,103.49,
2598,,66.0,,5.0,121.28,200.98
2599,2023-05-30,65.0,Beauty,8.0,102.2,
2600,2023-08-03,67.0,Clothing,2.0,350.05,33.52
2601,2023-02-22,51.0,Clothing,4.0,113.16,290.57
2602,2023-11-26,53.0,Beauty,3.0,11.06,186.04
2603,2023-09-28,44.0,Beauty,5.0,215.04,97.93
2604,2023-05-03,66.0,,6.0,140.5,188.12
2605,2023-12-05,69.0,Beauty,5.0,285.9,12.91
2606,2023-01-29,65.0,Beauty,4.0,218.87,204.37
2607,2023-01-06,20.0,Home,9.0,285.11,61.1
2608,2023-10-21,26.0,Sports,4.0,134.36,111.43
2609,2023-05-27,24.0,,7.0,432.32,229.32
2610,2023-01-08,54.0,Sports,4.0,194.84,140.4
2611,2023-12-06,30.0,Clothing,4.0,458.11,186.57
2612,2023-06-28,39.0,Sports,4.0,155.72,82.41
2613,2023-02-14,52.0,Clothing,7.0,287.26,128.19
2614,2023-01-16,48.0,,1.0,150.71,273.64
2615,2023-01-09,53.0,Home,,335.42,253.1
2616,2023-11-29,46.0,Beauty,6.0,162.87,41.44
2617,2023-11-23,57.0,Electronics,6.0,158.23,191.92
2618,2023-04-12,42.0,Sports,7.0,,191.12
2619,2023-10-05,51.0,Clothing,4.0,259.15,11.37
2620,2023-01-01,61.0,Electronics,6.0,38.13,162.49
2621,2023-07-27,68.0,Beauty,6.0,360.88,49.64
2622,2023-11-02,22.0,Sports,6.0,,161.78
2623,2023-07-07,23.0,,8.0,47.06,211.77
2624,2023-11-30,29.0,Clothing,6.0,284.9,103.72
2625,2023-10-06,59.0,Beauty,8.0,53.27,247.28
2626,2023-01-25,67.0,Clothing,3.0,344.26,
2627,2023-05-21,67.0,Electronics,3.0,429.73,55.78
2628,2023-10-11,31.0,Home,6.0,308.01,
2629,2023-11-15,58.0,Home,7.0,54.9,19.09
2630,2023-06-28,19.0,Home,7.0,336.79,228.45
2631,2023-06-09,28.0,Home,3.0,243.09,66.76
2632,2023-08-20,54.0,Beauty,2.0,219.45,170.9
2633,2023-08-08,,Sports,2.0,181.02,6.81
2634,2023-10-29,45.0,Electronics,3.0,273.81,30.97
2635,2023-11-19,33.0,Beauty,7.0,180.94,144.77
2636,2023-01-06,40.0,Beauty,9.0,51.36,221.86
2637,2023-04-04,38.0,Clothing,9.0,465.66,148.42
2638,2023-07-16,54.0,Beauty,8.0,347.67,93.9
2639,2023-04-28,30.0,Sports,3.0,329.6,88.04
2640,2023-12-04,20.0,Beauty,5.0,44.55,245.04
2641,2023-10-28,64.0,,2.0,130.9,59.07
2642,2023-11-15,20.0,Beauty,2.0,71.92,255.11
2643,2023-04-24,60.0,Clothing,1.0,271.65,227.2
2644,2023-07-22,58.0,Electronics,1.0,461.91,243.77
2645,2023-11-05,22.0,Home,3.0,42.44,
2646,2023-01-14,42.0,Sports,3.0,243.44,87.93
2647,2023-08-04,52.0,Beauty,2.0,273.44,206.07
2648,2023-02-20,,Beauty,4.0,229.14,190.02
2649,2023-08-02,27.0,Clothing,4.0,272.51,39.58
2650,2023-10-02,46.0,Beauty,,384.26,18.97
2651,2023-08-08,41.0,Electronics,8.0,187.58,287.45
2652,2023-07-06,66.0,Electronics,3.0,256.32,121.91
2653,2023-01-28,,Home,8.0,111.69,32.89
2654,2023-09-10,,Clothing,3.0,146.04,238.57
2655,2023-02-06,53.0,Home,5.0,358.86,
2656,2023-04-08,23.0,Sports,5.0,76.19,178.64
2657,2023-06-17,32.0,Sports,9.0,154.96,264.13
2658,2023-11-29,48.0,Beauty,4.0,292.23,119.12
2659,2023-11-06,55.0,Home,2.0,449.69,
2660,2023-01-28,54.0,Beauty,7.0,202.67,249.14
2661,2023-06-22,,Electronics,9.0,242.32,11.01
2662,2023-08-24,28.0,Sports,8.0,293.59,109.21
2663,2023-08-02,39.0,,6.0,230.67,218.17
2664,2023-08-20,61.0,Home,3.0,470.08,267.68
2665,2023-03-06,21.0,Sports,4.0,409.98,46.11
2666,2023-04-25,32.0,Electronics,7.0,406.95,245.94
2667,2023-12-29,57.0,Beauty,3.0,382.05,296.82
2668,2023-06-07,,Electronics,,121.2,68.05
2669,2023-05-26,21.0,Clothing,7.0,167.84,124.95
2670,2023-08-13,42.0,Sports,,407.48,250.19
2671,2023-04-13,27.0,Home,8.0,366.34,117.91
2672,2023-10-28,66.0,Sports,3.0,66.13,278.79
2673,2023-03-29,47.0,Electronics,,,261.08
2674,2023-06-17,26.0,Beauty,9.0,126.75,155.81
2675,2023-05-15,67.0,Home,3.0,154.65,106.94
2676,2023-12-06,65.0,Home,2.0,398.89,
2677,2023-12-13,50.0,Electronics,4.0,91.98,268.9
2678,2023-04-19,53.0,Sports,8.0,111.96,49.93
2679,2023-01-21,21.0,Beauty,9.0,301.77,282.94
2680,2023-04-22,30.0,Beauty,4.0,179.64,177.87
2681,2023-06-26,63.0,Sports,,420.24,218.95
2682,2023-04-11,47.0,Home,8.0,316.77,13.22
2683,2023-04-02,,Clothing,6.0,376.75,240.73
2684,2023-01-25,41.0,Sports,7.0,98.8,58.76
2685,2023-10-24,42.0,Home,9.0,456.31,143.14
2686,2023-09-06,32.0,Clothing,4.0,162.94,140.43
2687,2023-03-16,65.0,Clothing,8.0,469.94,127.43
2688,2023-06-17,23.0,Clothing,5.0,412.29,18.8
2689,2023-12-21,33.0,Electronics,3.0,264.33,63.4
2690,2023-01-19,32.0,Electronics,5.0,334.58,177.8
2691,2023-08-29,21.0,Clothing,Unknown,263.36,130.82
2692,2023-12-10,67.0,Home,8.0,281.64,194.43
2693,2023-07-09,30.0,Home,8.0,257.55,282.41
2694,2023-06-02,57.0,Clothing,4.0,349.87,299.41
2695,,28.0,Beauty,3.0,72.59,58.89
2696,2023-12-11,21.0,Electronics,5.0,98.86,155.44
2697,2023-08-09,53.0,Sports,5.0,363.35,77.67
2698,2023-07-30,61.0,Electronics,2.0,88.82,171.38
2699,2023-07-01,62.0,Clothing,1.0,82.94,141.37
2700,2023-05-09,52.0,,,148.8,104.59
2701,2023-12-02,64.0,Clothing,7.0,94.75,105.65
2702,2023-02-03,,Home,9.0,352.43,174.58
2703,2023-02-14,64.0,Sports,8.0,343.9,
2704,2023-05-02,20.0,Electronics,2.0,240.26,231.46
2705,2023-12-27,48.0,Home,3.0,363.75,186.88
2706,2023-02-08,37.0,Beauty,7.0,475.6,
2707,2023-01-10,57.0,Sports,7.0,205.36,100.96
2708,2023-09-01,25.0,Electronics,5.0,,
2709,2023-03-29,56.0,Home,8.0,463.15,129.03
2710,2023-11-25,58.0,Clothing,Unknown,,288.71
2711,2023-01-04,61.0,Electronics,3.0,406.29,71.56
2712,2023-01-09,39.0,Electronics,1.0,101.09,293.5
2713,2023-06-03,30.0,Clothing,2.0,283.64,158.96
2714,2023-09-29,50.0,Beauty,8.0,153.95,256.35
2715,2023-11-04,28.0,Beauty,6.0,432.29,37.07
2716,2023-09-18,46.0,Sports,1.0,310.09,55.01
2717,2023-05-26,55.0,Electronics,8.0,428.85,177.7
2718,2023-04-03,26.0,Electronics,2.0,445.9,209.14
2719,2023-04-19,31.0,Home,8.0,330.6,179.2
2720,2023-04-05,39.0,Beauty,4.0,193.3,264.61
2721,2023-03-08,23.0,Clothing,4.0,202.31,238.02
2722,,58.0,Sports,6.0,405.16,290.6
2723,2023-01-09,23.0,Sports,6.0,355.88,84.53
2724,2023-09-24,24.0,Clothing,8.0,300.95,287.81
2725,2023-10-25,58.0,Home,9.0,22.81,216.2
2726,2023-05-21,68.0,Sports,8.0,467.84,89.83
2727,2023-03-15,55.0,Sports,3.0,439.73,133.9
2728,2023-03-14,18.0,Beauty,4.0,361.01,22.84
2729,2023-05-10,63.0,Electronics,9.0,221.94,208.79
2730,2023-03-01,34.0,Clothing,6.0,48.85,243.92
2731,2023-10-23,40.0,Sports,7.0,173.29,74.02
2732,2023-12-07,34.0,Beauty,9.0,65.9,248.59
2733,2023-07-25,54.0,Electronics,2.0,47.5,134.88
2734,2023-07-16,29.0,Beauty,8.0,226.48,156.41
2735,2023-03-30,18.0,Sports,3.0,474.67,183.0
2736,2023-10-03,48.0,Sports,8.0,414.19,90.4
2737,2023-07-28,29.0,Home,5.0,107.66,
2738,2023-06-02,18.0,Clothing,2.0,451.93,216.28
2739,2023-12-25,29.0,Beauty,1.0,17.72,92.78
2740,2023-03-11,30.0,Sports,1.0,340.76,66.69
2741,2023-04-09,58.0,Beauty,2.0,460.38,167.34
2742,2023-12-06,50.0,Home,1.0,438.77,249.18
2743,2023-08-02,,Electronics,5.0,83.85,178.36
2744,2023-11-14,54.0,Home,6.0,208.06,295.11
2745,2023-08-04,55.0,Electronics,2.0,345.44,271.93
2746,2023-01-15,28.0,Clothing,9.0,438.84,60.35
2747,2023-02-04,37.0,Home,4.0,172.93,207.98
2748,2023-12-24,21.0,Clothing,7.0,46.9,40.1
2749,2023-01-30,59.0,,9.0,78.33,116.18
2750,2023-05-24,18.0,Beauty,7.0,,58.11
2751,2023-08-20,36.0,Home,2.0,,112.46
2752,2023-07-29,65.0,Beauty,4.0,356.82,66.18
2753,2023-03-24,69.0,Sports,9.0,86.28,134.86
2754,2023-07-10,,Sports,6.0,281.46,96.59
2755,2023-01-07,23.0,Home,8.0,363.7,27.71
2756,2023-02-03,50.0,Home,7.0,162.53,297.78
2757,2023-01-06,54.0,Electronics,6.0,99.37,179.98
2758,2023-08-03,45.0,Home,6.0,74.61,73.56
2759,2023-05-06,65.0,Electronics,5.0,65.45,118.92
2760,2023-12-03,38.0,Beauty,1.0,,125.1
2761,2023-11-27,,,3.0,312.6,79.61
2762,2023-04-25,40.0,Sports,4.0,496.79,
2763,2023-10-11,59.0,,5.0,21.12,296.44
2764,2023-06-15,,Electronics,7.0,,6.54
2765,,44.0,Electronics,6.0,338.24,138.87
2766,2023-06-25,54.0,Sports,4.0,54.51,79.55
2767,2023-07-03,28.0,Clothing,5.0,445.74,98.43
2768,2023-11-11,19.0,Beauty,5.0,124.39,11.47
2769,2023-10-03,29.0,Beauty,2.0,343.6,185.76
2770,2023-08-02,,Clothing,8.0,31.96,210.84
2771,2023-04-19,,Electronics,1.0,359.41,73.47
2772,2023-07-10,46.0,Sports,4.0,92.68,257.34
2773,2023-07-15,62.0,Beauty,9.0,422.59,164.45
2774,2023-09-03,48.0,Electronics,9.0,308.61,142.36
2775,2023-01-07,50.0,Electronics,8.0,392.44,68.37
2776,2023-08-07,69.0,Sports,7.0,329.87,15.97
2777,2023-06-21,26.0,Beauty,7.0,214.19,276.66
2778,2023-05-03,19.0,Sports,2.0,272.32,139.37
2779,2023-06-27,36.0,,3.0,239.42,5.01
2780,2023-06-14,67.0,,5.0,227.0,47.47
2781,2023-07-28,37.0,Electronics,7.0,422.68,126.99
2782,2023-02-17,33.0,Home,7.0,72.52,156.0
2783,2023-06-24,46.0,Home,9.0,188.64,140.71
2784,2023-04-26,55.0,Electronics,5.0,327.5,155.22
2785,2023-09-10,41.0,Clothing,6.0,385.98,80.76
2786,2023-04-05,48.0,Sports,1.0,61.09,234.38
2787,2023-01-24,56.0,Sports,8.0,142.22,293.09
2788,2023-12-04,21.0,Sports,3.0,402.11,174.28
2789,2023-07-25,,Sports,7.0,310.5,111.59
2790,2023-03-20,,Beauty,2.0,276.07,87.56
2791,2023-09-28,65.0,Sports,8.0,397.44,252.87
2792,2023-09-04,63.0,Beauty,9.0,286.28,144.41
2793,2023-07-09,44.0,Electronics,4.0,249.74,78.06
2794,2023-12-27,51.0,Clothing,9.0,366.42,121.88
2795,2023-12-18,38.0,Clothing,1.0,457.72,76.6
2796,2023-09-13,61.0,Sports,6.0,293.91,289.3
2797,,58.0,Clothing,8.0,231.52,66.63
2798,2023-01-01,23.0,Clothing,7.0,156.17,51.52
2799,2023-03-20,67.0,Electronics,7.0,139.21,
2800,2023-12-15,69.0,Beauty,2.0,346.0,236.01
2801,2023-07-11,18.0,Electronics,9.0,115.72,26.75
2802,2023-02-07,59.0,Home,8.0,67.35,187.45
2803,2023-12-13,37.0,Clothing,1.0,197.11,30.04
2804,2023-07-28,38.0,Sports,5.0,445.82,77.07
2805,2023-03-30,44.0,Electronics,8.0,,8.47
2806,2023-04-03,,Clothing,4.0,158.24,30.54
2807,2023-09-02,66.0,Beauty,9.0,218.41,51.8
2808,2023-09-29,56.0,Electronics,5.0,381.52,
2809,2023-05-08,55.0,Beauty,6.0,156.39,180.33
2810,2023-09-30,64.0,Beauty,1.0,97.84,25.3
2811,2023-05-10,61.0,Home,5.0,132.98,17.73
2812,2023-12-16,66.0,Sports,5.0,399.87,170.64
2813,2023-11-21,46.0,Electronics,5.0,132.41,262.61
2814,2023-01-16,20.0,Electronics,7.0,85.57,15.96
2815,2023-06-14,38.0,Clothing,,296.76,82.89
2816,2023-07-16,65.0,Clothing,7.0,111.55,271.51
2817,2023-11-18,56.0,Home,5.0,343.21,55.5
2818,,37.0,,5.0,454.62,119.69
2819,2023-11-16,59.0,Electronics,7.0,129.45,46.71
2820,2023-06-11,40.0,Electronics,5.0,290.49,11.67
2821,2023-09-08,,Sports,6.0,279.24,195.87
2822,2023-01-18,53.0,Home,7.0,371.1,46.07
2823,2023-04-07,43.0,Home,9.0,459.76,182.81
2824,2023-05-12,28.0,Beauty,8.0,369.8,240.65
2825,2023-03-23,35.0,Beauty,1.0,97.34,94.96
2826,2023-02-28,33.0,,4.0,124.02,169.2
2827,2023-10-11,34.0,Electronics,9.0,265.11,20.12
2828,2023-08-16,54.0,Electronics,7.0,163.56,181.84
2829,2023-11-14,52.0,Sports,7.0,223.19,209.7
2830,2023-03-28,,Clothing,7.0,269.69,237.08
2831,2023-02-25,28.0,Beauty,5.0,441.2,
2832,2023-01-18,35.0,Electronics,3.0,344.55,205.42
2833,2023-04-23,37.0,Sports,8.0,417.69,44.29
2834,2023-10-22,33.0,Electronics,6.0,132.99,257.07
2835,2023-03-20,62.0,Beauty,4.0,318.47,41.6
2836,2023-07-01,40.0,Clothing,7.0,88.24,204.41
2837,,34.0,Sports,9.0,173.24,254.44
2838,2023-11-10,59.0,Sports,4.0,99.69,88.77
2839,,,Home,3.0,387.23,132.85
2840,2023-05-26,56.0,Clothing,5.0,261.93,150.28
2841,2023-10-23,28.0,Electronics,2.0,127.59,291.38
2842,2023-07-12,36.0,Home,6.0,161.22,41.03
2843,2023-11-01,32.0,Sports,8.0,285.6,271.75
2844,2023-12-29,32.0,Home,7.0,337.31,6.67
2845,2023-11-30,22.0,Clothing,1.0,409.82,166.94
2846,2023-11-28,,Clothing,2.0,446.4,48.94
2847,2023-07-03,22.0,Home,1.0,56.03,158.74
2848,2023-05-08,30.0,Clothing,7.0,200.96,140.74
2849,2023-11-24,66.0,Home,6.0,351.05,176.23
2850,2023-08-29,46.0,,7.0,31.52,289.32
2851,2023-03-24,34.0,Clothing,2.0,448.42,83.38
2852,2023-07-04,67.0,Beauty,6.0,290.26,36.2
2853,2023-04-09,57.0,Electronics,4.0,237.4,271.22
2854,2023-01-22,41.0,Home,5.0,125.22,195.28
2855,2023-05-06,,Sports,4.0,181.63,
2856,2023-02-11,66.0,Electronics,8.0,,280.16
2857,2023-01-31,55.0,Clothing,1.0,368.36,268.66
2858,2023-09-04,59.0,Home,5.0,163.26,248.32
2859,2023-10-21,43.0,Electronics,8.0,416.4,268.64
2860,2023-07-26,54.0,Electronics,9.0,330.64,115.67
2861,2023-10-05,43.0,Sports,5.0,89.82,110.56
2862,2023-02-26,69.0,Clothing,5.0,338.65,
2863,2023-10-18,56.0,Electronics,5.0,237.57,255.56
2864,2023-11-04,62.0,Sports,3.0,446.97,72.11
2865,2023-07-17,45.0,Sports,7.0,67.05,55.13
2866,2023-06-28,66.0,Sports,3.0,345.23,82.96
2867,2023-10-04,41.0,Clothing,8.0,131.3,165.59
2868,2023-03-02,62.0,Clothing,9.0,18.51,262.12
2869,2023-01-26,65.0,Home,3.0,85.3,261.94
2870,2023-03-06,27.0,Sports,,315.2,207.69
2871,2023-07-11,31.0,Electronics,5.0,181.0,20.46
2872,2023-07-06,28.0,Clothing,5.0,338.07,84.74
2873,2023-06-30,29.0,Clothing,4.0,237.38,28.7
2874,2023-12-01,63.0,Electronics,9.0,,64.12
2875,2023-07-25,56.0,Electronics,5.0,394.16,107.12
2876,2023-11-23,18.0,Clothing,7.0,160.51,13.58
2877,2023-01-02,60.0,Electronics,2.0,311.68,167.17
2878,2023-05-05,62.0,Sports,3.0,414.93,223.96
2879,2023-05-20,34.0,Beauty,2.0,491.99,84.36
2880,2023-10-15,59.0,Home,1.0,281.04,196.99
2881,2023-05-09,48.0,Electronics,2.0,332.9,51.72
2882,2023-02-27,45.0,Beauty,,226.44,
2883,2023-02-14,39.0,Electronics,1.0,22.8,227.89
2884,2023-01-23,59.0,Home,5.0,,33.79
2885,2023-12-01,32.0,Sports,7.0,241.02,47.66
2886,2023-10-09,48.0,Beauty,9.0,126.73,37.65
2887,2023-02-05,,Beauty,3.0,452.4,177.27
2888,2023-07-11,37.0,Electronics,1.0,146.12,297.76
2889,2023-03-10,38.0,Clothing,7.0,316.49,84.28
2890,2023-02-24,68.0,Beauty,2.0,293.28,275.27
2891,2023-12-02,37.0,Sports,1.0,287.05,65.11
2892,2023-04-29,53.0,Beauty,9.0,288.21,102.98
2893,2023-06-03,20.0,Electronics,2.0,372.23,126.04
2894,2023-03-08,49.0,Beauty,7.0,452.96,253.1
2895,2023-02-03,38.0,Electronics,5.0,365.4,175.3
2896,2023-06-18,33.0,Home,7.0,212.49,
2897,2023-01-03,18.0,Home,2.0,466.98,286.46
2898,2023-10-14,66.0,Beauty,5.0,75.18,47.6
2899,2023-04-15,42.0,Beauty,9.0,237.64,68.91
2900,2023-09-27,55.0,Electronics,4.0,495.67,90.24
2901,2023-01-06,56.0,Beauty,8.0,180.78,71.28
2902,2023-03-12,26.0,Electronics,3.0,72.29,179.28
2903,2023-06-07,37.0,Sports,5.0,261.99,162.66
2904,2023-05-06,58.0,Sports,5.0,406.85,286.25
2905,2023-04-07,53.0,Sports,1.0,285.23,123.3
2906,2023-07-10,22.0,Sports,9.0,274.35,11.62
2907,2023-11-03,66.0,Clothing,6.0,454.86,104.81
2908,2023-02-25,23.0,Sports,5.0,438.23,244.29
2909,2023-02-01,32.0,Sports,3.0,245.12,88.62
2910,2023-06-04,65.0,Home,5.0,396.91,271.89
2911,2023-11-16,,Home,6.0,407.34,262.74
2912,2023-05-10,36.0,Clothing,6.0,437.81,252.67
2913,2023-04-24,19.0,Sports,7.0,426.51,233.88
2914,2023-09-28,61.0,Clothing,2.0,464.1,128.91
2915,2023-10-05,57.0,Sports,5.0,440.15,157.02
2916,2023-07-22,28.0,Home,2.0,,119.87
2917,2023-04-11,45.0,Beauty,7.0,103.54,114.23
2918,2023-04-27,47.0,Electronics,6.0,465.51,272.98
2919,2023-12-10,24.0,Sports,9.0,,89.82
2920,2023-04-30,43.0,Sports,2.0,416.31,282.11
2921,2023-08-04,27.0,Electronics,1.0,96.67,47.15
2922,2023-05-10,50.0,,8.0,248.87,144.74
2923,2023-11-14,23.0,Sports,6.0,380.52,68.51
2924,2023-11-20,34.0,Home,8.0,450.94,241.45
2925,2023-04-27,57.0,Beauty,9.0,78.18,35.74
2926,2023-04-04,19.0,Sports,8.0,139.62,104.87
2927,2023-07-22,38.0,Clothing,8.0,336.56,209.25
2928,2023-07-02,69.0,Home,6.0,300.91,178.46
2929,2023-03-15,36.0,Sports,5.0,165.2,95.8
2930,2023-10-01,63.0,Beauty,1.0,257.02,96.92
2931,2023-07-31,19.0,Clothing,4.0,263.8,64.74
2932,2023-03-23,,Home,6.0,129.51,211.14
2933,2023-01-14,29.0,Sports,5.0,490.63,247.57
2934,2023-08-11,38.0,Electronics,5.0,405.24,78.43
2935,,68.0,Sports,2.0,53.93,49.14
2936,2023-02-16,27.0,Beauty,1.0,234.03,54.19
2937,2023-09-22,53.0,Home,1.0,432.49,52.79
2938,2023-06-04,34.0,Beauty,,409.5,
2939,2023-09-04,42.0,Clothing,6.0,393.95,169.43
2940,2023-01-26,50.0,Clothing,8.0,139.73,268.41
2941,2023-06-03,18.0,Sports,4.0,165.68,130.7
2942,2023-12-04,38.0,Home,9.0,94.12,71.27
2943,2023-05-11,40.0,Beauty,6.0,128.81,78.74
2944,2023-10-25,50.0,Beauty,5.0,357.44,248.72
2945,2023-03-17,23.0,Sports,8.0,164.23,161.88
2946,2023-11-15,64.0,Beauty,3.0,38.4,239.63
2947,2023-02-18,33.0,Beauty,9.0,214.27,55.92
2948,2023-12-21,37.0,Clothing,9.0,462.6,114.64
2949,2023-12-22,39.0,Home,9.0,185.32,194.11
2950,2023-09-20,60.0,Home,9.0,217.94,8.8
2951,2023-12-22,60.0,Beauty,7.0,426.2,125.22
2952,2023-07-08,,Electronics,4.0,495.96,266.14
2953,2023-05-09,60.0,Home,1.0,343.72,239.91
2954,2023-09-23,41.0,Clothing,8.0,279.37,148.88
2955,2023-05-24,30.0,Home,1.0,157.81,72.58
2956,2023-06-06,54.0,Sports,7.0,100.37,290.32
2957,2023-05-14,41.0,Electronics,1.0,270.46,94.59
2958,2023-12-02,49.0,Home,8.0,,188.58
2959,2023-11-30,49.0,Electronics,7.0,451.66,268.99
2960,2023-03-31,19.0,Clothing,5.0,197.56,269.11
2961,2023-06-10,61.0,Beauty,4.0,354.9,37.24
2962,2023-10-28,66.0,Sports,4.0,197.18,76.68
2963,2023-03-09,63.0,Beauty,7.0,335.74,293.8
2964,2023-01-02,18.0,Sports,7.0,40.62,123.9
2965,2023-10-13,26.0,Sports,8.0,308.42,254.92
2966,2023-08-06,26.0,Sports,9.0,487.66,138.52
2967,2023-09-26,37.0,Clothing,4.0,199.15,13.66
2968,2023-04-08,20.0,Electronics,1.0,415.98,31.36
2969,2023-05-29,40.0,Clothing,9.0,114.52,23.9
2970,2023-03-07,63.0,Home,3.0,356.19,7.52
2971,,36.0,Beauty,8.0,61.48,23.33
2972,2023-07-24,67.0,Home,1.0,309.46,289.06
2973,2023-09-11,51.0,Sports,7.0,250.0,252.74
2974,2023-05-10,44.0,Beauty,7.0,267.45,28.66
2975,2023-07-06,49.0,Clothing,4.0,285.28,277.49
2976,2023-07-02,57.0,Electronics,2.0,81.62,227.92
2977,2023-11-18,35.0,Home,6.0,398.32,144.77
2978,2023-03-19,56.0,Electronics,4.0,20.76,198.08
2979,2023-06-11,24.0,Sports,3.0,489.43,251.88
2980,2023-08-26,19.0,Sports,4.0,394.92,91.52
2981,2023-07-11,31.0,Sports,7.0,414.07,249.62
2982,2023-01-18,21.0,Sports,8.0,365.27,298.02
2983,2023-05-03,38.0,Beauty,1.0,470.35,241.16
2984,2023-02-20,37.0,Electronics,4.0,193.86,103.24
2985,2023-02-17,52.0,Home,9.0,98.48,32.39
2986,2023-03-25,68.0,Home,5.0,489.72,126.6
2987,2023-04-17,59.0,Beauty,8.0,476.77,214.29
2988,2023-05-15,47.0,Sports,7.0,29.25,
2989,2023-01-11,26.0,Sports,6.0,370.76,
2990,2023-03-10,29.0,Home,3.0,256.65,198.39
2991,2023-10-20,27.0,Electronics,8.0,383.24,281.97
2992,2023-04-03,30.0,Electronics,6.0,173.89,35.64
2993,2023-06-03,49.0,Electronics,2.0,362.56,71.39
2994,,20.0,Beauty,4.0,147.24,116.79
2995,2023-09-24,46.0,Beauty,8.0,494.39,78.51
2996,2023-04-16,,Clothing,8.0,332.95,145.95
2997,2023-02-04,30.0,Sports,6.0,495.92,133.05
2998,2023-01-14,29.0,Sports,8.0,231.12,285.26
2999,2023-10-21,38.0,Sports,8.0,25.52,231.25
3000,2023-08-26,50.0,Sports,6.0,288.4,59.69
3001,2023-01-10,43.0,Clothing,6.0,313.93,143.51
3002,2023-05-25,42.0,Electronics,2.0,93.57,127.66
3003,2023-08-11,43.0,,9.0,392.11,209.39
3004,2023-09-25,41.0,Electronics,3.0,289.48,237.77
3005,2023-12-20,49.0,Beauty,2.0,129.37,212.09
3006,2023-08-02,59.0,Electronics,1.0,211.5,206.58
3007,2023-12-04,58.0,Sports,3.0,144.61,214.97
3008,2023-05-10,41.0,,3.0,24.29,33.38
3009,2023-11-26,32.0,Home,9.0,106.51,263.15
3010,2023-05-05,58.0,Sports,9.0,386.74,44.4
3011,2023-05-20,20.0,,9.0,116.6,75.5
3012,2023-01-08,61.0,Electronics,,209.89,202.43
3013,2023-05-04,47.0,Sports,6.0,202.25,96.03
3014,2023-01-10,52.0,Sports,3.0,11.88,45.1
3015,2023-04-22,,Home,5.0,373.99,
3016,2023-12-28,55.0,Beauty,3.0,185.62,15.08
3017,2023-01-14,26.0,Beauty,5.0,294.37,163.66
3018,2023-08-30,,Electronics,4.0,343.66,86.38
3019,2023-05-29,24.0,Electronics,6.0,394.11,113.07
3020,2023-06-16,47.0,Sports,5.0,244.43,141.64
3021,2023-12-09,33.0,Beauty,6.0,371.3,95.89
3022,2023-05-09,46.0,Home,3.0,56.31,105.63
3023,2023-10-21,40.0,Beauty,9.0,152.41,35.01
3024,,50.0,Home,8.0,217.79,291.39
3025,2023-02-13,,Sports,1.0,255.54,23.74
3026,2023-05-25,51.0,Beauty,7.0,361.84,26.78
3027,2023-10-21,54.0,Sports,9.0,76.17,
3028,2023-09-23,34.0,Sports,9.0,88.47,
3029,2023-09-05,45.0,Sports,2.0,475.57,26.77
3030,2023-02-26,64.0,Beauty,6.0,23.54,196.24
3031,2023-10-16,61.0,Home,2.0,448.6,174.77
3032,2023-08-08,62.0,Beauty,9.0,314.77,265.99
3033,2023-12-18,64.0,Beauty,4.0,414.33,256.49
3034,2023-10-25,68.0,Electronics,4.0,311.41,235.45
3035,2023-04-20,,Home,2.0,195.49,224.46
3036,2023-02-01,22.0,Clothing,4.0,244.45,93.65
3037,2023-01-25,32.0,Electronics,9.0,484.57,242.9
3038,2023-08-14,50.0,Sports,8.0,263.49,183.52
3039,2023-08-20,37.0,Home,4.0,307.47,58.9
3040,2023-10-14,62.0,Electronics,2.0,367.88,286.18
3041,,40.0,Clothing,6.0,76.07,174.04
3042,2023-08-01,26.0,Sports,9.0,461.25,135.32
3043,2023-06-24,47.0,Clothing,9.0,296.65,262.08
3044,2023-08-14,69.0,Beauty,2.0,389.46,165.25
3045,2023-09-03,60.0,Home,8.0,219.76,222.26
3046,2023-09-11,34.0,Sports,,,141.25
3047,2023-01-30,18.0,Home,7.0,253.89,43.02
3048,2023-12-09,49.0,Electronics,2.0,202.03,123.75
3049,2023-05-19,22.0,Beauty,5.0,88.42,261.57
3050,2023-08-06,,Clothing,5.0,173.36,15.48
3051,2023-01-13,40.0,Electronics,7.0,227.48,49.32
3052,2023-11-20,22.0,Home,2.0,66.25,172.02
3053,2023-07-29,64.0,Beauty,8.0,106.68,239.26
3054,2023-10-02,30.0,Beauty,2.0,259.55,159.19
3055,2023-09-08,,Beauty,8.0,177.3,32.58
3056,2023-11-17,26.0,Sports,3.0,175.97,274.3
3057,2023-02-03,33.0,Sports,9.0,394.28,138.26
3058,2023-01-18,35.0,Home,3.0,151.13,89.38
3059,2023-01-05,60.0,Beauty,5.0,,53.5
3060,2023-07-01,62.0,Home,8.0,444.28,15.97
3061,2023-10-12,30.0,Beauty,9.0,265.18,86.59
3062,2023-04-14,63.0,Home,7.0,52.97,77.03
3063,2023-09-07,21.0,Home,7.0,65.53,270.94
3064,2023-04-18,41.0,Clothing,1.0,53.02,267.38
3065,2023-03-18,26.0,Electronics,4.0,34.01,255.49
3066,2023-09-15,52.0,,7.0,356.54,294.41
3067,,52.0,Beauty,2.0,240.05,148.77
3068,2023-03-29,37.0,Beauty,3.0,15.56,117.49
3069,2023-05-31,43.0,Sports,9.0,387.91,144.64
3070,2023-07-07,47.0,Clothing,6.0,71.39,86.33
3071,2023-09-28,53.0,Electronics,5.0,291.71,106.87
3072,2023-01-05,18.0,Home,2.0,380.1,278.93
3073,2023-11-04,43.0,Beauty,8.0,123.95,247.37
3074,2023-06-30,36.0,Sports,3.0,195.28,49.44
3075,2023-05-23,35.0,Home,7.0,432.06,193.0
3076,2023-05-07,65.0,Sports,2.0,165.79,274.15
3077,2023-12-21,68.0,Clothing,8.0,261.06,245.49
3078,2023-08-28,23.0,Clothing,6.0,81.38,89.59
3079,2023-07-17,,Beauty,9.0,435.01,76.37
3080,2023-01-11,56.0,Home,1.0,45.66,167.71
3081,2023-05-31,18.0,Sports,9.0,490.57,170.64
3082,2023-08-25,66.0,Sports,2.0,183.17,247.53
3083,2023-08-07,26.0,Home,3.0,436.12,
3084,2023-05-31,25.0,Electronics,8.0,79.51,264.93
3085,2023-07-08,50.0,Home,5.0,104.73,66.2
3086,2023-04-14,37.0,Beauty,2.0,301.88,287.9
3087,2023-11-05,62.0,Beauty,5.0,390.12,226.92
3088,2023-10-27,56.0,Home,3.0,,150.44
3089,2023-12-23,47.0,Clothing,3.0,303.26,197.0
3090,2023-12-19,61.0,Sports,7.0,116.49,252.69
3091,2023-01-12,18.0,Electronics,1.0,132.82,191.72
3092,2023-09-01,,Sports,9.0,87.46,269.81
3093,2023-11-08,28.0,Home,2.0,105.32,278.11
3094,2023-08-14,30.0,Sports,2.0,138.91,189.13
3095,2023-04-16,55.0,Beauty,1.0,216.64,
3096,2023-02-27,32.0,Sports,8.0,346.9,120.81
3097,2023-02-11,59.0,,8.0,33.13,179.66
3098,2023-06-30,55.0,Beauty,2.0,47.8,41.25
3099,2023-02-25,41.0,Beauty,1.0,111.51,274.32
3100,2023-04-11,34.0,Sports,3.0,432.56,141.48
3101,2023-03-15,41.0,Beauty,3.0,207.41,78.77
3102,,49.0,Beauty,3.0,438.28,35.88
3103,2023-09-18,54.0,Clothing,3.0,454.39,30.71
3104,2023-07-01,44.0,Electronics,1.0,338.53,8.58
3105,2023-01-04,39.0,Beauty,8.0,249.2,286.24
3106,2023-12-02,,Sports,3.0,284.97,279.96
3107,2023-10-08,20.0,Electronics,7.0,467.77,42.7
3108,2023-04-08,65.0,Electronics,7.0,211.47,76.96
3109,2023-01-09,26.0,Beauty,6.0,,
3110,2023-05-26,66.0,Home,9.0,74.39,114.4
3111,2023-03-04,66.0,Clothing,1.0,392.0,87.04
3112,2023-08-14,24.0,Clothing,4.0,277.86,101.28
3113,2023-09-17,35.0,Clothing,8.0,326.81,292.58
3114,2023-09-12,67.0,Sports,6.0,377.64,252.72
3115,2023-07-26,50.0,Electronics,4.0,272.7,121.0
3116,2023-12-02,30.0,Home,9.0,74.21,190.74
3117,2023-03-10,40.0,Clothing,6.0,253.18,77.98
3118,2023-01-01,33.0,Sports,2.0,231.85,181.78
3119,2023-08-06,,Electronics,3.0,128.01,122.0
3120,2023-09-08,58.0,Sports,4.0,492.93,
3121,2023-06-23,39.0,Beauty,1.0,176.16,147.49
3122,2023-03-31,59.0,Sports,9.0,119.43,115.05
3123,2023-10-21,35.0,Electronics,2.0,74.53,157.24
3124,2023-05-12,45.0,Electronics,5.0,328.19,
3125,2023-11-20,53.0,Sports,9.0,136.47,44.91
3126,2023-02-18,30.0,Home,7.0,351.64,120.24
3127,2023-09-04,36.0,Home,9.0,180.11,240.19
3128,2023-08-27,49.0,Electronics,5.0,52.98,73.69
3129,2023-06-17,,Home,2.0,271.47,113.51
3130,2023-10-26,40.0,Clothing,1.0,214.2,89.0
3131,2023-08-04,39.0,Sports,4.0,316.66,151.96
3132,2023-03-21,24.0,Clothing,8.0,458.83,236.08
3133,2023-01-27,45.0,Beauty,1.0,142.29,217.69
3134,2023-07-14,,Sports,,10.19,246.76
3135,2023-12-08,,Electronics,3.0,153.94,32.08
3136,2023-08-30,39.0,Beauty,7.0,420.91,69.31
3137,2023-11-01,36.0,Home,3.0,499.56,213.83
3138,2023-11-08,36.0,Beauty,3.0,172.05,42.68
3139,2023-02-13,18.0,Electronics,1.0,223.33,137.64
3140,2023-12-09,,Beauty,8.0,495.47,157.16
3141,2023-03-25,23.0,Electronics,7.0,19.37,124.5
3142,2023-06-05,52.0,Sports,9.0,446.85,196.02
3143,2023-05-25,,Sports,9.0,394.15,197.79
3144,2023-11-29,20.0,Beauty,9.0,315.12,5.41
3145,2023-02-14,48.0,Home,,169.94,96.44
3146,2023-03-03,36.0,Sports,7.0,318.53,152.06
3147,2023-11-04,37.0,Beauty,2.0,35.9,92.03
3148,2023-10-27,,,7.0,313.57,29.49
3149,2023-04-27,24.0,Home,2.0,258.75,77.82
3150,2023-02-03,67.0,Clothing,9.0,227.82,135.35
3151,2023-02-24,24.0,Beauty,5.0,334.57,199.47
3152,2023-02-11,60.0,Home,2.0,237.21,173.87
3153,2023-08-19,46.0,Home,7.0,415.66,266.16
3154,2023-01-10,21.0,Home,7.0,301.04,285.15
3155,2023-05-08,49.0,Home,9.0,361.79,250.89
3156,2023-07-12,,Sports,1.0,217.44,257.2
3157,2023-08-19,26.0,Clothing,9.0,250.83,292.97
3158,2023-01-30,63.0,Electronics,1.0,,206.79
3159,,,Electronics,4.0,15.98,146.18
3160,,,Beauty,9.0,320.46,118.17
3161,2023-07-04,55.0,Electronics,,342.81,181.18
3162,2023-11-04,48.0,Clothing,2.0,387.26,203.29
3163,2023-06-15,59.0,Electronics,7.0,353.23,198.0
3164,2023-05-27,26.0,Sports,7.0,129.55,246.05
3165,2023-06-10,61.0,Clothing,5.0,378.3,85.58
3166,2023-04-07,,Beauty,1.0,371.84,175.73
3167,2023-02-12,58.0,Clothing,4.0,91.69,
3168,2023-04-18,67.0,Home,6.0,297.02,94.44
3169,2023-09-19,45.0,Home,5.0,,20.47
3170,2023-03-12,50.0,Sports,2.0,80.96,25.03
3171,2023-01-21,18.0,Home,7.0,166.89,
3172,2023-03-21,52.0,Home,2.0,293.6,124.41
3173,2023-07-01,24.0,Home,8.0,31.55,104.51
3174,2023-01-05,33.0,,2.0,299.23,32.81
3175,2023-01-18,52.0,Home,6.0,296.65,144.03
3176,2023-02-26,40.0,Electronics,2.0,137.23,62.29
3177,2023-12-19,52.0,Sports,9.0,239.19,88.86
3178,2023-10-04,40.0,Electronics,6.0,408.38,104.52
3179,2023-02-09,60.0,Beauty,9.0,164.39,107.26
3180,2023-05-07,,Clothing,3.0,274.95,272.5
3181,2023-02-24,,Beauty,,298.02,275.87
3182,2023-06-21,57.0,Beauty,4.0,326.89,70.84
3183,2023-07-03,49.0,,3.0,434.3,214.73
3184,2023-07-17,68.0,Beauty,6.0,231.78,
3185,2023-03-28,55.0,Clothing,3.0,233.6,96.42
3186,2023-11-18,35.0,Electronics,4.0,170.32,41.86
3187,2023-04-28,32.0,Clothing,9.0,449.19,134.51
3188,2023-02-11,43.0,Clothing,5.0,440.49,88.81
3189,2023-11-25,62.0,,Unknown,111.86,35.11
3190,,38.0,Beauty,5.0,162.19,51.6
3191,2023-03-04,40.0,Home,2.0,322.88,119.66
3192,2023-01-19,42.0,Electronics,4.0,91.64,148.32
3193,2023-09-03,27.0,,9.0,152.28,75.9
3194,2023-03-22,36.0,Home,5.0,316.65,192.29
3195,2023-07-16,46.0,Beauty,4.0,403.95,184.61
3196,2023-07-15,24.0,Electronics,6.0,207.69,106.05
3197,2023-07-15,41.0,Clothing,4.0,161.86,77.4
3198,2023-01-14,,Electronics,8.0,108.7,104.56
3199,2023-02-26,43.0,Sports,8.0,439.26,45.55
3200,2023-07-29,45.0,Sports,5.0,212.54,187.68
3201,2023-12-10,24.0,Home,1.0,,204.8
3202,2023-10-06,39.0,Home,7.0,356.4,
3203,2023-12-01,63.0,Beauty,3.0,499.38,196.69
3204,,29.0,Home,4.0,,188.03
3205,2023-07-07,56.0,Sports,7.0,395.57,6.33
3206,2023-08-02,58.0,Clothing,7.0,477.47,92.38
3207,2023-12-31,53.0,Sports,5.0,486.76,86.88
3208,2023-11-17,61.0,Sports,1.0,38.43,157.17
3209,2023-04-19,40.0,,5.0,247.05,153.51
3210,2023-02-16,62.0,Sports,3.0,11.24,78.65
3211,2023-04-06,54.0,Clothing,5.0,339.09,193.28
3212,2023-12-08,26.0,Clothing,3.0,169.72,279.1
3213,2023-01-27,26.0,Home,2.0,225.53,
3214,2023-06-16,44.0,Electronics,5.0,379.04,106.29
3215,2023-03-23,43.0,Sports,8.0,77.7,31.55
3216,2023-11-06,34.0,Home,7.0,317.71,111.74
3217,2023-06-11,41.0,Clothing,7.0,66.07,208.14
3218,2023-02-07,25.0,Electronics,2.0,481.32,213.72
3219,2023-07-20,41.0,Home,,357.26,213.47
3220,2023-09-12,45.0,Electronics,8.0,109.72,44.77
3221,2023-03-23,19.0,Home,5.0,306.33,264.23
3222,2023-08-08,67.0,Clothing,6.0,91.65,30.94
3223,2023-06-16,40.0,Clothing,2.0,89.75,219.3
3224,2023-07-23,,Sports,9.0,388.36,48.53
3225,2023-07-25,49.0,Sports,5.0,368.86,110.78
3226,2023-10-06,37.0,Clothing,7.0,415.92,222.53
3227,2023-06-15,37.0,Clothing,6.0,419.53,50.12
3228,2023-03-29,44.0,Home,4.0,243.09,194.48
3229,2023-05-15,47.0,Sports,8.0,27.01,184.6
3230,2023-05-20,35.0,Beauty,4.0,260.66,221.78
3231,2023-04-18,61.0,Home,3.0,88.8,147.34
3232,2023-12-24,21.0,Beauty,7.0,50.05,265.77
3233,2023-12-25,60.0,Sports,2.0,274.74,151.42
3234,2023-03-15,33.0,Sports,2.0,73.31,236.96
3235,2023-04-18,56.0,Beauty,4.0,176.76,71.34
3236,2023-07-15,48.0,Beauty,7.0,113.08,150.54
3237,2023-10-24,58.0,Home,3.0,75.19,168.21
3238,2023-09-09,69.0,Beauty,1.0,389.97,67.92
3239,2023-04-29,61.0,Clothing,8.0,136.59,70.08
3240,,36.0,Clothing,7.0,219.19,182.15
3241,2023-02-14,67.0,Electronics,2.0,373.8,66.45
3242,2023-02-13,55.0,Clothing,4.0,408.67,128.58
3243,2023-11-22,52.0,Sports,8.0,342.02,38.35
3244,2023-01-03,19.0,Sports,6.0,10.13,22.46
3245,2023-03-15,37.0,Beauty,3.0,103.41,220.33
3246,2023-11-28,33.0,Sports,4.0,54.54,11.5
3247,2023-05-25,55.0,Home,6.0,68.17,221.17
3248,2023-11-18,46.0,Clothing,,470.27,166.43
3249,2023-08-19,54.0,Electronics,4.0,179.77,48.02
3250,2023-02-21,38.0,Clothing,8.0,360.09,59.62
3251,2023-11-21,,Beauty,,,254.89
3252,2023-08-07,,Electronics,2.0,68.87,55.89
3253,2023-10-04,,Sports,6.0,36.97,281.94
3254,2023-01-04,57.0,Clothing,7.0,177.81,208.54
3255,2023-09-16,36.0,,9.0,393.2,199.78
3256,2023-12-23,54.0,Electronics,2.0,28.44,251.97
3257,2023-11-06,20.0,Clothing,2.0,297.46,
3258,2023-02-25,20.0,Clothing,7.0,311.42,200.68
3259,2023-10-23,20.0,Beauty,5.0,367.57,270.6
3260,2023-10-29,60.0,Clothing,2.0,60.58,42.94
3261,2023-06-04,51.0,Clothing,6.0,426.08,160.77
3262,2023-08-20,,Clothing,6.0,409.06,46.4
3263,2023-12-03,56.0,Electronics,7.0,492.54,171.83
3264,2023-09-06,59.0,Electronics,9.0,85.4,237.6
3265,2023-03-07,28.0,Electronics,5.0,183.41,54.38
3266,2023-06-20,47.0,Clothing,5.0,366.63,279.04
3267,2023-01-22,45.0,Beauty,3.0,28.39,119.12
3268,2023-11-19,67.0,Sports,,137.76,
3269,2023-08-04,52.0,Sports,5.0,160.74,58.35
3270,2023-04-13,18.0,Beauty,2.0,85.71,265.34
3271,2023-10-24,44.0,Home,1.0,463.21,19.67
3272,2023-09-25,43.0,Home,2.0,454.45,136.63
3273,2023-12-19,61.0,Electronics,3.0,192.44,169.18
3274,2023-12-02,50.0,Clothing,7.0,252.46,115.6
3275,2023-02-04,22.0,Sports,1.0,375.97,224.99
3276,2023-01-05,,Clothing,9.0,63.71,38.96
3277,2023-11-23,30.0,Electronics,,150.9,295.14
3278,2023-12-28,42.0,Clothing,5.0,441.75,261.44
3279,2023-03-08,,Electronics,3.0,384.77,166.9
3280,2023-03-16,,Home,7.0,447.58,272.46
3281,2023-03-07,29.0,Electronics,1.0,210.42,216.33
3282,2023-01-20,59.0,Electronics,8.0,420.47,223.71
3283,2023-07-18,60.0,Sports,4.0,,40.63
3284,2023-02-14,20.0,Clothing,1.0,110.57,272.16
3285,2023-04-01,32.0,Sports,6.0,194.2,19.42
3286,2023-06-15,64.0,Clothing,1.0,359.19,187.12
3287,2023-08-02,21.0,Sports,6.0,320.52,168.01
3288,2023-12-01,57.0,Beauty,5.0,309.07,277.75
3289,2023-12-15,,Electronics,4.0,478.04,57.9
3290,2023-02-18,52.0,Beauty,9.0,159.19,89.32
3291,2023-10-05,22.0,Electronics,3.0,168.84,241.44
3292,2023-05-13,42.0,Sports,8.0,348.39,297.79
3293,,41.0,Electronics,2.0,84.41,168.92
3294,2023-10-20,52.0,Home,9.0,86.01,162.2
3295,2023-11-16,25.0,Sports,9.0,77.82,206.24
3296,2023-06-19,49.0,Electronics,5.0,243.6,
3297,2023-10-27,,Electronics,Unknown,320.05,157.72
3298,2023-08-13,65.0,Home,1.0,129.55,24.05
3299,2023-12-24,,Sports,5.0,196.5,238.69
3300,2023-06-05,66.0,Beauty,9.0,,142.37
3301,2023-06-18,60.0,Beauty,7.0,191.28,
3302,2023-11-21,42.0,Electronics,2.0,437.39,201.34
3303,2023-06-30,64.0,Beauty,8.0,326.83,86.58
3304,2023-05-28,,Home,8.0,212.74,261.6
3305,2023-12-13,48.0,Electronics,4.0,358.52,115.4
3306,2023-05-08,22.0,Beauty,7.0,25.92,225.02
3307,2023-02-16,18.0,Sports,5.0,,249.51
3308,2023-02-07,44.0,,4.0,152.29,5.9
3309,2023-08-14,69.0,Clothing,5.0,280.66,260.82
3310,2023-08-12,68.0,Sports,2.0,45.93,187.78
3311,2023-12-17,48.0,Beauty,Unknown,391.17,288.34
3312,2023-03-05,27.0,Clothing,7.0,437.35,111.75
3313,2023-05-05,54.0,Electronics,,475.97,199.15
3314,2023-02-08,20.0,Clothing,8.0,342.39,210.9
3315,2023-01-03,51.0,Electronics,6.0,36.06,47.76
3316,2023-01-29,49.0,Clothing,8.0,475.03,137.47
3317,2023-04-07,51.0,Beauty,5.0,36.8,98.47
3318,2023-07-22,20.0,Electronics,,327.82,237.96
3319,2023-01-21,44.0,Clothing,,361.05,80.75
3320,2023-04-12,20.0,Electronics,4.0,455.18,262.14
3321,2023-04-01,56.0,Clothing,3.0,466.74,105.34
3322,2023-04-21,55.0,Home,1.0,362.1,208.79
3323,2023-07-12,36.0,Clothing,1.0,280.74,209.9
3324,2023-10-18,22.0,Electronics,2.0,452.85,144.53
3325,2023-04-13,66.0,Electronics,8.0,88.1,49.48
3326,2023-02-12,53.0,Clothing,2.0,277.81,190.27
3327,2023-07-10,52.0,Home,3.0,436.45,140.51
3328,2023-07-29,41.0,Home,8.0,41.25,139.41
3329,2023-03-10,67.0,Electronics,3.0,,36.86
3330,2023-07-07,60.0,Home,4.0,207.07,138.67
3331,2023-01-10,67.0,Beauty,6.0,287.88,102.46
3332,2023-06-13,62.0,Sports,4.0,499.92,94.42
3333,2023-02-18,60.0,Home,4.0,142.84,214.11
3334,2023-06-26,19.0,Electronics,1.0,199.72,115.01
3335,2023-08-06,54.0,Electronics,3.0,189.88,254.11
3336,2023-12-12,40.0,Electronics,4.0,273.61,280.72
3337,2023-08-24,,Sports,4.0,84.96,202.51
3338,2023-09-18,64.0,Beauty,9.0,431.56,111.77
3339,2023-05-03,50.0,Electronics,4.0,,14.98
3340,2023-05-24,28.0,Clothing,,395.01,294.11
3341,2023-02-16,47.0,Clothing,7.0,442.97,207.92
3342,2023-07-27,65.0,Clothing,8.0,306.96,269.63
3343,2023-05-29,29.0,Beauty,9.0,338.35,136.76
3344,2023-06-04,21.0,Clothing,3.0,367.66,173.94
3345,2023-07-05,33.0,Clothing,6.0,360.14,113.05
3346,2023-12-24,41.0,Beauty,8.0,15.29,78.53
3347,2023-09-21,,Clothing,8.0,398.57,120.14
3348,2023-07-18,66.0,Beauty,5.0,143.82,22.87
3349,2023-01-21,45.0,Beauty,9.0,457.52,162.12
3350,2023-12-07,34.0,Beauty,8.0,260.4,78.76
3351,2023-10-03,40.0,Electronics,,171.73,261.88
3352,2023-10-29,28.0,Beauty,Unknown,307.49,33.1
3353,2023-09-06,46.0,Electronics,,79.14,195.87
3354,2023-09-22,49.0,Clothing,8.0,344.92,269.81
3355,2023-06-03,55.0,Clothing,7.0,19.92,188.53
3356,2023-03-21,62.0,Sports,3.0,417.74,43.3
3357,2023-12-31,,Clothing,9.0,320.44,102.39
3358,2023-12-08,60.0,Clothing,5.0,278.96,219.58
3359,2023-08-20,40.0,Sports,3.0,232.86,153.25
3360,2023-04-12,,Beauty,3.0,288.17,54.31
3361,,46.0,Electronics,8.0,107.94,22.03
3362,2023-01-14,62.0,Home,7.0,370.67,246.47
3363,2023-03-14,30.0,Home,3.0,274.09,293.03
3364,2023-04-01,34.0,Beauty,2.0,130.28,
3365,2023-03-31,34.0,Sports,3.0,344.85,197.47
3366,2023-11-01,55.0,Sports,2.0,491.77,252.91
3367,2023-08-08,22.0,Clothing,5.0,146.33,15.28
3368,2023-08-09,45.0,Clothing,1.0,377.92,262.59
3369,2023-05-15,52.0,Home,4.0,60.35,42.16
3370,2023-12-27,37.0,Electronics,3.0,119.26,161.28
3371,2023-10-29,61.0,Home,5.0,,298.03
3372,2023-03-14,27.0,Electronics,,411.38,53.55
3373,2023-05-09,54.0,Home,9.0,334.36,83.76
3374,2023-06-02,26.0,Electronics,6.0,223.88,75.96
3375,2023-03-08,40.0,Clothing,9.0,441.58,86.02
3376,2023-11-10,,Sports,4.0,51.36,222.1
3377,2023-03-07,66.0,Beauty,9.0,273.63,240.71
3378,2023-03-23,59.0,Home,8.0,461.05,124.95
3379,2023-07-23,60.0,Home,5.0,418.93,172.78
3380,2023-04-13,64.0,Electronics,7.0,127.84,188.78
3381,2023-07-31,38.0,Home,3.0,,269.89
3382,2023-07-28,41.0,Clothing,Unknown,25.89,298.75
3383,2023-04-27,54.0,Home,4.0,439.5,194.77
3384,,,Beauty,1.0,245.06,
3385,2023-09-16,43.0,Clothing,2.0,497.68,99.24
3386,2023-11-27,32.0,Sports,8.0,139.9,48.7
3387,2023-10-28,27.0,Home,1.0,300.34,178.92
3388,2023-01-24,68.0,,1.0,150.87,136.6
3389,2023-02-04,27.0,Sports,2.0,282.87,25.22
3390,2023-01-16,21.0,,6.0,242.61,72.22
3391,2023-08-31,43.0,Clothing,5.0,247.14,227.99
3392,2023-09-28,25.0,Home,8.0,132.88,183.26
3393,2023-09-24,55.0,Electronics,1.0,165.09,166.43
3394,2023-08-06,18.0,Home,2.0,186.8,137.85
3395,2023-10-26,67.0,Electronics,2.0,144.59,161.24
3396,2023-03-16,45.0,Sports,7.0,326.46,187.25
3397,2023-04-13,23.0,Beauty,5.0,43.23,243.4
3398,2023-06-27,25.0,Sports,2.0,258.78,184.25
3399,2023-11-11,38.0,Clothing,1.0,391.89,158.47
3400,2023-07-23,,Beauty,2.0,242.15,252.18
3401,2023-01-26,47.0,Home,9.0,389.81,53.59
3402,2023-06-25,,Clothing,4.0,428.93,212.54
3403,2023-05-12,33.0,Electronics,9.0,387.83,78.61
3404,2023-04-27,62.0,Clothing,8.0,423.93,141.26
3405,2023-01-28,56.0,Beauty,1.0,326.45,265.97
3406,2023-07-07,57.0,Sports,3.0,267.31,259.42
3407,2023-04-22,20.0,Electronics,4.0,94.41,191.71
3408,2023-02-05,29.0,Clothing,6.0,381.16,102.0
3409,2023-08-05,21.0,Home,8.0,357.97,108.7
3410,2023-03-24,56.0,Beauty,5.0,89.49,223.34
3411,2023-05-08,54.0,Home,5.0,476.95,286.25
3412,2023-08-04,54.0,Clothing,2.0,311.46,73.0
3413,2023-12-23,46.0,Electronics,,56.3,112.29
3414,2023-06-13,66.0,Sports,2.0,,26.69
3415,2023-06-29,67.0,Home,5.0,344.67,
3416,2023-06-18,22.0,Clothing,9.0,176.61,8.64
3417,2023-03-07,42.0,Electronics,7.0,377.69,159.07
3418,2023-10-27,66.0,Electronics,4.0,240.37,79.14
3419,2023-02-08,50.0,Electronics,7.0,483.73,117.96
3420,2023-03-31,26.0,,7.0,322.69,119.63
3421,2023-12-02,21.0,Home,9.0,274.14,63.56
3422,2023-08-31,32.0,Beauty,7.0,181.3,81.84
3423,2023-02-18,30.0,Clothing,8.0,144.74,68.0
3424,2023-09-01,38.0,,4.0,485.89,154.05
3425,,58.0,Sports,4.0,,71.44
3426,2023-12-19,27.0,Electronics,9.0,296.14,193.93
3427,2023-12-25,26.0,Home,9.0,341.47,111.55
3428,2023-01-02,33.0,Beauty,9.0,322.72,13.61
3429,2023-07-30,27.0,Electronics,8.0,332.74,264.69
3430,2023-03-23,32.0,Beauty,8.0,,124.03
3431,2023-05-20,57.0,,1.0,114.27,162.85
3432,2023-09-27,59.0,Clothing,9.0,326.9,189.65
3433,2023-12-21,54.0,Home,8.0,257.85,189.76
3434,2023-04-16,39.0,Electronics,,263.83,71.49
3435,2023-06-20,35.0,Electronics,5.0,412.55,
3436,2023-10-28,18.0,Home,7.0,424.95,43.56
3437,2023-04-10,38.0,Clothing,3.0,374.49,283.59
3438,2023-03-03,41.0,Home,,357.35,43.15
3439,2023-04-24,,Beauty,1.0,283.45,58.42
3440,2023-05-23,19.0,Electronics,3.0,356.8,153.81
3441,2023-06-19,28.0,Electronics,5.0,366.43,
3442,,29.0,Clothing,9.0,118.05,64.42
3443,2023-03-23,53.0,Clothing,3.0,485.63,118.01
3444,2023-06-21,44.0,Sports,6.0,299.94,36.5
3445,2023-03-16,52.0,Electronics,7.0,,111.75
3446,2023-04-24,66.0,Home,9.0,378.28,64.43
3447,2023-11-16,25.0,Home,3.0,16.45,59.81
3448,,61.0,Beauty,4.0,,155.58
3449,2023-09-12,51.0,Home,1.0,429.46,134.07
3450,2023-04-22,40.0,Home,5.0,166.81,164.1
3451,2023-07-15,,,5.0,,59.46
3452,2023-12-19,63.0,Home,7.0,439.74,167.68
3453,2023-10-20,35.0,Beauty,4.0,428.12,233.91
3454,2023-04-08,20.0,Electronics,8.0,36.16,
3455,2023-03-10,30.0,Sports,2.0,223.48,233.14
3456,2023-05-17,47.0,Beauty,8.0,475.0,72.65
3457,2023-10-16,65.0,Beauty,6.0,400.3,32.29
3458,2023-01-30,,Clothing,4.0,244.73,6.03
3459,2023-01-29,25.0,Beauty,8.0,65.48,277.06
3460,2023-07-04,30.0,Sports,9.0,372.4,176.28
3461,2023-03-03,24.0,Electronics,3.0,72.94,71.41
3462,2023-03-09,49.0,Home,5.0,430.89,82.34
3463,2023-05-21,,Clothing,3.0,390.63,57.35
3464,2023-06-12,19.0,Sports,1.0,58.48,149.44
3465,2023-05-10,36.0,Electronics,9.0,,251.24
3466,2023-10-24,67.0,Beauty,,354.12,164.52
3467,2023-01-31,56.0,Beauty,7.0,269.14,115.11
3468,2023-05-10,23.0,Electronics,9.0,188.51,8.03
3469,2023-11-29,37.0,Home,8.0,361.93,250.47
3470,2023-02-27,29.0,,1.0,,209.63
3471,2023-11-26,,Sports,4.0,141.82,247.59
3472,2023-06-20,35.0,Electronics,7.0,260.83,83.29
3473,2023-06-11,59.0,,5.0,230.8,37.54
3474,2023-03-12,23.0,,1.0,111.97,26.27
3475,2023-02-24,37.0,Clothing,9.0,165.71,107.91
3476,2023-01-03,54.0,Clothing,5.0,92.98,89.25
3477,2023-05-06,55.0,Clothing,5.0,216.66,113.13
3478,2023-07-17,30.0,Electronics,4.0,87.23,153.32
3479,2023-07-05,47.0,Sports,3.0,62.56,270.27
3480,2023-07-23,,Sports,3.0,114.86,105.38
3481,2023-01-11,64.0,Electronics,,215.06,77.35
3482,2023-05-26,32.0,Home,3.0,18.61,6.87
3483,2023-04-14,43.0,Electronics,2.0,311.22,236.34
3484,,27.0,Beauty,1.0,42.54,16.87
3485,2023-06-30,39.0,Clothing,9.0,185.94,167.84
3486,2023-04-24,38.0,Beauty,,215.24,
3487,2023-01-30,35.0,Clothing,5.0,150.3,291.92
3488,2023-11-09,52.0,Home,7.0,32.92,293.92
3489,2023-04-25,49.0,Beauty,9.0,324.33,118.61
3490,2023-10-08,41.0,Beauty,8.0,361.57,
3491,2023-11-27,41.0,Beauty,9.0,396.41,105.82
3492,2023-11-24,57.0,Sports,5.0,479.73,239.44
3493,2023-02-09,65.0,Sports,7.0,,201.26
3494,2023-01-27,57.0,Clothing,3.0,61.07,225.63
3495,2023-06-19,18.0,Clothing,9.0,38.04,260.42
3496,2023-07-07,60.0,Beauty,3.0,40.61,73.45
3497,2023-08-17,64.0,Home,1.0,124.7,263.11
3498,2023-01-16,26.0,Sports,6.0,180.03,145.76
3499,2023-01-26,61.0,Beauty,3.0,293.32,67.14
3500,2023-03-13,59.0,Sports,,460.3,47.43
3501,2023-08-08,33.0,Sports,6.0,212.54,200.47
3502,2023-06-26,,Clothing,5.0,297.31,91.51
3503,2023-01-22,46.0,Electronics,6.0,283.43,262.38
3504,2023-06-10,64.0,Electronics,3.0,279.96,85.09
3505,2023-12-19,,Beauty,9.0,309.56,226.32
3506,2023-08-30,57.0,Electronics,8.0,465.9,208.18
3507,2023-10-09,23.0,Electronics,5.0,397.42,19.61
3508,2023-02-08,47.0,Beauty,7.0,355.54,89.66
3509,2023-06-25,38.0,Clothing,4.0,,272.92
3510,2023-05-14,29.0,Sports,6.0,448.22,
3511,2023-06-15,56.0,Sports,4.0,147.81,289.71
3512,,23.0,Home,5.0,207.27,186.61
3513,2023-03-13,21.0,Home,7.0,430.73,173.96
3514,2023-09-30,22.0,Sports,3.0,275.47,140.79
3515,2023-07-05,25.0,Beauty,9.0,328.83,54.3
3516,2023-05-30,21.0,Clothing,7.0,51.67,23.02
3517,2023-01-26,24.0,,3.0,,81.49
3518,2023-04-09,68.0,Electronics,2.0,473.84,112.97
3519,2023-02-20,52.0,Sports,3.0,377.07,298.87
3520,2023-04-14,31.0,Beauty,7.0,216.81,186.17
3521,2023-05-21,27.0,Sports,1.0,186.18,121.67
3522,2023-07-02,30.0,Home,4.0,385.53,293.37
3523,2023-03-20,62.0,Electronics,,408.8,281.09
3524,2023-09-26,,Clothing,1.0,,37.02
3525,2023-07-05,49.0,Electronics,1.0,300.12,256.14
3526,2023-08-18,30.0,Beauty,4.0,83.56,224.14
3527,2023-04-30,50.0,Home,3.0,265.53,225.18
3528,2023-09-04,65.0,Home,9.0,499.93,119.89
3529,2023-11-19,67.0,Clothing,7.0,165.27,241.43
3530,2023-11-25,29.0,Beauty,2.0,289.94,10.0
3531,2023-05-13,53.0,Home,8.0,185.2,29.91
3532,2023-05-01,45.0,Home,7.0,215.13,63.18
3533,2023-05-09,39.0,Beauty,8.0,406.7,64.33
3534,2023-03-04,46.0,Home,6.0,163.79,8.14
3535,2023-01-12,30.0,Sports,1.0,263.21,45.08
3536,2023-05-10,36.0,Sports,7.0,45.97,93.41
3537,,48.0,Home,4.0,54.65,107.32
3538,2023-01-24,62.0,Sports,4.0,388.1,132.81
3539,2023-12-22,36.0,Sports,6.0,410.39,20.02
3540,2023-11-10,33.0,Clothing,3.0,409.28,28.68
3541,2023-05-23,,Home,1.0,53.1,174.31
3542,2023-02-11,44.0,Clothing,,281.24,83.67
3543,2023-07-27,54.0,Beauty,1.0,464.66,190.55
3544,2023-07-11,21.0,Electronics,6.0,306.95,182.17
3545,2023-08-31,26.0,Home,1.0,446.08,97.38
3546,2023-08-03,57.0,Clothing,6.0,114.84,193.93
3547,2023-01-31,54.0,,,453.47,297.6
3548,2023-10-09,69.0,Home,7.0,122.56,176.09
3549,2023-11-30,52.0,,8.0,247.36,156.22
3550,2023-10-31,58.0,Electronics,1.0,326.19,226.77
3551,,41.0,Sports,7.0,484.3,124.63
3552,2023-12-12,56.0,Home,1.0,187.46,217.92
3553,2023-10-21,,Clothing,1.0,34.37,206.84
3554,2023-09-06,38.0,Beauty,5.0,411.72,123.61
3555,2023-10-10,58.0,Beauty,2.0,351.21,13.26
3556,2023-07-17,61.0,Home,8.0,264.66,181.63
3557,2023-02-13,22.0,Sports,,312.71,287.49
3558,2023-01-17,68.0,Sports,3.0,118.17,83.44
3559,2023-06-17,47.0,Sports,8.0,424.2,134.97
3560,2023-03-17,43.0,Electronics,1.0,62.38,159.01
3561,2023-09-05,32.0,Sports,4.0,102.44,72.62
3562,2023-08-03,41.0,,8.0,12.14,47.04
3563,2023-03-26,48.0,Beauty,2.0,89.65,152.81
3564,2023-04-09,33.0,Electronics,7.0,318.77,288.93
3565,2023-08-04,37.0,Electronics,2.0,286.07,51.31
3566,2023-04-04,26.0,Home,9.0,36.12,151.34
3567,2023-04-25,62.0,Sports,8.0,225.56,289.65
3568,2023-01-31,,Sports,1.0,133.39,259.06
3569,2023-05-10,62.0,,5.0,148.95,262.23
3570,2023-01-27,49.0,Clothing,7.0,314.12,13.42
3571,2023-12-25,44.0,Home,3.0,266.9,279.75
3572,2023-02-27,61.0,Sports,9.0,103.78,39.6
3573,,41.0,Electronics,5.0,308.1,127.93
3574,2023-12-15,24.0,Beauty,8.0,53.1,290.36
3575,2023-11-13,50.0,Beauty,5.0,94.33,204.47
3576,2023-01-25,55.0,Home,2.0,267.79,227.28
3577,2023-01-26,48.0,Electronics,6.0,305.39,27.06
3578,2023-11-19,28.0,,1.0,122.92,165.88
3579,2023-11-03,29.0,Sports,9.0,267.16,251.48
3580,2023-02-17,58.0,Beauty,1.0,327.47,198.5
3581,2023-10-18,19.0,Sports,4.0,267.58,229.45
3582,2023-09-18,29.0,Electronics,8.0,,60.06
3583,2023-12-25,58.0,Clothing,7.0,217.85,227.23
3584,2023-06-24,47.0,Electronics,6.0,201.06,
3585,2023-11-05,63.0,Home,6.0,36.48,116.82
3586,2023-03-10,21.0,Home,2.0,337.65,86.41
3587,2023-09-03,,Sports,5.0,426.1,276.13
3588,2023-08-04,44.0,Home,6.0,392.94,7.7
3589,2023-01-16,19.0,Beauty,7.0,217.4,179.47
3590,2023-11-28,44.0,Sports,8.0,132.89,34.1
3591,2023-02-08,65.0,Sports,6.0,219.66,160.96
3592,2023-09-13,52.0,Clothing,3.0,313.14,61.47
3593,2023-08-04,64.0,Home,1.0,144.58,26.34
3594,2023-06-21,46.0,Clothing,1.0,494.53,
3595,2023-06-27,,Electronics,7.0,99.63,241.5
3596,2023-01-15,66.0,Home,6.0,154.87,268.82
3597,2023-11-15,46.0,Home,5.0,345.36,108.2
3598,2023-07-27,,Clothing,2.0,209.23,125.09
3599,2023-10-07,48.0,Beauty,4.0,206.73,142.48
3600,2023-05-26,41.0,Sports,5.0,447.68,64.83
3601,2023-03-31,26.0,Beauty,3.0,358.14,184.49
3602,,30.0,Electronics,6.0,362.93,63.94
3603,2023-08-15,54.0,Home,2.0,412.0,276.7
3604,2023-01-29,43.0,Beauty,7.0,262.28,169.46
3605,2023-09-27,63.0,Beauty,1.0,150.1,204.13
3606,2023-10-16,32.0,Clothing,8.0,347.02,234.04
3607,2023-10-06,52.0,Sports,9.0,43.58,257.12
3608,2023-07-05,,Clothing,8.0,250.79,239.39
3609,2023-10-03,54.0,Home,2.0,212.19,275.49
3610,2023-06-30,29.0,Clothing,,96.96,217.1
3611,2023-03-18,,,9.0,464.88,10.45
3612,2023-08-26,62.0,Home,7.0,499.8,64.78
3613,2023-01-18,36.0,Home,2.0,314.45,81.66
3614,2023-07-08,45.0,Home,9.0,220.52,286.16
3615,2023-01-19,46.0,Clothing,1.0,68.9,18.37
3616,2023-04-30,28.0,Beauty,2.0,294.12,190.99
3617,2023-03-25,56.0,Home,6.0,131.4,88.13
3618,2023-11-26,69.0,Beauty,5.0,494.97,62.33
3619,2023-12-07,37.0,Sports,6.0,411.53,31.35
3620,2023-08-06,30.0,Home,7.0,423.4,39.1
3621,2023-08-10,66.0,Clothing,4.0,181.56,206.43
3622,2023-03-21,48.0,Electronics,2.0,463.56,47.78
3623,2023-08-15,40.0,Beauty,2.0,278.34,29.86
3624,2023-01-12,,Electronics,4.0,412.48,152.6
3625,2023-01-21,33.0,Sports,3.0,44.19,292.2
3626,2023-08-16,59.0,Sports,7.0,328.88,242.47
3627,2023-10-15,45.0,Clothing,3.0,498.57,226.75
3628,2023-10-10,,Home,7.0,101.67,210.67
3629,2023-03-07,69.0,Clothing,3.0,198.15,250.77
3630,2023-11-13,55.0,Beauty,5.0,228.82,213.2
3631,2023-04-13,55.0,Electronics,2.0,364.94,198.4
3632,2023-09-14,68.0,Clothing,9.0,270.75,160.85
3633,2023-10-28,37.0,Clothing,4.0,483.6,32.19
3634,2023-08-25,30.0,Electronics,7.0,177.06,115.6
3635,2023-07-01,63.0,Clothing,6.0,72.95,274.2
3636,2023-09-12,58.0,Sports,8.0,351.0,139.81
3637,2023-11-11,67.0,Clothing,6.0,,188.65
3638,2023-04-16,46.0,Clothing,9.0,14.05,189.52
3639,2023-08-20,22.0,Home,7.0,306.06,215.85
3640,2023-01-24,64.0,Clothing,4.0,86.45,7.21
3641,2023-12-13,24.0,Electronics,1.0,37.6,108.99
3642,2023-10-15,35.0,Beauty,4.0,57.08,115.0
3643,,29.0,Beauty,7.0,36.99,38.79
3644,2023-02-06,46.0,,2.0,471.22,136.32
3645,2023-08-15,23.0,,1.0,140.27,155.27
3646,2023-07-01,49.0,Electronics,5.0,33.48,107.16
3647,2023-02-22,34.0,Electronics,6.0,288.21,210.68
3648,2023-08-23,,Beauty,2.0,430.93,20.74
3649,2023-10-14,,Home,2.0,217.49,255.98
3650,2023-04-10,58.0,Electronics,1.0,215.11,73.69
3651,2023-01-15,25.0,Home,6.0,301.78,114.01
3652,2023-04-11,58.0,Home,5.0,413.77,156.12
3653,2023-01-29,27.0,Electronics,,241.7,185.53
3654,2023-12-30,42.0,Home,3.0,98.32,197.88
3655,,53.0,Beauty,7.0,,
3656,2023-08-02,,Beauty,8.0,320.21,289.92
3657,2023-10-06,20.0,Beauty,8.0,269.95,265.67
3658,2023-11-27,,Clothing,6.0,124.09,149.99
3659,2023-07-13,68.0,Home,7.0,307.51,61.59
3660,2023-05-19,,Electronics,6.0,117.09,242.95
3661,2023-02-19,34.0,Sports,Unknown,473.12,7.5
3662,,63.0,Electronics,3.0,476.96,20.18
3663,2023-07-10,67.0,Beauty,3.0,357.92,56.71
3664,2023-11-19,29.0,Sports,7.0,84.24,175.13
3665,2023-03-19,25.0,Sports,4.0,,136.03
3666,2023-03-16,40.0,Electronics,1.0,177.07,144.81
3667,,53.0,Electronics,9.0,30.96,246.04
3668,2023-06-20,22.0,Electronics,6.0,285.03,242.29
3669,2023-02-17,37.0,Home,4.0,84.85,256.12
3670,2023-07-07,37.0,Clothing,6.0,308.14,287.19
3671,2023-11-02,38.0,Electronics,9.0,453.12,263.92
3672,2023-03-10,22.0,Sports,8.0,260.67,116.33
3673,2023-11-30,32.0,Clothing,1.0,436.55,278.38
3674,2023-05-01,42.0,Sports,5.0,,109.58
3675,2023-04-11,,Clothing,9.0,93.63,166.71
3676,2023-05-26,35.0,Sports,3.0,319.43,288.51
3677,2023-08-31,44.0,Clothing,8.0,292.57,242.9
3678,2023-12-03,32.0,Beauty,3.0,210.18,148.36
3679,2023-08-14,69.0,Electronics,8.0,391.16,95.18
3680,2023-07-25,52.0,Electronics,2.0,17.71,68.72
3681,2023-04-10,42.0,Clothing,9.0,413.53,73.93
3682,2023-11-18,29.0,Home,2.0,421.16,208.66
3683,2023-12-03,50.0,Sports,7.0,106.72,231.46
3684,2023-08-10,45.0,Clothing,4.0,283.51,46.07
3685,2023-06-07,60.0,Electronics,3.0,52.98,24.45
3686,2023-11-22,31.0,,,102.37,253.09
3687,2023-09-19,43.0,Home,9.0,366.71,78.35
3688,2023-12-10,58.0,Electronics,1.0,175.26,61.95
3689,2023-10-07,38.0,Sports,7.0,357.68,76.89
3690,2023-06-17,33.0,Clothing,Unknown,388.78,40.87
3691,2023-07-22,46.0,Home,6.0,12.2,82.9
3692,2023-01-24,22.0,Home,7.0,180.47,190.96
3693,2023-02-13,62.0,Electronics,2.0,116.69,183.67
3694,2023-12-29,51.0,Electronics,1.0,315.03,138.41
3695,2023-07-18,59.0,Clothing,,207.72,161.93
3696,2023-06-11,59.0,Home,1.0,178.63,5.76
3697,2023-08-22,28.0,Home,9.0,133.9,284.41
3698,2023-04-03,36.0,Beauty,4.0,347.17,92.65
3699,2023-07-29,18.0,Beauty,7.0,471.45,271.62
3700,2023-08-08,64.0,Beauty,4.0,446.96,70.81
3701,2023-04-16,69.0,Sports,1.0,17.29,233.18
3702,2023-11-05,49.0,Clothing,6.0,410.95,169.37
3703,2023-04-10,27.0,,3.0,288.27,193.17
3704,2023-11-01,66.0,Clothing,5.0,189.41,246.12
3705,2023-11-24,,Home,2.0,257.49,227.65
3706,2023-06-24,50.0,Clothing,6.0,81.33,27.22
3707,,27.0,Electronics,7.0,413.41,94.31
3708,2023-01-07,34.0,Beauty,4.0,384.13,221.36
3709,2023-04-02,64.0,Home,4.0,136.2,242.08
3710,2023-12-25,31.0,Beauty,9.0,351.42,213.82
3711,2023-02-22,61.0,Sports,5.0,147.92,134.68
3712,2023-05-12,47.0,Electronics,8.0,188.69,251.12
3713,2023-12-30,58.0,Beauty,9.0,,259.58
3714,2023-01-07,29.0,Sports,2.0,53.78,43.15
3715,2023-07-16,34.0,Home,4.0,101.4,264.3
3716,2023-08-11,,Sports,9.0,448.74,194.36
3717,2023-09-07,,Beauty,3.0,383.78,9.29
3718,2023-08-28,68.0,Clothing,4.0,218.32,285.35
3719,2023-12-26,31.0,Clothing,2.0,138.27,131.59
3720,2023-09-20,59.0,Electronics,7.0,38.95,88.04
3721,2023-10-17,69.0,Electronics,3.0,261.79,66.7
3722,2023-02-27,36.0,Home,4.0,486.64,228.34
3723,2023-04-25,28.0,Home,5.0,362.76,51.04
3724,2023-10-31,35.0,Home,1.0,115.12,280.64
3725,2023-10-08,50.0,,4.0,108.78,61.58
3726,2023-04-18,20.0,Electronics,8.0,,248.42
3727,2023-02-08,18.0,Clothing,2.0,203.12,104.29
3728,2023-12-02,55.0,Home,5.0,326.43,138.52
3729,2023-03-15,,Sports,8.0,396.07,150.64
3730,2023-05-27,57.0,Clothing,8.0,479.5,128.0
3731,2023-08-01,23.0,Home,1.0,437.12,279.15
3732,2023-07-25,25.0,Beauty,5.0,29.13,260.49
3733,2023-12-05,,Electronics,3.0,377.22,21.78
3734,2023-09-16,,Beauty,4.0,133.18,234.5
3735,2023-09-15,66.0,Home,5.0,388.83,228.77
3736,2023-09-19,54.0,,1.0,427.96,77.98
3737,2023-08-09,61.0,Electronics,9.0,323.48,40.56
3738,2023-09-15,55.0,Electronics,4.0,,61.99
3739,2023-09-15,45.0,,Unknown,244.31,236.07
3740,2023-07-21,61.0,Beauty,3.0,479.34,134.13
3741,2023-07-02,53.0,Home,6.0,433.79,239.83
3742,2023-09-03,34.0,Beauty,1.0,242.08,81.08
3743,2023-04-21,,Home,9.0,199.89,92.8
3744,2023-05-07,42.0,Electronics,,269.01,242.09
3745,2023-06-04,43.0,Electronics,6.0,328.49,20.22
3746,2023-10-16,43.0,Clothing,8.0,227.56,83.94
3747,2023-10-15,46.0,Clothing,9.0,460.88,267.87
3748,2023-09-21,64.0,Sports,7.0,11.68,273.7
3749,2023-04-08,28.0,Electronics,5.0,144.56,189.13
3750,2023-03-28,50.0,Electronics,4.0,256.29,249.87
3751,2023-07-18,45.0,Electronics,2.0,,214.41
3752,2023-11-06,,Clothing,1.0,144.94,259.33
3753,2023-10-08,23.0,Sports,1.0,25.64,37.1
3754,2023-07-09,46.0,Clothing,4.0,293.63,169.0
3755,2023-06-01,20.0,Electronics,4.0,341.15,205.31
3756,2023-10-05,,Home,6.0,289.04,285.63
3757,2023-01-08,30.0,Sports,5.0,40.85,73.3
3758,,,Sports,4.0,118.38,299.96
3759,2023-10-29,58.0,Electronics,6.0,231.4,295.63
3760,2023-11-06,60.0,Electronics,7.0,308.09,59.64
3761,2023-12-14,68.0,Electronics,6.0,383.1,35.06
3762,2023-12-18,53.0,Beauty,6.0,408.2,251.95
3763,2023-09-30,42.0,Sports,,197.45,6.83
3764,2023-11-04,36.0,Electronics,6.0,39.99,31.18
3765,2023-08-09,51.0,Electronics,8.0,366.06,281.72
3766,2023-04-23,23.0,Home,6.0,130.61,199.47
3767,2023-07-05,24.0,Home,6.0,31.08,98.29
3768,2023-09-23,36.0,Beauty,3.0,60.42,207.06
3769,2023-04-25,58.0,Beauty,3.0,301.41,30.3
3770,2023-03-06,59.0,Electronics,7.0,369.89,19.37
3771,2023-08-27,43.0,,9.0,177.81,85.09
3772,2023-01-10,37.0,Electronics,2.0,297.98,229.17
3773,2023-08-21,38.0,Clothing,9.0,432.94,21.13
3774,2023-01-12,43.0,Sports,6.0,325.86,43.47
3775,2023-06-26,20.0,Home,2.0,263.5,38.26
3776,,,Beauty,6.0,255.32,36.35
3777,2023-04-28,33.0,Home,8.0,,30.25
3778,2023-02-22,29.0,,9.0,64.82,129.07
3779,2023-11-08,57.0,Beauty,9.0,126.6,131.79
3780,2023-02-25,27.0,Clothing,1.0,108.24,165.31
3781,2023-09-10,27.0,Home,4.0,224.97,104.52
3782,2023-10-18,21.0,Clothing,1.0,411.27,40.89
3783,2023-12-24,36.0,Electronics,2.0,170.85,53.95
3784,2023-07-15,43.0,Clothing,6.0,292.57,194.1
3785,2023-05-15,19.0,Clothing,2.0,432.4,96.9
3786,2023-11-27,58.0,Beauty,5.0,447.82,89.01
3787,2023-02-27,46.0,Home,9.0,435.14,260.9
3788,2023-04-13,51.0,Electronics,,396.74,205.47
3789,2023-05-08,45.0,Electronics,8.0,439.03,299.85
3790,2023-08-19,53.0,Home,5.0,353.73,166.68
3791,2023-08-28,67.0,Home,7.0,390.58,48.13
3792,2023-08-21,50.0,Sports,3.0,340.95,95.46
3793,2023-11-29,49.0,Home,4.0,116.07,216.87
3794,2023-10-19,52.0,Electronics,6.0,415.73,216.19
3795,2023-05-25,24.0,Clothing,8.0,156.47,286.86
3796,2023-04-03,20.0,Home,7.0,380.07,183.04
3797,2023-05-23,27.0,Electronics,5.0,233.02,22.33
3798,2023-02-02,45.0,Sports,6.0,287.21,257.65
3799,2023-05-20,27.0,Electronics,9.0,292.5,241.49
3800,2023-01-23,20.0,Home,5.0,65.84,174.57
3801,2023-09-27,57.0,Clothing,9.0,448.45,189.5
3802,2023-11-29,22.0,Home,9.0,457.81,204.92
3803,2023-04-19,47.0,Home,5.0,319.95,298.64
3804,2023-08-28,56.0,Home,4.0,62.53,290.25
3805,2023-11-06,59.0,Beauty,5.0,163.96,
3806,2023-06-05,29.0,Clothing,8.0,439.88,90.25
3807,2023-04-09,57.0,Beauty,5.0,344.35,30.94
3808,2023-11-23,63.0,Electronics,6.0,129.75,173.05
3809,2023-03-08,33.0,Clothing,3.0,338.85,273.55
3810,2023-06-16,27.0,Home,7.0,60.94,239.65
3811,2023-03-27,50.0,Clothing,7.0,181.01,
3812,2023-02-21,28.0,Clothing,3.0,92.52,180.45
3813,2023-12-03,30.0,,7.0,,80.28
3814,2023-08-26,42.0,Home,4.0,48.37,33.64
3815,2023-08-28,65.0,Clothing,4.0,359.73,248.81
3816,2023-12-28,58.0,Home,6.0,323.04,109.03
3817,2023-03-05,52.0,Beauty,8.0,78.97,202.85
3818,2023-04-24,58.0,Electronics,2.0,42.37,
3819,2023-05-25,47.0,Clothing,1.0,99.36,184.97
3820,2023-06-15,57.0,Beauty,6.0,165.32,50.62
3821,2023-12-15,59.0,Electronics,7.0,,144.89
3822,2023-03-31,53.0,Electronics,1.0,87.51,111.93
3823,2023-11-28,,Sports,1.0,417.97,182.37
3824,2023-03-20,65.0,Electronics,1.0,283.21,176.81
3825,2023-06-25,64.0,Electronics,4.0,232.84,67.88
3826,2023-12-11,66.0,Electronics,4.0,277.92,15.65
3827,2023-08-12,,Electronics,3.0,338.26,149.28
3828,2023-08-24,,Home,6.0,312.3,99.39
3829,2023-06-12,35.0,,8.0,357.53,
3830,2023-07-01,63.0,Beauty,6.0,377.71,54.46
3831,2023-07-29,22.0,Home,6.0,431.59,68.38
3832,2023-12-11,63.0,Home,1.0,97.99,176.4
3833,2023-12-12,22.0,Home,6.0,164.75,115.03
3834,2023-07-03,,Clothing,4.0,20.64,181.09
3835,2023-04-02,39.0,Sports,9.0,62.0,160.01
3836,2023-05-13,,Clothing,8.0,,126.97
3837,2023-11-10,68.0,Electronics,8.0,147.0,30.86
3838,2023-02-15,30.0,Clothing,6.0,79.54,37.24
3839,2023-01-08,20.0,Beauty,8.0,67.07,120.94
3840,2023-06-28,32.0,Beauty,4.0,,248.02
3841,2023-10-20,63.0,Beauty,3.0,245.68,163.7
3842,2023-11-27,49.0,Home,1.0,48.54,299.32
3843,2023-06-10,55.0,Home,6.0,392.2,71.14
3844,2023-02-23,37.0,Electronics,7.0,212.59,108.18
3845,2023-08-30,66.0,Beauty,6.0,447.02,92.74
3846,2023-04-23,54.0,Beauty,5.0,472.7,14.87
3847,,47.0,Clothing,1.0,59.08,284.59
3848,2023-11-08,53.0,Clothing,2.0,328.01,244.27
3849,2023-07-08,69.0,Sports,2.0,342.82,110.24
3850,2023-07-31,66.0,Sports,9.0,453.32,97.73
3851,2023-02-13,33.0,Sports,1.0,56.11,256.03
3852,2023-06-07,63.0,Sports,2.0,329.46,244.53
3853,2023-12-21,55.0,Home,2.0,410.59,47.41
3854,2023-02-14,,Home,5.0,199.26,240.68
3855,2023-11-14,18.0,Beauty,1.0,199.52,41.37
3856,2023-08-16,57.0,Sports,6.0,160.84,21.98
3857,2023-06-09,22.0,Sports,8.0,56.53,75.88
3858,2023-12-24,33.0,Beauty,5.0,140.54,282.85
3859,2023-07-09,35.0,Clothing,5.0,262.13,188.8
3860,2023-12-23,52.0,Clothing,9.0,129.17,209.56
3861,2023-12-26,68.0,Electronics,6.0,41.02,41.05
3862,2023-08-01,26.0,Home,8.0,358.14,58.67
3863,2023-11-19,53.0,Beauty,8.0,420.09,11.47
3864,2023-11-16,58.0,,9.0,77.5,21.31
3865,,47.0,Electronics,8.0,153.22,210.0
3866,2023-07-19,48.0,Sports,7.0,220.77,171.6
3867,2023-06-29,,Home,7.0,180.09,116.05
3868,2023-10-22,58.0,,6.0,339.6,19.11
3869,2023-08-25,60.0,Home,1.0,337.26,164.93
3870,2023-11-07,37.0,Beauty,8.0,90.17,224.99
3871,2023-06-13,61.0,Beauty,2.0,309.43,65.92
3872,2023-04-26,42.0,Clothing,7.0,447.23,130.81
3873,2023-01-25,67.0,,1.0,393.87,181.03
3874,2023-08-22,25.0,Clothing,9.0,142.48,145.04
3875,2023-04-04,32.0,Sports,8.0,391.4,182.03
3876,2023-10-07,52.0,Home,8.0,177.63,119.0
3877,,20.0,Sports,9.0,424.87,158.1
3878,2023-08-16,51.0,Electronics,,102.98,166.86
3879,2023-05-21,52.0,Clothing,2.0,460.64,245.4
3880,2023-08-17,43.0,Home,4.0,186.24,5.31
3881,2023-03-21,41.0,Sports,9.0,209.96,67.31
3882,2023-10-17,61.0,Home,5.0,403.28,
3883,2023-06-08,40.0,Electronics,9.0,238.94,266.37
3884,2023-07-09,59.0,Sports,4.0,209.31,99.4
3885,2023-12-25,40.0,Electronics,6.0,242.15,57.94
3886,2023-03-16,53.0,Home,7.0,236.68,213.47
3887,2023-07-15,60.0,Home,4.0,150.24,33.39
3888,2023-07-13,60.0,,9.0,248.6,211.09
3889,2023-03-18,55.0,Clothing,2.0,241.42,15.82
3890,2023-05-04,40.0,Beauty,9.0,437.49,80.92
3891,2023-04-12,54.0,Home,6.0,267.68,160.98
3892,2023-08-17,60.0,Beauty,4.0,488.33,16.74
3893,2023-07-22,52.0,Beauty,2.0,183.0,186.82
3894,2023-03-02,20.0,Sports,1.0,232.76,66.92
3895,2023-04-13,41.0,Home,8.0,183.66,274.86
3896,2023-12-29,57.0,Electronics,5.0,356.28,126.11
3897,2023-12-25,,Sports,5.0,81.85,
3898,2023-11-20,32.0,Sports,4.0,115.22,297.69
3899,2023-04-23,42.0,Clothing,8.0,92.77,96.81
3900,2023-03-02,,,4.0,320.13,125.26
3901,2023-06-02,67.0,Electronics,4.0,348.91,250.34
3902,2023-07-12,,Beauty,1.0,51.01,145.09
3903,2023-01-18,50.0,Home,1.0,147.74,290.69
3904,2023-05-19,64.0,Clothing,6.0,93.2,259.21
3905,2023-11-29,54.0,Beauty,4.0,221.9,36.54
3906,2023-02-21,20.0,Beauty,2.0,272.89,16.06
3907,2023-07-25,,Clothing,3.0,103.72,
3908,2023-04-03,55.0,Home,9.0,455.17,27.72
3909,2023-11-05,34.0,Clothing,8.0,168.34,77.08
3910,2023-06-02,,Home,5.0,200.54,72.54
3911,2023-12-08,58.0,Sports,5.0,45.34,109.23
3912,2023-06-13,58.0,Beauty,8.0,480.97,279.06
3913,2023-05-29,47.0,Home,9.0,13.09,26.38
3914,2023-03-30,,Clothing,3.0,52.65,21.13
3915,2023-06-16,42.0,Sports,5.0,314.22,256.08
3916,,47.0,Sports,5.0,270.16,109.66
3917,2023-08-16,21.0,Electronics,5.0,,293.8
3918,2023-02-15,49.0,Home,2.0,35.08,289.35
3919,2023-09-29,,Clothing,5.0,402.87,38.83
3920,2023-08-08,68.0,Clothing,2.0,323.37,35.16
3921,2023-10-02,40.0,Beauty,7.0,467.1,
3922,2023-03-20,54.0,Beauty,3.0,22.05,269.02
3923,2023-07-21,54.0,Electronics,,100.42,12.1
3924,2023-02-15,47.0,Beauty,3.0,304.18,73.82
3925,2023-05-21,66.0,Sports,,114.85,98.79
3926,,39.0,Sports,5.0,125.38,81.79
3927,2023-11-30,61.0,Electronics,2.0,210.05,226.96
3928,2023-08-27,44.0,Home,7.0,453.61,98.64
3929,2023-04-04,26.0,Electronics,9.0,16.42,89.73
3930,2023-07-10,54.0,Electronics,6.0,479.33,115.87
3931,2023-06-05,61.0,Electronics,5.0,185.86,135.06
3932,2023-10-23,24.0,Clothing,9.0,214.32,291.44
3933,2023-02-26,52.0,Home,7.0,377.07,281.96
3934,2023-07-22,49.0,Sports,1.0,378.2,143.62
3935,2023-08-14,,Home,3.0,10.71,184.37
3936,2023-12-29,53.0,Sports,4.0,260.91,205.28
3937,2023-12-22,28.0,Sports,7.0,60.84,294.52
3938,2023-02-12,45.0,Sports,9.0,350.68,289.82
3939,2023-06-04,30.0,Electronics,6.0,411.87,88.02
3940,2023-08-25,50.0,Home,6.0,32.35,142.69
3941,2023-11-17,49.0,Sports,6.0,,123.32
3942,2023-01-22,65.0,,3.0,492.39,223.63
3943,2023-06-02,68.0,Clothing,3.0,40.4,195.28
3944,2023-12-12,46.0,Beauty,5.0,59.37,134.3
3945,2023-08-04,33.0,Home,2.0,402.81,175.8
3946,2023-09-10,25.0,Home,6.0,248.15,275.02
3947,2023-08-15,20.0,Beauty,7.0,425.38,17.58
3948,2023-11-12,49.0,,,143.59,
3949,2023-07-23,,Clothing,4.0,429.34,185.4
3950,2023-09-25,34.0,Home,1.0,217.68,226.06
3951,2023-02-08,48.0,Beauty,8.0,418.05,
3952,2023-10-19,64.0,Clothing,3.0,392.44,101.14
3953,2023-10-16,66.0,Beauty,6.0,300.41,57.56
3954,2023-11-10,47.0,Home,8.0,418.15,139.83
3955,2023-07-20,64.0,Electronics,1.0,353.57,71.05
3956,2023-11-07,55.0,Electronics,8.0,162.73,259.19
3957,2023-09-23,,,1.0,275.23,261.67
3958,2023-08-18,54.0,Clothing,1.0,136.68,258.55
3959,2023-10-26,51.0,,5.0,379.33,203.48
3960,2023-11-19,19.0,Clothing,,351.38,
3961,2023-07-22,37.0,Clothing,7.0,170.23,132.18
3962,2023-04-26,33.0,Home,5.0,419.44,231.21
3963,2023-10-30,25.0,Clothing,8.0,385.31,279.2
3964,2023-03-12,63.0,Home,8.0,175.88,124.12
3965,2023-03-23,49.0,Beauty,9.0,342.5,92.57
3966,2023-03-29,22.0,Electronics,3.0,415.24,164.02
3967,2023-03-25,68.0,Beauty,8.0,400.73,256.77
3968,2023-06-03,28.0,Home,1.0,171.03,44.51
3969,2023-04-04,49.0,Clothing,,298.22,180.93
3970,2023-03-06,,,9.0,134.38,185.7
3971,2023-09-14,32.0,Home,6.0,195.82,258.26
3972,2023-08-01,53.0,Beauty,7.0,127.02,68.33
3973,2023-05-29,54.0,Electronics,3.0,29.46,58.59
3974,2023-10-05,36.0,Home,1.0,189.09,207.61
3975,2023-05-09,59.0,Beauty,5.0,359.49,
3976,2023-12-19,18.0,Home,7.0,129.35,103.78
3977,2023-10-19,37.0,Clothing,9.0,293.32,167.65
3978,2023-01-24,62.0,Home,5.0,461.55,
3979,2023-11-07,67.0,Home,1.0,491.56,142.51
3980,2023-10-07,66.0,Beauty,4.0,45.89,176.04
3981,2023-01-26,20.0,Sports,Unknown,413.44,172.38
3982,,52.0,,7.0,100.7,118.44
3983,2023-11-17,32.0,Home,8.0,142.73,113.04
3984,2023-06-12,22.0,Home,4.0,138.54,171.71
3985,2023-06-14,28.0,Electronics,7.0,444.96,162.36
3986,2023-02-23,31.0,Home,3.0,412.14,49.25
3987,2023-10-12,69.0,Beauty,2.0,333.73,14.02
3988,2023-05-18,47.0,Beauty,2.0,66.14,63.2
3989,2023-07-23,69.0,Sports,2.0,301.5,84.56
3990,2023-12-16,61.0,Clothing,7.0,27.97,157.15
3991,2023-01-26,38.0,Clothing,9.0,82.87,93.25
3992,2023-02-25,42.0,Clothing,2.0,297.24,192.38
3993,2023-04-16,38.0,Beauty,4.0,260.54,22.0
3994,2023-06-07,58.0,Clothing,1.0,473.65,142.81
3995,,64.0,Sports,9.0,,36.59
3996,,40.0,Beauty,5.0,138.57,224.85
3997,2023-01-22,69.0,,6.0,172.3,188.96
3998,2023-02-18,63.0,Clothing,2.0,387.5,96.18
3999,2023-12-06,40.0,,4.0,99.45,230.2
4000,2023-12-22,26.0,Electronics,5.0,12.12,82.78
4001,2023-02-14,21.0,Beauty,3.0,474.09,224.31
4002,2023-04-15,23.0,Clothing,5.0,198.43,98.21
4003,2023-05-26,35.0,Beauty,8.0,210.78,170.96
4004,2023-10-26,52.0,Sports,4.0,243.18,97.88
4005,,49.0,Sports,4.0,38.26,284.86
4006,2023-02-17,45.0,Clothing,1.0,424.82,205.41
4007,2023-01-07,47.0,Electronics,3.0,317.05,293.09
4008,2023-09-29,27.0,,9.0,10.76,8.53
4009,2023-02-06,59.0,Clothing,8.0,161.91,156.3
4010,2023-06-14,24.0,Sports,2.0,401.99,11.77
4011,,25.0,Sports,4.0,268.27,195.97
4012,2023-08-02,22.0,Home,3.0,424.24,103.51
4013,2023-06-10,53.0,Beauty,2.0,196.84,195.37
4014,2023-08-27,68.0,Sports,3.0,262.61,296.96
4015,2023-03-23,,Sports,9.0,174.22,77.61
4016,,59.0,Beauty,1.0,,240.23
4017,2023-05-12,,Clothing,6.0,158.33,77.03
4018,2023-03-18,62.0,Beauty,9.0,107.33,22.44
4019,2023-09-10,40.0,Electronics,9.0,147.11,54.66
4020,2023-07-13,31.0,Clothing,1.0,279.17,243.36
4021,2023-02-27,49.0,Home,1.0,33.19,149.78
4022,2023-01-28,31.0,Clothing,3.0,367.87,126.13
4023,2023-05-05,,Home,8.0,100.5,105.74
4024,2023-02-11,,,1.0,403.88,180.99
4025,2023-07-07,55.0,Home,,396.89,32.3
4026,2023-11-21,45.0,Beauty,3.0,147.61,294.91
4027,2023-11-16,36.0,Electronics,4.0,163.8,259.11
4028,2023-03-12,33.0,Sports,9.0,225.65,114.02
4029,2023-08-24,66.0,Home,8.0,475.74,220.23
4030,2023-04-15,64.0,Sports,1.0,141.17,256.81
4031,2023-06-11,46.0,Beauty,7.0,254.28,109.73
4032,2023-03-01,68.0,Sports,,318.67,98.64
4033,2023-08-13,62.0,Home,4.0,158.48,155.24
4034,2023-03-11,52.0,Clothing,2.0,261.9,89.48
4035,2023-06-18,56.0,Beauty,6.0,429.15,41.78
4036,2023-01-14,57.0,Clothing,3.0,42.99,126.96
4037,2023-09-02,63.0,Electronics,3.0,255.74,238.73
4038,2023-06-03,46.0,Electronics,7.0,461.8,203.96
4039,2023-03-26,27.0,Beauty,4.0,219.97,120.02
4040,2023-07-27,34.0,Beauty,7.0,344.25,160.46
4041,2023-11-03,25.0,,9.0,437.53,150.5
4042,2023-04-11,19.0,Sports,3.0,389.8,199.09
4043,2023-12-04,33.0,Sports,2.0,408.01,237.13
4044,2023-06-16,58.0,Beauty,5.0,237.09,155.28
4045,2023-10-22,52.0,Electronics,3.0,397.27,
4046,2023-09-28,,Home,3.0,13.95,77.39
4047,2023-11-13,40.0,Beauty,2.0,247.45,50.0
4048,2023-12-09,59.0,Beauty,9.0,231.97,165.86
4049,2023-04-20,29.0,Electronics,5.0,374.65,162.88
4050,2023-12-20,36.0,Electronics,9.0,75.1,233.81
4051,2023-09-23,30.0,Sports,5.0,260.24,186.43
4052,2023-03-06,,Clothing,9.0,32.08,16.38
4053,2023-05-13,,Electronics,3.0,101.02,44.8
4054,2023-08-29,38.0,Beauty,8.0,382.62,111.22
4055,2023-01-23,56.0,Home,9.0,246.08,204.56
4056,2023-04-17,36.0,Sports,6.0,379.89,246.0
4057,2023-12-20,55.0,Sports,6.0,69.15,292.53
4058,2023-05-19,53.0,Home,3.0,457.05,28.68
4059,2023-04-09,20.0,Beauty,5.0,390.96,286.94
4060,2023-11-16,29.0,Home,2.0,,139.48
4061,2023-01-10,43.0,Beauty,4.0,386.25,234.42
4062,2023-07-24,30.0,Sports,7.0,30.94,70.02
4063,2023-07-16,46.0,Sports,6.0,26.78,67.67
4064,2023-01-20,68.0,Home,7.0,49.19,
4065,2023-05-10,52.0,Clothing,4.0,341.7,48.31
4066,2023-05-12,44.0,Electronics,6.0,239.69,
4067,2023-10-08,48.0,Beauty,1.0,,23.89
4068,2023-08-03,41.0,Sports,5.0,98.01,215.06
4069,2023-10-17,68.0,Beauty,1.0,120.26,187.16
4070,2023-12-16,38.0,Home,1.0,475.38,38.46
4071,2023-08-30,23.0,Home,3.0,45.41,296.82
4072,2023-07-13,35.0,,8.0,369.72,20.12
4073,2023-07-23,,Clothing,7.0,154.22,262.89
4074,2023-03-13,49.0,Beauty,1.0,162.25,142.78
4075,2023-01-15,67.0,Home,7.0,74.15,289.93
4076,2023-01-08,46.0,Home,8.0,369.31,
4077,2023-11-21,,Beauty,7.0,113.11,298.83
4078,2023-06-15,58.0,,3.0,203.25,41.5
4079,2023-04-27,40.0,,9.0,185.24,154.81
4080,2023-10-04,18.0,Beauty,8.0,304.95,216.29
4081,2023-06-27,28.0,Clothing,2.0,386.92,176.35
4082,2023-06-03,28.0,Beauty,4.0,442.96,297.66
4083,2023-04-25,18.0,Beauty,,197.66,26.35
4084,2023-09-04,42.0,Electronics,8.0,257.58,235.3
4085,2023-11-22,,Home,5.0,219.0,206.76
4086,2023-03-31,57.0,Clothing,6.0,230.73,135.92
4087,2023-12-25,52.0,Sports,6.0,317.44,
4088,2023-06-28,53.0,Clothing,3.0,,139.1
4089,,25.0,Beauty,9.0,93.42,166.83
4090,2023-11-27,40.0,Home,9.0,417.84,171.48
4091,2023-06-02,59.0,Sports,2.0,487.59,99.29
4092,2023-05-08,50.0,Electronics,5.0,237.73,
4093,2023-02-25,56.0,Clothing,4.0,166.35,61.42
4094,2023-01-19,52.0,Home,Unknown,285.25,65.18
4095,2023-06-18,29.0,Electronics,5.0,191.8,272.38
4096,2023-02-16,22.0,Electronics,6.0,90.27,48.45
4097,2023-11-18,61.0,Sports,3.0,431.89,232.36
4098,2023-03-14,38.0,Sports,3.0,314.03,
4099,2023-06-18,27.0,Electronics,2.0,224.74,126.56
4100,2023-03-26,59.0,Beauty,1.0,469.71,49.56
4101,2023-11-11,19.0,Sports,3.0,497.65,29.7
4102,2023-08-18,26.0,Sports,3.0,,220.05
4103,2023-06-17,21.0,Electronics,3.0,,65.25
4104,2023-04-15,49.0,Sports,2.0,472.32,53.24
4105,,64.0,Sports,2.0,464.58,194.45
4106,2023-05-12,48.0,Home,7.0,25.67,64.5
4107,2023-05-18,,Beauty,8.0,95.86,188.42
4108,,57.0,Sports,4.0,216.0,240.37
4109,2023-02-14,32.0,Sports,7.0,263.06,72.4
4110,2023-06-12,41.0,Electronics,8.0,344.1,245.1
4111,2023-09-10,44.0,Sports,5.0,474.94,110.63
4112,2023-10-12,31.0,Sports,3.0,205.04,267.48
4113,2023-08-27,28.0,Sports,1.0,321.76,113.92
4114,2023-11-06,61.0,Home,5.0,426.61,282.12
4115,2023-04-14,38.0,Sports,2.0,59.76,241.01
4116,,64.0,Electronics,,187.19,150.14
4117,2023-10-08,23.0,Beauty,5.0,322.19,30.45
4118,2023-01-19,68.0,Home,6.0,494.87,68.45
4119,2023-05-16,55.0,Home,5.0,277.33,34.81
4120,2023-08-24,,Clothing,6.0,283.7,158.7
4121,2023-08-16,48.0,Sports,8.0,66.37,228.23
4122,2023-01-09,19.0,Home,3.0,341.04,213.38
4123,2023-06-14,43.0,Electronics,2.0,409.24,271.8
4124,2023-10-03,50.0,Home,4.0,213.59,107.75
4125,2023-06-24,,Electronics,3.0,333.8,163.07
4126,2023-05-16,43.0,Beauty,5.0,349.14,119.15
4127,2023-06-21,,Clothing,Unknown,225.31,
4128,2023-02-16,33.0,Beauty,7.0,180.6,266.57
4129,2023-02-17,24.0,Electronics,6.0,426.63,242.44
4130,,31.0,,6.0,207.91,218.33
4131,2023-12-06,61.0,Clothing,7.0,180.45,81.3
4132,2023-05-19,62.0,Sports,3.0,77.96,51.25
4133,,34.0,Home,7.0,281.48,211.18
4134,2023-03-17,56.0,Sports,,290.08,280.5
4135,2023-10-31,49.0,Beauty,1.0,48.45,110.24
4136,2023-04-12,,Sports,5.0,44.54,217.23
4137,2023-02-08,25.0,Electronics,2.0,402.12,187.39
4138,2023-10-02,26.0,Beauty,6.0,386.93,264.92
4139,2023-03-18,,Sports,8.0,20.87,266.14
4140,,44.0,Electronics,8.0,90.72,150.07
4141,2023-03-07,57.0,Electronics,3.0,369.92,232.61
4142,2023-07-24,66.0,Beauty,2.0,98.11,30.98
4143,2023-08-13,38.0,Home,5.0,50.79,255.66
4144,2023-03-25,40.0,Sports,4.0,81.76,198.68
4145,2023-02-02,18.0,Clothing,8.0,436.64,256.24
4146,2023-06-07,58.0,Home,6.0,144.2,277.93
4147,2023-09-08,54.0,Clothing,2.0,17.89,26.38
4148,2023-05-24,39.0,Sports,3.0,364.26,147.56
4149,2023-08-12,42.0,Sports,2.0,374.47,83.8
4150,2023-09-01,53.0,Clothing,7.0,395.51,46.62
4151,,,Home,1.0,368.3,271.11
4152,2023-01-16,46.0,Sports,5.0,136.7,203.81
4153,2023-02-28,57.0,Clothing,1.0,498.99,48.13
4154,2023-03-04,66.0,Home,7.0,165.13,283.38
4155,2023-02-18,32.0,Electronics,8.0,295.4,161.4
4156,2023-10-16,25.0,Home,7.0,,222.83
4157,2023-11-28,67.0,Sports,1.0,34.01,188.07
4158,2023-09-12,43.0,Sports,6.0,305.99,247.77
4159,2023-10-06,30.0,Sports,5.0,83.99,97.61
4160,2023-08-13,25.0,Sports,4.0,271.77,65.95
4161,2023-07-18,63.0,Home,7.0,276.69,25.26
4162,2023-08-22,,Beauty,9.0,469.83,279.52
4163,2023-08-18,69.0,Electronics,4.0,247.71,285.88
4164,2023-09-06,23.0,Home,8.0,133.22,170.96
4165,2023-03-16,29.0,Beauty,8.0,225.21,6.17
4166,2023-07-09,46.0,Clothing,5.0,,17.4
4167,2023-03-29,39.0,Sports,6.0,215.84,269.48
4168,,36.0,Home,6.0,276.17,205.49
4169,2023-01-20,42.0,Sports,4.0,178.2,151.93
4170,2023-10-08,26.0,Electronics,3.0,,
4171,2023-12-20,35.0,Electronics,6.0,123.32,199.49
4172,2023-05-13,69.0,Electronics,9.0,19.92,18.65
4173,2023-12-11,19.0,Sports,1.0,252.34,255.52
4174,2023-09-03,25.0,Clothing,5.0,,210.61
4175,,24.0,Sports,3.0,440.84,231.89
4176,2023-09-28,25.0,Electronics,9.0,347.81,61.11
4177,2023-05-11,64.0,Beauty,5.0,241.25,138.05
4178,2023-09-27,,Home,9.0,29.77,205.09
4179,2023-12-27,47.0,Electronics,1.0,361.85,84.9
4180,2023-01-10,,Electronics,2.0,18.3,80.91
4181,2023-04-21,20.0,Home,7.0,110.88,112.58
4182,2023-02-26,67.0,Beauty,4.0,55.29,147.83
4183,2023-04-23,50.0,Home,7.0,376.81,187.1
4184,2023-03-24,47.0,Clothing,7.0,296.09,153.51
4185,2023-12-15,47.0,Clothing,8.0,118.32,33.52
4186,2023-04-21,33.0,Beauty,9.0,327.97,87.06
4187,,41.0,Electronics,4.0,442.02,
4188,2023-01-20,49.0,Sports,6.0,10.26,19.28
4189,2023-11-25,38.0,Clothing,8.0,188.08,188.24
4190,2023-06-16,26.0,Electronics,7.0,51.8,156.96
4191,2023-01-23,68.0,Clothing,7.0,274.21,150.14
4192,2023-01-09,21.0,Clothing,3.0,392.6,134.2
4193,2023-11-03,,Home,9.0,474.65,45.16
4194,2023-07-28,61.0,Clothing,7.0,112.82,188.14
4195,2023-07-12,,Clothing,2.0,313.92,222.09
4196,2023-02-20,,Electronics,5.0,432.92,141.88
4197,2023-06-17,26.0,Home,,69.43,252.88
4198,2023-07-26,19.0,Electronics,4.0,316.36,172.79
4199,,39.0,Clothing,6.0,261.03,204.29
4200,2023-06-01,67.0,Beauty,8.0,159.95,251.86
4201,2023-05-08,50.0,Sports,9.0,374.84,188.45
4202,2023-12-22,28.0,Home,6.0,169.74,224.67
4203,2023-12-31,31.0,Electronics,1.0,230.61,151.33
4204,2023-05-20,65.0,Beauty,9.0,224.09,282.02
4205,2023-04-04,54.0,Beauty,3.0,162.37,155.02
4206,2023-08-17,52.0,Home,4.0,381.88,201.73
4207,2023-01-25,,Clothing,6.0,189.85,282.3
4208,2023-10-08,66.0,Electronics,5.0,306.1,239.66
4209,2023-07-20,50.0,Electronics,3.0,136.23,55.67
4210,2023-07-09,48.0,Beauty,2.0,432.41,
4211,2023-12-21,,Clothing,2.0,100.05,136.16
4212,2023-06-26,37.0,Electronics,4.0,317.74,123.93
4213,2023-07-28,30.0,Sports,4.0,108.42,121.01
4214,2023-11-24,27.0,Clothing,2.0,461.19,30.9
4215,2023-04-15,60.0,Beauty,6.0,265.16,291.94
4216,2023-10-06,28.0,Sports,4.0,476.74,284.33
4217,2023-04-04,59.0,,3.0,397.62,50.97
4218,2023-10-16,69.0,Clothing,5.0,275.34,5.32
4219,2023-09-14,26.0,Home,1.0,277.12,159.2
4220,2023-12-11,48.0,Beauty,9.0,299.36,228.03
4221,2023-12-12,19.0,Clothing,5.0,180.25,265.2
4222,2023-09-27,29.0,Clothing,5.0,495.79,288.64
4223,2023-04-21,47.0,Clothing,,158.62,210.56
4224,2023-12-05,28.0,Beauty,4.0,120.81,293.86
4225,2023-10-10,40.0,Electronics,7.0,327.04,194.58
4226,2023-08-03,50.0,Beauty,3.0,367.49,54.44
4227,2023-01-23,57.0,Beauty,9.0,336.97,211.61
4228,2023-12-28,20.0,Electronics,1.0,37.01,181.81
4229,2023-11-20,24.0,Sports,1.0,46.27,138.88
4230,2023-08-12,20.0,Clothing,6.0,157.95,160.8
4231,2023-12-12,33.0,Clothing,8.0,121.05,160.26
4232,2023-08-03,30.0,Clothing,6.0,478.12,269.64
4233,2023-07-26,18.0,Electronics,2.0,289.75,260.9
4234,2023-07-13,54.0,Home,8.0,33.7,192.67
4235,2023-06-01,28.0,Home,2.0,93.57,28.62
4236,2023-01-11,24.0,Electronics,7.0,217.79,8.11
4237,2023-01-15,41.0,Clothing,5.0,57.35,8.96
4238,,65.0,Beauty,6.0,496.25,34.47
4239,2023-03-14,44.0,Clothing,2.0,303.29,91.35
4240,2023-01-28,43.0,Electronics,8.0,219.94,79.43
4241,2023-12-17,59.0,Home,9.0,394.3,152.6
4242,2023-11-15,68.0,Electronics,6.0,70.11,164.13
4243,2023-07-29,52.0,Clothing,3.0,288.11,31.15
4244,2023-08-19,40.0,Beauty,,231.75,179.8
4245,2023-04-14,69.0,Electronics,3.0,153.93,61.47
4246,2023-11-26,64.0,Electronics,3.0,306.58,216.93
4247,2023-12-01,25.0,Sports,2.0,275.88,101.06
4248,2023-02-27,22.0,Beauty,4.0,114.62,275.1
4249,2023-01-10,35.0,Beauty,7.0,132.75,284.79
4250,2023-10-22,36.0,Beauty,6.0,31.05,198.89
4251,2023-02-06,60.0,Electronics,9.0,184.31,260.6
4252,2023-08-30,25.0,Sports,5.0,171.16,162.14
4253,2023-08-01,60.0,Beauty,9.0,93.0,94.7
4254,2023-02-25,55.0,Beauty,4.0,249.1,47.58
4255,2023-08-27,35.0,,7.0,152.14,62.45
4256,2023-12-28,33.0,Beauty,5.0,264.91,200.02
4257,2023-10-06,40.0,Clothing,4.0,141.99,79.05
4258,2023-11-13,,Sports,8.0,383.99,144.78
4259,2023-08-06,40.0,,4.0,316.11,245.47
4260,2023-01-16,59.0,Clothing,,78.98,245.41
4261,2023-02-26,67.0,Clothing,2.0,413.71,288.76
4262,2023-12-29,63.0,Clothing,4.0,282.5,247.96
4263,2023-08-30,23.0,Electronics,2.0,335.8,219.61
4264,2023-11-22,51.0,Clothing,3.0,293.46,112.2
4265,2023-10-15,28.0,Sports,8.0,95.91,84.55
4266,,42.0,Clothing,3.0,249.81,79.27
4267,2023-12-31,,Beauty,7.0,144.14,120.6
4268,2023-11-23,25.0,Beauty,1.0,391.08,185.87
4269,2023-07-05,58.0,Clothing,5.0,201.24,189.33
4270,2023-10-04,38.0,Home,2.0,,214.87
4271,2023-06-29,18.0,Sports,5.0,346.85,270.88
4272,,44.0,Clothing,4.0,446.6,160.88
4273,2023-09-28,19.0,Electronics,8.0,167.84,20.4
4274,2023-09-19,27.0,Home,8.0,197.03,246.4
4275,2023-12-19,54.0,Clothing,1.0,474.17,126.65
4276,2023-03-24,63.0,Sports,9.0,81.18,88.31
4277,2023-08-11,,Home,8.0,423.18,270.12
4278,2023-07-11,41.0,Electronics,6.0,149.97,174.5
4279,2023-05-27,66.0,Home,3.0,240.26,168.53
4280,2023-09-28,20.0,Home,8.0,238.06,7.95
4281,2023-03-14,61.0,Clothing,8.0,,68.7
4282,2023-12-20,42.0,Home,1.0,89.52,269.14
4283,2023-07-29,31.0,Sports,4.0,465.12,84.7
4284,2023-03-14,44.0,Beauty,6.0,390.3,150.06
4285,2023-11-05,44.0,Clothing,8.0,223.77,165.72
4286,2023-07-17,67.0,,8.0,52.61,272.22
4287,2023-07-05,65.0,,8.0,423.28,292.24
4288,2023-01-13,42.0,Home,6.0,36.47,273.84
4289,2023-02-20,41.0,Sports,6.0,344.82,296.86
4290,2023-08-07,,Beauty,5.0,211.25,193.98
4291,2023-10-07,34.0,Electronics,4.0,302.18,281.33
4292,2023-06-05,21.0,Beauty,5.0,188.46,201.19
4293,2023-03-23,25.0,Electronics,5.0,20.92,266.13
4294,2023-09-30,23.0,Home,3.0,109.44,270.94
4295,2023-03-02,25.0,Electronics,9.0,323.8,287.17
4296,2023-07-15,35.0,Electronics,6.0,209.21,150.5
4297,2023-11-19,67.0,Clothing,9.0,98.11,102.06
4298,2023-03-30,19.0,Beauty,2.0,320.9,101.55
4299,2023-10-09,55.0,Electronics,4.0,430.3,29.9
4300,2023-01-27,41.0,Clothing,4.0,449.51,258.68
4301,2023-07-01,48.0,Sports,4.0,481.22,76.18
4302,2023-08-28,45.0,Clothing,9.0,119.86,
4303,2023-07-15,21.0,Electronics,1.0,497.02,256.0
4304,2023-11-03,33.0,Sports,5.0,26.65,270.56
4305,2023-02-07,52.0,Electronics,2.0,376.57,170.05
4306,2023-02-25,33.0,Sports,5.0,244.01,274.82
4307,2023-12-25,45.0,Clothing,,391.42,149.28
4308,2023-11-30,46.0,Home,3.0,52.15,104.21
4309,2023-12-05,42.0,Sports,5.0,331.35,
4310,2023-08-11,32.0,Beauty,1.0,,102.83
4311,2023-10-14,52.0,Beauty,7.0,,215.64
4312,2023-08-19,67.0,Home,6.0,412.76,168.58
4313,2023-01-23,22.0,Clothing,4.0,174.3,208.96
4314,2023-10-23,49.0,Sports,Unknown,258.36,37.0
4315,2023-06-18,32.0,Beauty,9.0,312.42,
4316,2023-07-22,69.0,Electronics,2.0,430.64,270.23
4317,2023-09-30,23.0,Sports,2.0,19.0,13.13
4318,2023-02-16,39.0,Home,7.0,242.28,284.18
4319,2023-04-20,43.0,Clothing,6.0,360.41,222.55
4320,2023-12-31,26.0,Beauty,8.0,34.12,274.21
4321,2023-12-14,69.0,Sports,3.0,,131.89
4322,2023-03-14,67.0,Electronics,2.0,364.68,
4323,2023-04-23,62.0,Sports,6.0,86.3,43.5
4324,2023-10-01,68.0,Electronics,5.0,122.42,182.01
4325,2023-12-15,64.0,Sports,6.0,85.6,122.79
4326,2023-01-10,24.0,Beauty,7.0,,286.04
4327,2023-01-31,68.0,Electronics,7.0,12.77,162.63
4328,2023-09-06,49.0,Home,6.0,55.06,246.27
4329,2023-09-27,39.0,Home,8.0,,
4330,2023-01-02,35.0,Home,4.0,414.45,55.82
4331,2023-11-16,66.0,Beauty,2.0,234.71,241.02
4332,,52.0,Home,2.0,400.45,134.54
4333,2023-10-07,59.0,Beauty,6.0,272.92,10.62
4334,2023-08-10,51.0,,5.0,202.75,73.54
4335,2023-07-26,59.0,Beauty,3.0,274.45,45.64
4336,2023-01-04,61.0,Clothing,,117.14,138.28
4337,2023-09-14,44.0,Home,,113.36,127.81
4338,2023-03-15,51.0,Clothing,5.0,350.63,20.77
4339,2023-12-03,,Electronics,4.0,341.71,6.08
4340,2023-04-21,50.0,Clothing,9.0,167.33,208.74
4341,2023-01-21,30.0,Beauty,2.0,442.08,141.06
4342,2023-05-19,47.0,Clothing,6.0,354.91,104.11
4343,2023-04-28,50.0,Clothing,6.0,110.64,6.81
4344,2023-08-02,46.0,Sports,,222.88,149.51
4345,2023-10-20,69.0,Beauty,5.0,421.81,257.06
4346,2023-05-08,39.0,Electronics,2.0,127.19,243.1
4347,2023-11-21,39.0,Beauty,1.0,477.16,120.04
4348,2023-10-15,28.0,Clothing,2.0,360.95,14.35
4349,2023-02-17,49.0,Beauty,5.0,105.07,292.54
4350,2023-12-03,49.0,Sports,1.0,288.19,166.51
4351,2023-03-01,45.0,Clothing,1.0,,40.95
4352,2023-03-06,44.0,Clothing,4.0,242.94,162.6
4353,2023-02-07,59.0,Sports,4.0,300.54,112.95
4354,2023-02-28,19.0,Electronics,6.0,407.61,82.56
4355,2023-12-23,,Clothing,6.0,436.94,162.86
4356,2023-06-07,36.0,Home,7.0,260.84,90.02
4357,2023-02-17,31.0,Electronics,6.0,277.68,160.53
4358,2023-02-25,35.0,Electronics,1.0,281.14,49.21
4359,2023-03-10,64.0,Home,9.0,404.79,
4360,2023-03-30,22.0,Home,9.0,451.39,248.3
4361,2023-09-14,30.0,,9.0,349.3,164.0
4362,2023-08-22,32.0,Beauty,5.0,273.18,86.5
4363,2023-05-27,38.0,Sports,4.0,128.49,281.9
4364,2023-01-02,40.0,Electronics,,345.65,243.19
4365,2023-05-25,30.0,Sports,7.0,320.96,252.29
4366,2023-03-02,,Sports,6.0,478.27,207.45
4367,2023-11-28,44.0,Electronics,5.0,14.67,290.6
4368,2023-05-11,66.0,Electronics,4.0,396.96,27.57
4369,2023-02-19,35.0,Electronics,7.0,236.02,287.93
4370,2023-06-27,45.0,Beauty,3.0,454.02,163.98
4371,2023-06-19,44.0,Sports,6.0,40.97,138.03
4372,2023-12-02,43.0,Sports,Unknown,287.14,138.47
4373,2023-05-28,30.0,Sports,6.0,298.44,155.32
4374,2023-05-05,66.0,Electronics,,34.67,17.25
4375,2023-03-21,68.0,Clothing,7.0,84.21,247.57
4376,2023-03-06,,Home,5.0,295.4,293.33
4377,2023-07-20,61.0,Sports,9.0,275.81,236.03
4378,2023-03-30,26.0,Clothing,4.0,42.23,103.05
4379,2023-09-28,59.0,Beauty,9.0,259.62,21.83
4380,2023-01-27,58.0,Home,3.0,356.11,83.7
4381,2023-03-02,43.0,Electronics,3.0,99.33,24.48
4382,2023-08-07,40.0,Clothing,3.0,277.64,91.59
4383,2023-02-01,43.0,Clothing,2.0,93.13,120.95
4384,2023-08-25,69.0,Clothing,3.0,171.18,46.41
4385,2023-11-13,21.0,Clothing,,101.49,132.35
4386,2023-03-21,39.0,Clothing,1.0,491.22,151.32
4387,,61.0,Clothing,3.0,395.65,253.16
4388,2023-09-04,69.0,Beauty,5.0,213.16,242.16
4389,2023-07-22,38.0,,2.0,108.34,27.58
4390,2023-10-19,,Sports,Unknown,105.63,241.86
4391,2023-04-29,25.0,Electronics,5.0,335.15,32.51
4392,2023-11-27,,Beauty,1.0,439.01,255.84
4393,2023-12-27,54.0,Electronics,3.0,,165.19
4394,2023-04-27,55.0,Beauty,4.0,431.75,104.64
4395,2023-04-25,65.0,Electronics,8.0,387.77,6.54
4396,2023-10-29,65.0,Electronics,8.0,190.96,96.27
4397,,21.0,Electronics,4.0,377.29,264.63
4398,2023-12-02,36.0,Electronics,1.0,115.53,147.43
4399,2023-08-16,59.0,Home,6.0,432.3,296.32
4400,2023-03-22,65.0,Sports,5.0,307.6,39.77
4401,2023-05-30,43.0,Clothing,6.0,458.34,37.8
4402,2023-03-04,46.0,Electronics,4.0,216.12,148.69
4403,2023-12-22,61.0,Beauty,7.0,359.77,174.59
4404,2023-11-18,44.0,Sports,7.0,393.48,8.83
4405,2023-06-15,61.0,Home,6.0,86.82,32.24
4406,2023-05-17,,Clothing,2.0,140.65,61.49
4407,2023-07-08,23.0,Clothing,9.0,136.07,180.16
4408,2023-01-02,38.0,Electronics,5.0,201.96,199.21
4409,2023-03-13,56.0,Beauty,4.0,44.52,128.49
4410,2023-06-19,22.0,Clothing,5.0,285.53,7.64
4411,2023-12-03,34.0,,,149.22,223.68
4412,2023-07-14,41.0,Sports,9.0,401.0,53.28
4413,2023-05-21,34.0,Beauty,6.0,427.26,204.56
4414,2023-02-23,53.0,Electronics,1.0,288.86,108.51
4415,2023-12-04,35.0,Electronics,7.0,68.46,15.66
4416,2023-09-15,26.0,Clothing,5.0,128.38,25.18
4417,2023-07-22,32.0,Beauty,4.0,467.49,241.52
4418,2023-03-21,58.0,Clothing,3.0,54.72,48.55
4419,,35.0,Clothing,7.0,201.51,295.07
4420,2023-10-14,23.0,Home,9.0,,13.33
4421,,59.0,Electronics,1.0,470.67,65.48
4422,2023-02-16,55.0,Beauty,,147.45,277.45
4423,2023-04-17,48.0,Clothing,5.0,300.32,8.16
4424,2023-12-03,57.0,Electronics,5.0,108.84,263.34
4425,2023-05-14,33.0,Beauty,2.0,377.69,62.3
4426,2023-11-25,25.0,Electronics,2.0,166.8,95.67
4427,2023-04-05,27.0,Electronics,7.0,303.87,110.11
4428,2023-02-23,,Sports,2.0,227.47,214.08
4429,2023-08-23,56.0,Clothing,,73.45,142.19
4430,2023-06-13,58.0,Beauty,4.0,179.9,154.84
4431,2023-08-04,32.0,Electronics,6.0,249.8,90.43
4432,2023-05-25,20.0,Electronics,1.0,129.5,69.6
4433,2023-11-07,42.0,Home,6.0,480.97,31.88
4434,2023-09-14,41.0,,7.0,465.23,173.27
4435,2023-01-21,20.0,Beauty,1.0,392.71,7.12
4436,2023-06-20,48.0,Sports,2.0,20.44,200.5
4437,2023-04-23,28.0,Sports,,47.2,43.03
4438,2023-09-23,66.0,Home,4.0,411.87,215.67
4439,2023-11-21,36.0,Home,1.0,25.38,146.4
4440,2023-01-28,64.0,Sports,6.0,48.26,
4441,2023-02-20,25.0,Home,2.0,310.18,130.3
4442,2023-03-20,57.0,Electronics,9.0,284.7,117.35
4443,2023-03-15,40.0,Beauty,9.0,81.38,281.09
4444,2023-07-03,42.0,Beauty,8.0,437.15,13.79
4445,2023-05-09,58.0,Clothing,7.0,170.67,290.22
4446,2023-07-05,34.0,Beauty,2.0,,60.84
4447,2023-01-01,44.0,Beauty,4.0,261.26,287.43
4448,2023-10-20,,,2.0,247.32,
4449,2023-03-30,20.0,,6.0,461.81,45.16
4450,2023-07-08,68.0,Clothing,5.0,474.76,198.1
4451,2023-12-12,,Clothing,3.0,429.8,289.03
4452,2023-09-27,53.0,Electronics,5.0,423.76,289.26
4453,2023-06-25,33.0,Clothing,,,11.23
4454,2023-12-07,28.0,Electronics,8.0,183.41,26.11
4455,2023-10-04,18.0,Home,,473.9,61.01
4456,2023-08-11,38.0,Home,2.0,486.34,163.58
4457,2023-02-10,,Clothing,2.0,419.42,185.97
4458,2023-10-21,43.0,Electronics,3.0,103.14,
4459,2023-01-29,57.0,Sports,4.0,331.64,236.48
4460,2023-11-12,59.0,Clothing,7.0,67.95,238.25
4461,2023-09-01,26.0,,5.0,188.66,174.12
4462,2023-05-27,62.0,Clothing,5.0,436.32,284.82
4463,2023-10-05,21.0,,8.0,385.22,7.56
4464,2023-05-22,65.0,Beauty,1.0,384.07,261.81
4465,2023-12-19,64.0,Sports,5.0,406.61,100.74
4466,2023-02-24,54.0,Beauty,9.0,299.31,255.22
4467,2023-06-10,56.0,Sports,7.0,283.48,188.14
4468,2023-07-17,47.0,Clothing,5.0,96.82,116.56
4469,2023-01-31,32.0,Home,7.0,223.37,
4470,2023-02-15,19.0,Beauty,7.0,37.98,37.04
4471,2023-02-21,69.0,Home,8.0,107.97,170.68
4472,2023-03-15,38.0,Electronics,7.0,126.69,157.12
4473,2023-03-18,42.0,Beauty,7.0,283.68,184.07
4474,2023-02-21,68.0,Home,5.0,427.51,276.63
4475,2023-03-28,41.0,Home,4.0,410.36,112.05
4476,2023-08-13,27.0,,1.0,29.16,46.63
4477,2023-09-05,,Clothing,5.0,322.28,179.6
4478,2023-03-08,,Beauty,9.0,139.87,297.13
4479,2023-11-23,32.0,Clothing,3.0,355.97,137.05
4480,2023-07-08,32.0,Beauty,7.0,165.78,192.12
4481,2023-04-06,37.0,Home,2.0,445.74,91.95
4482,2023-09-20,32.0,Clothing,9.0,144.57,68.42
4483,2023-04-23,34.0,,5.0,121.07,34.98
4484,2023-05-12,39.0,Clothing,4.0,71.88,189.2
4485,2023-05-01,29.0,Beauty,1.0,282.29,40.61
4486,2023-05-02,40.0,Sports,4.0,311.72,125.4
4487,2023-09-17,,Home,9.0,105.12,121.75
4488,2023-06-10,,Home,2.0,482.5,291.85
4489,2023-10-03,45.0,Beauty,9.0,414.98,46.21
4490,2023-06-22,66.0,Sports,3.0,253.67,243.52
4491,,42.0,Sports,9.0,443.15,96.91
4492,2023-03-28,29.0,Beauty,4.0,498.09,265.45
4493,2023-10-14,58.0,Clothing,7.0,274.83,228.25
4494,2023-01-12,40.0,Clothing,7.0,93.48,
4495,2023-11-25,28.0,Home,1.0,187.24,295.55
4496,2023-04-25,25.0,Clothing,3.0,89.55,96.64
4497,2023-04-16,30.0,Beauty,2.0,298.27,109.23
4498,2023-08-30,57.0,Beauty,8.0,15.9,74.3
4499,2023-08-14,61.0,Home,2.0,143.26,208.18
4500,2023-05-21,29.0,Home,6.0,293.01,175.06
4501,2023-04-22,19.0,Sports,8.0,264.2,174.06
4502,2023-05-27,45.0,Sports,4.0,307.21,21.94
4503,2023-07-22,20.0,Sports,8.0,115.75,146.94
4504,2023-03-26,51.0,Clothing,9.0,,224.71
4505,2023-03-13,49.0,Home,4.0,113.5,139.01
4506,2023-01-09,25.0,Home,1.0,392.8,145.13
4507,2023-09-15,42.0,Clothing,,230.38,95.34
4508,2023-01-20,46.0,Beauty,9.0,101.3,
4509,2023-08-09,51.0,Clothing,4.0,182.36,246.65
4510,,41.0,Clothing,7.0,286.37,27.15
4511,2023-07-15,50.0,Electronics,8.0,446.26,283.39
4512,2023-03-28,68.0,Electronics,2.0,189.97,229.52
4513,2023-06-03,63.0,,1.0,122.52,
4514,2023-09-21,59.0,Clothing,6.0,,68.31
4515,2023-05-01,,Beauty,2.0,295.3,198.79
4516,2023-06-22,53.0,Electronics,1.0,286.5,148.96
4517,2023-05-08,66.0,Clothing,6.0,292.76,21.01
4518,2023-04-20,19.0,Home,6.0,381.66,283.95
4519,2023-03-12,33.0,Electronics,4.0,199.58,169.52
4520,2023-09-25,29.0,Sports,1.0,,131.36
4521,2023-11-24,50.0,Clothing,6.0,390.6,128.82
4522,2023-06-15,35.0,Beauty,1.0,194.51,85.55
4523,2023-01-19,32.0,Clothing,1.0,326.07,227.77
4524,2023-07-03,42.0,Sports,4.0,303.55,266.55
4525,2023-01-10,57.0,Home,4.0,172.0,31.06
4526,2023-11-16,,Beauty,5.0,438.27,246.94
4527,2023-12-14,41.0,Sports,7.0,494.4,101.96
4528,2023-12-02,41.0,Sports,,219.18,141.36
4529,2023-04-07,68.0,Electronics,7.0,145.99,269.24
4530,2023-05-29,23.0,Home,9.0,267.64,
4531,2023-01-09,32.0,Electronics,5.0,485.26,183.92
4532,2023-09-30,49.0,Beauty,8.0,376.1,222.13
4533,2023-10-28,45.0,Sports,1.0,364.6,91.86
4534,2023-05-05,60.0,Clothing,3.0,310.4,74.17
4535,2023-01-01,54.0,Home,7.0,246.7,210.59
4536,2023-10-24,41.0,Electronics,3.0,227.41,290.15
4537,2023-03-21,46.0,Electronics,3.0,360.05,101.94
4538,2023-12-04,31.0,Beauty,3.0,349.98,69.86
4539,2023-05-16,,Beauty,5.0,84.41,
4540,,43.0,Clothing,5.0,405.23,288.2
4541,2023-11-21,69.0,Home,6.0,207.41,93.7
4542,2023-12-04,47.0,Sports,7.0,411.51,279.87
4543,2023-04-05,29.0,Clothing,9.0,324.46,155.98
4544,2023-05-26,38.0,Home,1.0,,28.5
4545,2023-08-19,46.0,Clothing,3.0,411.95,200.68
4546,2023-12-02,46.0,Clothing,2.0,107.04,162.28
4547,2023-05-15,,Sports,Unknown,,190.42
4548,2023-11-15,58.0,Beauty,8.0,77.41,294.16
4549,2023-06-09,40.0,Clothing,6.0,442.56,217.91
4550,2023-11-04,43.0,Electronics,8.0,56.36,
4551,2023-03-17,,Home,2.0,76.41,207.91
4552,2023-03-05,39.0,Beauty,2.0,45.71,269.13
4553,2023-09-26,28.0,Clothing,1.0,429.03,25.97
4554,2023-09-18,25.0,Beauty,7.0,80.4,241.81
4555,2023-09-16,56.0,Beauty,9.0,389.76,123.34
4556,2023-08-02,33.0,Clothing,5.0,318.95,222.16
4557,2023-07-29,69.0,Sports,2.0,27.78,239.11
4558,2023-02-08,65.0,Electronics,8.0,103.01,218.85
4559,2023-06-22,52.0,Electronics,6.0,312.96,175.26
4560,2023-08-14,30.0,Clothing,9.0,246.49,196.13
4561,2023-07-16,57.0,Beauty,1.0,301.75,292.43
4562,2023-01-23,55.0,Beauty,8.0,212.95,235.26
4563,2023-08-30,51.0,Sports,3.0,427.71,
4564,2023-02-23,39.0,Home,,40.22,13.83
4565,2023-11-29,21.0,,7.0,106.86,108.99
4566,2023-04-08,67.0,Home,9.0,170.57,171.32
4567,2023-08-17,43.0,Electronics,7.0,475.96,63.76
4568,2023-09-13,35.0,Electronics,5.0,86.56,135.8
4569,2023-04-10,63.0,Clothing,8.0,231.27,135.51
4570,2023-09-15,20.0,Beauty,9.0,241.51,24.66
4571,2023-06-27,35.0,Sports,7.0,107.77,145.56
4572,2023-12-08,49.0,Beauty,7.0,408.37,93.34
4573,2023-05-16,61.0,Beauty,7.0,262.61,11.33
4574,2023-09-25,20.0,Clothing,1.0,402.25,34.25
4575,2023-04-05,52.0,Clothing,7.0,377.07,48.4
4576,2023-09-11,28.0,Sports,1.0,493.42,142.02
4577,,,Beauty,8.0,362.59,49.22
4578,2023-03-10,44.0,Sports,1.0,,210.34
4579,2023-01-30,52.0,Beauty,2.0,363.69,260.43
4580,2023-03-30,,Home,4.0,29.3,170.37
4581,,64.0,Home,7.0,67.91,54.4
4582,2023-09-23,31.0,Sports,2.0,232.4,297.87
4583,2023-07-26,65.0,Home,8.0,413.7,241.13
4584,2023-10-15,34.0,Beauty,9.0,461.92,89.39
4585,2023-04-20,32.0,Home,7.0,163.47,20.94
4586,2023-07-29,65.0,Sports,7.0,275.48,164.42
4587,2023-06-03,62.0,Electronics,7.0,316.4,176.13
4588,2023-12-19,28.0,Beauty,2.0,448.58,
4589,2023-03-18,65.0,Electronics,9.0,217.97,208.91
4590,2023-05-11,20.0,Sports,7.0,281.34,50.54
4591,2023-08-16,39.0,Sports,8.0,212.09,287.87
4592,2023-08-20,43.0,Home,4.0,79.16,226.26
4593,2023-01-30,26.0,Sports,6.0,458.73,190.92
4594,2023-11-27,28.0,Sports,9.0,277.75,254.39
4595,2023-11-12,,Beauty,9.0,11.58,145.15
4596,2023-11-26,47.0,Home,3.0,368.91,218.91
4597,2023-05-27,31.0,Home,5.0,451.57,213.22
4598,2023-10-26,42.0,Clothing,5.0,387.15,116.16
4599,2023-08-23,54.0,Clothing,8.0,,80.01
4600,2023-03-31,23.0,Sports,8.0,359.67,27.35
4601,2023-03-25,31.0,Beauty,9.0,293.45,200.63
4602,2023-01-05,39.0,Sports,2.0,,280.47
4603,2023-04-01,66.0,Beauty,1.0,395.35,160.71
4604,2023-04-14,43.0,Clothing,5.0,290.49,238.72
4605,,59.0,Beauty,1.0,426.98,39.74
4606,,31.0,Beauty,5.0,233.45,266.17
4607,2023-07-30,56.0,Electronics,4.0,189.53,129.08
4608,,67.0,Electronics,2.0,53.79,40.22
4609,2023-03-18,65.0,Electronics,4.0,232.1,86.85
4610,2023-11-12,42.0,Clothing,6.0,144.23,34.21
4611,2023-11-26,58.0,Sports,2.0,448.34,134.33
4612,2023-06-14,24.0,Beauty,5.0,464.37,71.43
4613,2023-03-11,25.0,Beauty,2.0,37.58,
4614,2023-12-31,33.0,Sports,1.0,271.15,39.35
4615,2023-11-02,18.0,Clothing,5.0,,49.25
4616,2023-09-14,49.0,Electronics,1.0,400.17,236.69
4617,,58.0,Beauty,5.0,463.86,108.88
4618,2023-02-09,25.0,Sports,8.0,428.17,27.56
4619,2023-07-02,22.0,Home,4.0,295.09,277.33
4620,2023-07-02,59.0,Sports,2.0,283.58,259.96
4621,2023-07-07,56.0,Clothing,5.0,51.44,204.62
4622,2023-11-20,65.0,Electronics,6.0,325.51,23.36
4623,2023-05-17,57.0,Home,8.0,90.59,147.57
4624,2023-12-02,49.0,Home,3.0,464.96,131.3
4625,2023-09-02,35.0,Home,Unknown,487.38,176.24
4626,2023-02-28,23.0,Electronics,7.0,161.34,122.99
4627,2023-03-13,30.0,Home,7.0,,79.16
4628,2023-04-22,48.0,Home,5.0,477.83,187.82
4629,2023-02-25,33.0,Clothing,2.0,292.66,238.53
4630,2023-04-30,18.0,Home,3.0,19.13,106.09
4631,2023-10-08,25.0,Sports,1.0,360.93,111.0
4632,,64.0,Home,3.0,334.85,
4633,,,,7.0,111.28,138.01
4634,2023-09-06,64.0,Electronics,6.0,497.78,217.27
4635,2023-06-13,59.0,Sports,1.0,226.77,92.6
4636,2023-10-21,55.0,Home,8.0,461.88,
4637,2023-11-13,67.0,Home,2.0,167.23,175.33
4638,2023-12-11,47.0,Electronics,8.0,449.84,
4639,2023-03-11,69.0,Clothing,9.0,299.48,33.54
4640,2023-03-21,40.0,Home,9.0,109.08,162.48
4641,2023-09-26,43.0,Sports,6.0,465.43,121.54
4642,2023-07-07,,Electronics,5.0,216.76,251.76
4643,2023-07-18,35.0,Beauty,6.0,443.45,134.21
4644,2023-10-15,41.0,Sports,4.0,28.96,121.42
4645,2023-09-26,32.0,Sports,5.0,307.57,183.78
4646,2023-11-14,21.0,Beauty,9.0,218.05,224.5
4647,2023-01-22,27.0,Beauty,6.0,198.4,110.38
4648,2023-02-17,24.0,,Unknown,450.43,161.02
4649,2023-06-12,40.0,Beauty,3.0,,85.64
4650,,69.0,Electronics,7.0,,5.95
4651,2023-03-12,,Electronics,4.0,85.46,181.8
4652,2023-06-22,37.0,Clothing,1.0,250.58,252.78
4653,2023-03-07,61.0,Clothing,6.0,199.88,141.09
4654,2023-08-16,46.0,Sports,3.0,232.07,192.23
4655,2023-11-12,33.0,Clothing,9.0,231.64,195.19
4656,2023-01-07,53.0,Clothing,6.0,479.46,120.57
4657,2023-07-30,,,6.0,83.19,22.73
4658,2023-09-10,60.0,Home,4.0,120.36,227.83
4659,2023-02-02,40.0,Beauty,6.0,420.69,185.53
4660,2023-01-03,53.0,Clothing,7.0,150.57,280.88
4661,2023-08-15,65.0,Beauty,7.0,,213.98
4662,2023-11-09,30.0,Electronics,4.0,132.58,259.14
4663,2023-09-11,39.0,Sports,6.0,,103.42
4664,2023-01-24,29.0,Beauty,2.0,339.89,267.67
4665,2023-08-22,38.0,Home,,138.61,173.65
4666,2023-11-28,41.0,Beauty,2.0,414.29,278.13
4667,2023-06-08,19.0,Sports,9.0,145.04,35.62
4668,2023-10-13,51.0,Home,6.0,378.93,161.61
4669,2023-06-04,20.0,Home,6.0,,234.83
4670,,41.0,Electronics,,357.96,158.98
4671,2023-11-12,64.0,Clothing,5.0,116.14,109.19
4672,2023-08-05,66.0,Clothing,5.0,115.71,181.82
4673,2023-12-23,18.0,Sports,6.0,79.08,188.1
4674,2023-12-19,22.0,Beauty,1.0,493.51,105.61
4675,2023-08-23,,Clothing,7.0,210.85,278.96
4676,2023-01-18,18.0,Sports,1.0,338.37,94.54
4677,2023-06-16,37.0,Clothing,9.0,88.97,260.08
4678,2023-02-23,60.0,Beauty,5.0,297.41,46.84
4679,2023-12-16,59.0,Home,6.0,367.16,97.63
4680,2023-09-24,22.0,Electronics,8.0,46.55,255.16
4681,2023-05-01,62.0,Electronics,6.0,158.05,240.82
4682,2023-06-09,56.0,Sports,4.0,499.28,180.15
4683,2023-08-11,23.0,Clothing,3.0,125.43,292.06
4684,2023-06-15,59.0,Electronics,7.0,253.53,
4685,2023-06-24,,Beauty,,96.43,244.95
4686,2023-08-17,42.0,Home,8.0,190.58,69.17
4687,2023-11-16,56.0,Home,4.0,304.92,179.56
4688,2023-07-25,56.0,Electronics,5.0,428.99,123.25
4689,2023-10-18,66.0,Home,6.0,497.88,174.8
4690,2023-06-12,58.0,Home,2.0,322.39,123.62
4691,2023-04-21,49.0,Beauty,1.0,61.5,197.03
4692,2023-09-13,68.0,Electronics,8.0,349.91,169.93
4693,2023-05-24,60.0,Sports,9.0,170.31,94.34
4694,,66.0,Clothing,4.0,113.71,221.67
4695,2023-06-18,68.0,Electronics,7.0,273.92,241.25
4696,2023-08-21,23.0,Electronics,1.0,207.11,201.38
4697,2023-03-01,53.0,Home,7.0,95.21,215.68
4698,2023-08-23,42.0,Beauty,1.0,146.67,116.05
4699,2023-08-22,34.0,Beauty,1.0,300.92,203.61
4700,2023-11-29,19.0,Clothing,4.0,318.84,131.48
4701,2023-04-17,21.0,Beauty,1.0,464.86,210.91
4702,2023-08-11,25.0,Home,8.0,113.3,234.58
4703,2023-07-03,22.0,Clothing,7.0,151.07,164.33
4704,2023-05-14,20.0,Beauty,1.0,178.78,9.58
4705,2023-12-30,18.0,Sports,8.0,153.18,142.46
4706,2023-05-26,37.0,,9.0,14.5,200.94
4707,2023-05-15,67.0,Beauty,2.0,117.56,130.96
4708,2023-03-05,,Beauty,4.0,412.82,59.7
4709,,57.0,Home,2.0,213.66,186.81
4710,2023-01-03,27.0,,1.0,348.01,223.11
4711,2023-04-20,26.0,Sports,9.0,475.08,233.5
4712,,50.0,Sports,9.0,113.91,12.57
4713,2023-01-04,,Electronics,5.0,353.65,240.27
4714,2023-06-15,54.0,Clothing,6.0,,54.04
4715,2023-01-17,21.0,Clothing,8.0,159.07,95.2
4716,2023-01-31,,Electronics,2.0,402.9,148.42
4717,2023-07-26,48.0,Electronics,1.0,206.0,176.6
4718,2023-04-11,30.0,Home,8.0,342.81,298.25
4719,2023-08-29,63.0,Clothing,1.0,271.69,43.92
4720,2023-09-04,26.0,Sports,2.0,422.31,142.17
4721,2023-06-22,32.0,Beauty,3.0,141.43,206.12
4722,2023-10-11,36.0,Electronics,9.0,78.51,113.38
4723,2023-12-24,58.0,Sports,6.0,39.72,31.35
4724,2023-01-21,,Electronics,9.0,463.84,278.19
4725,2023-04-07,56.0,Clothing,8.0,69.43,277.32
4726,2023-02-24,40.0,Home,7.0,161.95,264.82
4727,2023-05-07,61.0,Sports,8.0,195.05,
4728,,43.0,Clothing,9.0,76.24,133.24
4729,2023-03-29,64.0,,4.0,383.23,137.52
4730,2023-08-03,57.0,Sports,9.0,366.62,105.52
4731,2023-08-23,69.0,Clothing,5.0,266.67,278.01
4732,2023-05-19,26.0,Clothing,5.0,426.79,213.6
4733,2023-09-14,,Beauty,7.0,461.39,40.39
4734,2023-02-18,20.0,Home,4.0,256.95,20.58
4735,2023-01-26,32.0,Beauty,4.0,394.15,237.28
4736,2023-08-23,41.0,,1.0,,73.81
4737,2023-12-24,50.0,Home,9.0,390.1,238.42
4738,2023-12-17,69.0,Home,1.0,32.11,72.36
4739,2023-02-20,45.0,Home,7.0,,42.14
4740,2023-03-08,34.0,Beauty,5.0,107.06,204.45
4741,2023-06-04,,Clothing,2.0,151.88,28.4
4742,2023-06-17,53.0,Home,4.0,36.11,279.34
4743,2023-05-22,,Sports,5.0,158.36,247.18
4744,2023-04-19,46.0,Home,5.0,430.32,154.87
4745,2023-03-20,41.0,Electronics,Unknown,347.36,221.26
4746,2023-01-19,33.0,Beauty,9.0,217.53,31.29
4747,2023-01-29,23.0,Home,3.0,469.43,204.14
4748,2023-07-26,27.0,Home,4.0,165.55,
4749,2023-05-31,25.0,Clothing,8.0,164.48,129.61
4750,2023-07-01,34.0,Beauty,6.0,,270.16
4751,2023-08-24,19.0,Electronics,3.0,90.71,175.38
4752,2023-06-21,27.0,Sports,7.0,456.18,
4753,2023-11-07,56.0,Sports,,448.43,243.95
4754,2023-09-15,42.0,Clothing,3.0,459.88,205.23
4755,2023-06-03,47.0,Sports,2.0,213.47,112.1
4756,2023-02-07,56.0,Home,7.0,320.03,104.66
4757,2023-09-12,60.0,Electronics,6.0,270.04,148.77
4758,2023-04-05,36.0,Electronics,3.0,405.72,65.16
4759,2023-06-20,43.0,Beauty,5.0,142.38,191.46
4760,,23.0,Home,Unknown,191.7,68.08
4761,2023-08-09,56.0,Sports,6.0,216.57,187.24
4762,2023-11-20,,Home,2.0,118.86,236.26
4763,2023-10-27,65.0,Beauty,6.0,308.99,211.43
4764,,43.0,Electronics,9.0,54.85,143.16
4765,2023-06-07,57.0,Electronics,4.0,239.38,192.11
4766,2023-07-30,30.0,Home,8.0,123.04,242.0
4767,2023-08-10,34.0,Electronics,4.0,385.58,
4768,2023-06-07,65.0,Electronics,7.0,438.15,295.76
4769,,38.0,Beauty,2.0,360.07,112.91
4770,,42.0,Home,6.0,88.49,212.92
4771,2023-02-18,42.0,Clothing,1.0,130.26,265.4
4772,2023-10-24,43.0,Beauty,9.0,284.78,169.94
4773,2023-05-07,43.0,Home,5.0,289.22,217.39
4774,2023-04-01,56.0,,3.0,113.02,72.7
4775,2023-02-01,,Beauty,5.0,252.63,290.06
4776,2023-09-26,30.0,Sports,2.0,35.08,14.3
4777,2023-06-12,26.0,Sports,7.0,279.88,179.4
4778,2023-09-21,61.0,Beauty,9.0,75.48,216.73
4779,2023-02-10,27.0,Electronics,5.0,217.1,107.4
4780,2023-05-29,,Sports,8.0,445.12,34.32
4781,2023-01-02,49.0,Sports,7.0,180.18,
4782,2023-07-13,65.0,Electronics,9.0,475.09,245.2
4783,2023-12-02,45.0,Home,4.0,92.95,250.08
4784,2023-12-09,62.0,Sports,2.0,240.19,150.01
4785,2023-07-31,50.0,Beauty,8.0,274.51,178.27
4786,2023-12-28,64.0,Beauty,7.0,394.5,10.88
4787,2023-09-30,48.0,Beauty,7.0,477.89,64.31
4788,2023-09-06,42.0,Sports,1.0,313.38,287.31
4789,2023-10-31,66.0,Electronics,2.0,448.43,14.94
4790,2023-01-02,54.0,Sports,6.0,,72.78
4791,2023-05-10,61.0,Clothing,5.0,315.3,10.33
4792,2023-09-17,40.0,Sports,7.0,438.91,178.31
4793,2023-08-16,45.0,Clothing,4.0,360.8,139.43
4794,2023-05-08,59.0,Home,5.0,44.06,103.67
4795,2023-01-31,,Sports,9.0,175.86,132.08
4796,2023-01-21,57.0,Clothing,4.0,22.96,279.49
4797,2023-10-06,63.0,Home,4.0,109.47,233.14
4798,2023-05-28,40.0,Home,6.0,108.57,213.39
4799,2023-12-27,,Beauty,2.0,173.75,263.95
4800,2023-06-11,69.0,Electronics,2.0,126.54,28.32
4801,2023-03-02,34.0,Beauty,8.0,,106.29
4802,2023-03-12,31.0,Beauty,2.0,225.08,257.76
4803,2023-12-30,34.0,Home,9.0,444.03,232.6
4804,2023-09-06,30.0,Sports,9.0,400.29,
4805,2023-01-21,26.0,Clothing,7.0,346.8,278.91
4806,2023-03-23,59.0,Beauty,5.0,446.0,239.4
4807,2023-01-10,36.0,Clothing,8.0,51.83,108.16
4808,2023-09-20,33.0,Home,4.0,120.49,289.64
4809,2023-07-11,31.0,Beauty,3.0,78.77,108.92
4810,2023-01-26,,Beauty,7.0,399.93,195.17
4811,2023-02-02,54.0,Electronics,2.0,102.79,146.11
4812,2023-10-30,,Home,2.0,191.39,99.78
4813,2023-07-12,28.0,Sports,1.0,325.48,265.68
4814,2023-09-06,43.0,Home,4.0,366.14,78.36
4815,2023-02-26,34.0,Electronics,8.0,,193.63
4816,2023-01-12,61.0,Clothing,9.0,345.44,89.07
4817,2023-04-02,40.0,Home,5.0,219.29,202.84
4818,2023-11-22,,Beauty,2.0,103.51,35.37
4819,2023-05-13,65.0,Clothing,2.0,15.89,145.73
4820,2023-10-22,27.0,Beauty,5.0,51.61,76.76
4821,2023-06-29,,Home,,34.39,127.35
4822,2023-06-24,67.0,Electronics,1.0,97.51,155.57
4823,2023-04-15,54.0,Clothing,8.0,443.55,271.58
4824,,68.0,Sports,3.0,41.83,74.98
4825,2023-01-16,30.0,Sports,2.0,215.16,242.37
4826,2023-09-07,38.0,Electronics,3.0,391.6,292.23
4827,2023-03-16,57.0,Electronics,4.0,257.98,263.13
4828,2023-10-09,,,2.0,59.55,104.68
4829,2023-11-15,54.0,Beauty,8.0,484.59,232.5
4830,2023-07-05,18.0,Home,9.0,123.25,212.43
4831,2023-12-01,30.0,Clothing,4.0,102.11,67.08
4832,2023-02-11,38.0,Home,7.0,229.82,267.79
4833,2023-08-03,29.0,Clothing,9.0,486.24,287.61
4834,2023-09-22,20.0,Sports,2.0,77.43,140.08
4835,2023-10-19,45.0,,4.0,142.44,68.04
4836,2023-04-07,60.0,Clothing,7.0,40.87,243.61
4837,2023-11-22,67.0,Clothing,2.0,325.62,80.37
4838,2023-03-09,31.0,Clothing,9.0,473.67,142.93
4839,2023-03-18,56.0,Electronics,8.0,209.64,257.32
4840,2023-09-11,40.0,Sports,2.0,337.03,99.92
4841,2023-11-27,46.0,Electronics,3.0,460.47,
4842,2023-09-16,,Clothing,4.0,380.64,78.3
4843,2023-05-05,,Beauty,6.0,252.71,140.22
4844,2023-11-17,65.0,Clothing,1.0,171.51,231.2
4845,2023-09-07,57.0,Electronics,3.0,230.83,98.2
4846,2023-12-11,69.0,Beauty,5.0,364.11,171.81
4847,,52.0,Home,7.0,451.32,285.92
4848,2023-04-25,30.0,Sports,1.0,299.13,33.64
4849,2023-08-16,38.0,Clothing,6.0,25.19,141.65
4850,2023-09-02,36.0,Beauty,3.0,130.75,246.75
4851,2023-01-16,57.0,Clothing,1.0,124.55,156.02
4852,2023-02-11,57.0,Beauty,9.0,218.5,222.3
4853,2023-10-05,,Beauty,3.0,464.5,178.82
4854,2023-03-07,41.0,Home,,364.5,
4855,2023-11-06,47.0,Sports,1.0,342.79,
4856,2023-10-01,58.0,Sports,4.0,342.48,209.86
4857,2023-03-26,68.0,Electronics,5.0,59.44,275.26
4858,2023-04-15,31.0,Sports,5.0,486.58,129.08
4859,,25.0,Sports,4.0,39.18,17.61
4860,2023-05-03,55.0,Electronics,2.0,144.9,
4861,2023-03-02,62.0,Clothing,7.0,141.73,42.64
4862,,37.0,Electronics,9.0,417.4,95.15
4863,2023-07-23,40.0,Home,3.0,162.31,185.13
4864,2023-01-05,53.0,Home,1.0,485.14,290.34
4865,2023-06-29,64.0,Sports,8.0,486.82,263.49
4866,2023-05-13,24.0,Electronics,6.0,317.76,19.18
4867,2023-09-10,25.0,Beauty,4.0,485.05,242.91
4868,2023-05-30,27.0,Home,6.0,358.51,191.69
4869,2023-07-27,28.0,Clothing,2.0,303.25,200.68
4870,2023-08-22,44.0,Beauty,7.0,187.05,169.76
4871,2023-09-23,64.0,,9.0,224.88,201.6
4872,2023-04-23,25.0,Beauty,3.0,440.13,74.92
4873,2023-07-10,59.0,Clothing,9.0,442.68,160.85
4874,2023-07-06,63.0,Beauty,3.0,472.89,
4875,2023-03-30,30.0,Beauty,7.0,,28.43
4876,2023-05-12,26.0,Home,8.0,167.58,271.82
4877,2023-02-17,33.0,Sports,2.0,48.9,15.11
4878,2023-06-28,25.0,Beauty,4.0,202.35,
4879,2023-11-26,45.0,,7.0,359.09,114.89
4880,2023-03-11,41.0,Clothing,7.0,317.38,127.11
4881,2023-09-29,32.0,Beauty,7.0,298.68,263.92
4882,2023-01-19,24.0,Sports,8.0,62.02,296.41
4883,2023-04-05,65.0,Sports,1.0,242.26,
4884,2023-03-22,22.0,Clothing,5.0,364.55,258.1
4885,2023-04-13,50.0,,3.0,124.83,170.69
4886,,42.0,Clothing,3.0,371.79,200.27
4887,2023-11-14,,Electronics,3.0,422.0,
4888,2023-11-17,58.0,Beauty,,366.22,156.68
4889,2023-10-01,44.0,Electronics,2.0,119.14,283.49
4890,2023-11-07,56.0,Electronics,5.0,60.08,46.13
4891,2023-05-14,54.0,Home,9.0,149.61,126.0
4892,2023-02-20,42.0,Clothing,6.0,109.79,90.83
4893,2023-10-08,48.0,Beauty,9.0,23.32,271.55
4894,2023-07-11,45.0,Home,1.0,211.42,107.94
4895,2023-03-24,61.0,Electronics,3.0,400.02,160.58
4896,2023-11-08,67.0,Home,1.0,336.54,92.53
4897,2023-04-30,,Clothing,4.0,412.3,61.77
4898,2023-09-10,40.0,Sports,7.0,102.63,219.95
4899,2023-01-10,31.0,Home,2.0,301.26,
4900,,60.0,Sports,8.0,133.37,53.91
4901,2023-11-02,58.0,Beauty,8.0,430.51,260.07
4902,2023-08-06,22.0,Clothing,4.0,,266.14
4903,2023-07-19,59.0,Electronics,2.0,119.31,182.28
4904,2023-08-04,53.0,Sports,3.0,346.19,225.35
4905,2023-02-04,55.0,Clothing,1.0,274.91,54.16
4906,2023-06-14,42.0,Clothing,,407.96,37.25
4907,2023-08-17,60.0,Sports,1.0,62.93,99.86
4908,2023-01-01,64.0,Home,9.0,415.5,15.81
4909,2023-02-03,59.0,Clothing,3.0,79.98,263.43
4910,2023-05-08,47.0,Electronics,6.0,450.15,218.29
4911,2023-11-08,,Electronics,3.0,135.09,9.76
4912,2023-09-09,45.0,Beauty,4.0,431.78,141.18
4913,2023-10-31,69.0,Sports,3.0,397.65,131.84
4914,2023-04-22,20.0,Beauty,5.0,348.8,81.7
4915,2023-08-27,64.0,Clothing,9.0,448.28,90.79
4916,2023-10-25,51.0,Home,6.0,387.51,101.5
4917,2023-02-03,,Clothing,,421.02,70.71
4918,2023-02-04,18.0,Electronics,3.0,235.47,139.06
4919,2023-08-15,47.0,Home,1.0,,173.67
4920,2023-02-28,55.0,Electronics,6.0,455.87,5.05
4921,2023-03-27,40.0,Sports,2.0,118.91,250.08
4922,2023-06-29,,Beauty,5.0,69.63,66.0
4923,2023-05-29,22.0,Sports,1.0,,243.31
4924,2023-09-10,44.0,Sports,5.0,343.16,194.82
4925,2023-09-11,24.0,Electronics,2.0,86.86,112.65
4926,2023-11-05,44.0,Sports,,280.52,49.56
4927,2023-03-10,25.0,,1.0,83.4,55.59
4928,2023-03-27,44.0,Sports,8.0,221.1,113.81
4929,2023-03-22,21.0,,1.0,466.09,97.29
4930,2023-07-03,40.0,Beauty,7.0,399.2,
4931,,69.0,Sports,5.0,176.13,76.13
4932,2023-02-23,62.0,Electronics,1.0,398.81,38.69
4933,2023-10-20,39.0,Clothing,,489.56,56.39
4934,2023-10-18,69.0,Home,8.0,93.2,225.51
4935,2023-08-10,49.0,Home,9.0,393.53,258.81
4936,,48.0,Clothing,2.0,430.63,45.88
4937,2023-06-03,56.0,Electronics,4.0,432.07,110.5
4938,2023-09-30,49.0,Clothing,2.0,142.91,140.71
4939,2023-11-09,33.0,Electronics,8.0,399.69,27.02
4940,2023-02-25,20.0,Clothing,6.0,324.5,142.83
4941,2023-02-28,44.0,Sports,6.0,154.72,29.07
4942,2023-06-25,34.0,Home,9.0,286.13,247.08
4943,,43.0,Electronics,2.0,190.45,141.32
4944,2023-03-15,,Beauty,9.0,465.46,58.4
4945,2023-12-23,26.0,Beauty,4.0,249.09,168.45
4946,2023-11-23,58.0,Home,9.0,498.93,99.68
4947,2023-05-02,36.0,Sports,2.0,329.28,40.39
4948,2023-01-29,45.0,Home,9.0,309.02,
4949,2023-11-25,65.0,Beauty,5.0,,135.24
4950,2023-11-26,55.0,Electronics,9.0,51.85,102.3
4951,2023-04-05,,Electronics,6.0,156.17,284.2
4952,2023-08-25,46.0,Sports,,338.76,284.71
4953,,26.0,Home,5.0,83.36,57.59
4954,2023-09-22,27.0,Beauty,8.0,355.01,77.07
4955,,55.0,Clothing,8.0,164.58,55.5
4956,2023-05-14,58.0,Clothing,7.0,192.58,148.85
4957,2023-05-19,57.0,Home,7.0,317.71,116.89
4958,2023-03-02,33.0,Home,9.0,200.62,
4959,,67.0,Clothing,4.0,402.94,283.9
4960,2023-09-12,41.0,Beauty,5.0,212.22,252.83
4961,2023-01-20,24.0,Sports,3.0,,229.05
4962,2023-04-02,46.0,Beauty,3.0,393.88,27.62
4963,2023-02-06,60.0,Sports,6.0,15.08,27.19
4964,2023-05-20,18.0,Sports,3.0,263.2,76.17
4965,2023-06-17,35.0,,8.0,118.75,
4966,2023-06-27,27.0,Sports,8.0,188.23,25.22
4967,2023-12-25,25.0,Electronics,8.0,260.72,47.14
4968,2023-07-09,35.0,Electronics,5.0,396.01,297.84
4969,2023-02-16,59.0,Sports,9.0,395.78,163.6
4970,2023-09-14,,Electronics,,24.74,198.39
4971,2023-10-21,59.0,Sports,1.0,450.64,58.33
4972,2023-07-27,67.0,Beauty,1.0,296.77,70.3
4973,2023-07-14,,Sports,3.0,416.64,273.91
4974,2023-03-23,46.0,Electronics,1.0,252.55,14.35
4975,2023-11-10,35.0,Clothing,7.0,424.42,194.41
4976,2023-05-02,35.0,Beauty,2.0,230.02,52.72
4977,2023-11-07,54.0,Home,6.0,311.85,235.94
4978,2023-02-27,26.0,Clothing,,138.79,125.59
4979,2023-12-13,69.0,Sports,9.0,224.9,212.01
4980,2023-10-07,63.0,Beauty,4.0,72.92,67.06
4981,2023-04-04,,Electronics,7.0,88.57,283.81
4982,2023-12-02,26.0,,5.0,46.43,
4983,2023-12-22,54.0,Home,,268.66,121.7
4984,2023-03-03,63.0,Electronics,6.0,462.39,126.17
4985,2023-03-10,34.0,,6.0,354.28,285.42
4986,2023-12-31,,Home,4.0,494.29,58.16
4987,2023-07-08,32.0,Beauty,7.0,,83.41
4988,2023-03-13,50.0,Electronics,3.0,494.88,8.9
4989,2023-01-17,44.0,Electronics,5.0,483.18,205.88
4990,2023-02-26,21.0,Electronics,9.0,176.27,48.35
4991,2023-10-31,35.0,Home,3.0,,
4992,2023-08-07,25.0,,,70.62,6.57
4993,,37.0,Home,6.0,470.37,26.66
4994,,62.0,Beauty,7.0,229.28,219.22
4995,2023-02-16,38.0,Sports,5.0,314.5,94.65
4996,2023-03-13,49.0,Beauty,3.0,388.63,171.83
4997,2023-04-18,18.0,Sports,3.0,444.42,145.73
4998,2023-09-29,41.0,Clothing,9.0,81.08,51.77
4999,,47.0,Beauty,9.0,21.93,223.41
5000,2023-09-13,61.0,Sports,3.0,36.76,275.82
5001,2023-05-08,21.0,Electronics,6.0,128.26,240.5
5002,2023-08-23,29.0,Sports,5.0,87.57,255.35
5003,2023-06-06,38.0,Beauty,3.0,483.55,61.75
5004,2023-12-11,26.0,Electronics,9.0,286.55,6.67
5005,2023-01-24,62.0,Clothing,4.0,12.73,62.77
5006,2023-03-21,27.0,Electronics,3.0,493.62,125.68
5007,2023-08-01,27.0,Electronics,8.0,54.23,109.59
5008,2023-12-14,64.0,Home,6.0,225.53,60.3
5009,2023-12-14,64.0,Electronics,5.0,297.23,182.55
5010,2023-03-12,,Beauty,4.0,259.45,161.9
5011,2023-03-06,52.0,Home,2.0,175.96,263.1
5012,2023-10-13,46.0,Clothing,8.0,234.79,237.64
5013,2023-04-09,20.0,Beauty,5.0,382.18,221.52
5014,2023-04-08,58.0,Clothing,9.0,333.65,71.23
5015,2023-10-10,59.0,Beauty,3.0,172.86,213.8
5016,2023-03-13,35.0,Sports,2.0,53.82,196.06
5017,2023-03-18,40.0,Home,9.0,83.2,47.01
5018,2023-12-09,46.0,Beauty,2.0,98.45,277.09
5019,2023-08-10,59.0,Beauty,1.0,206.12,30.48
5020,2023-01-22,,Clothing,4.0,73.98,155.32
5021,2023-07-11,26.0,Beauty,3.0,460.5,231.15
5022,2023-12-30,38.0,Beauty,9.0,,180.93
5023,2023-05-15,,Electronics,7.0,413.87,169.17
5024,2023-10-07,44.0,,9.0,226.13,
5025,2023-08-16,,Sports,1.0,399.64,52.55
5026,2023-04-22,,Beauty,7.0,72.75,205.83
5027,2023-12-24,46.0,Home,3.0,299.41,149.68
5028,2023-08-09,,Electronics,3.0,384.26,38.73
5029,2023-07-10,61.0,Home,,376.27,253.75
5030,2023-06-19,40.0,Clothing,3.0,20.42,14.75
5031,2023-01-14,66.0,Beauty,5.0,84.73,34.28
5032,2023-05-14,54.0,Clothing,5.0,462.58,226.22
5033,,24.0,Sports,1.0,178.56,123.61
5034,2023-02-07,66.0,Sports,4.0,205.38,215.96
5035,2023-07-15,68.0,Home,4.0,256.72,90.68
5036,2023-10-30,38.0,Sports,7.0,342.04,160.04
5037,2023-08-07,47.0,Beauty,4.0,,215.24
5038,2023-11-04,20.0,Clothing,2.0,,255.71
5039,2023-01-08,50.0,Electronics,7.0,361.97,294.37
5040,2023-07-27,63.0,,5.0,460.89,283.63
5041,2023-08-12,,Sports,6.0,294.16,264.96
5042,2023-05-22,29.0,Sports,2.0,,
5043,2023-01-26,44.0,Sports,8.0,114.7,13.69
5044,,55.0,Beauty,1.0,477.0,265.86
5045,2023-06-17,64.0,Electronics,1.0,,203.09
5046,2023-01-05,65.0,Beauty,2.0,268.09,144.72
5047,,54.0,Home,9.0,330.73,133.26
5048,2023-07-24,41.0,Electronics,1.0,132.08,
5049,2023-01-11,41.0,Home,6.0,238.42,85.67
5050,,60.0,Electronics,9.0,476.44,199.16
5051,2023-02-01,19.0,Home,4.0,394.48,53.57
5052,2023-07-25,55.0,Sports,2.0,294.56,105.83
5053,2023-08-16,18.0,Electronics,9.0,161.68,96.23
5054,,40.0,,9.0,350.81,37.67
5055,2023-08-27,63.0,Clothing,5.0,30.82,264.61
5056,2023-10-10,,Beauty,5.0,23.92,150.81
5057,2023-04-15,21.0,Clothing,6.0,341.82,207.58
5058,2023-08-22,53.0,Beauty,7.0,157.47,34.96
5059,2023-08-13,30.0,Electronics,9.0,489.16,209.16
5060,2023-05-16,31.0,Electronics,1.0,72.64,163.2
5061,2023-03-21,39.0,Home,2.0,,104.36
5062,2023-07-26,21.0,Sports,5.0,273.93,156.21
5063,2023-08-31,46.0,Home,7.0,490.67,199.43
5064,2023-02-25,37.0,Clothing,1.0,309.86,6.27
5065,2023-11-10,37.0,Sports,1.0,265.81,214.62
5066,2023-04-07,35.0,Electronics,6.0,394.52,255.76
5067,2023-08-03,46.0,Clothing,9.0,173.63,116.69
5068,2023-02-09,69.0,Home,3.0,290.15,243.15
5069,2023-09-27,46.0,Electronics,2.0,426.89,80.46
5070,2023-11-05,27.0,Beauty,6.0,169.76,231.5
5071,2023-06-04,33.0,Electronics,5.0,100.84,56.34
5072,2023-04-25,23.0,Home,2.0,495.03,297.3
5073,,49.0,Clothing,6.0,466.08,123.99
5074,2023-01-18,27.0,Beauty,8.0,219.76,18.14
5075,2023-10-28,39.0,,4.0,395.48,100.25
5076,2023-04-03,,Electronics,3.0,315.27,
5077,2023-10-05,24.0,Sports,4.0,124.68,165.86
5078,2023-10-30,,Clothing,9.0,276.15,
5079,2023-10-28,43.0,Home,8.0,53.14,240.93
5080,2023-01-09,42.0,Clothing,9.0,364.3,288.61
5081,2023-06-13,37.0,Home,2.0,478.39,134.31
5082,2023-06-21,69.0,Sports,3.0,404.6,120.98
5083,2023-07-19,49.0,Home,1.0,,57.49
5084,2023-03-17,21.0,Electronics,7.0,495.24,261.15
5085,2023-03-02,20.0,Beauty,Unknown,492.66,237.86
5086,2023-09-02,55.0,Clothing,1.0,75.65,144.94
5087,2023-06-04,57.0,Clothing,6.0,283.46,100.65
5088,2023-06-11,59.0,Electronics,6.0,125.73,201.43
5089,2023-10-04,,Home,2.0,348.96,263.97
5090,2023-09-16,59.0,Clothing,1.0,303.33,133.78
5091,2023-12-01,41.0,Electronics,8.0,319.75,135.99
5092,2023-09-03,,Electronics,3.0,329.48,49.34
5093,2023-07-06,54.0,Home,7.0,489.55,119.23
5094,2023-09-30,23.0,Sports,9.0,348.61,256.41
5095,2023-05-05,22.0,Sports,,457.38,176.69
5096,2023-02-20,49.0,Sports,4.0,232.36,61.87
5097,2023-11-23,59.0,Beauty,,480.29,101.92
5098,2023-03-10,35.0,Electronics,1.0,227.42,34.39
5099,2023-02-26,23.0,Home,,397.46,15.3
5100,2023-04-09,37.0,Clothing,4.0,239.93,145.07
5101,2023-11-21,52.0,Sports,5.0,436.28,232.51
5102,2023-11-28,24.0,Sports,4.0,86.65,27.09
5103,2023-02-06,,Sports,6.0,87.88,246.92
5104,2023-01-26,61.0,Sports,5.0,173.43,175.3
5105,2023-01-08,59.0,,2.0,120.98,225.97
5106,2023-01-04,60.0,Sports,9.0,497.07,66.87
5107,2023-05-29,46.0,Clothing,9.0,489.6,105.1
5108,2023-05-23,,Clothing,9.0,480.41,274.97
5109,,39.0,Beauty,Unknown,80.02,
5110,2023-10-20,28.0,Sports,1.0,263.48,220.54
5111,2023-04-02,30.0,Home,3.0,390.28,289.98
5112,2023-11-20,35.0,Electronics,4.0,401.5,62.55
5113,2023-02-03,42.0,Sports,6.0,368.86,97.48
5114,2023-07-16,27.0,Clothing,,345.49,280.44
5115,2023-03-29,,Clothing,9.0,407.11,90.85
5116,2023-01-07,18.0,Sports,5.0,230.06,130.43
5117,2023-02-21,66.0,Home,8.0,128.67,277.62
5118,2023-08-09,19.0,Home,8.0,483.84,30.51
5119,2023-05-23,51.0,Beauty,9.0,234.34,166.09
5120,2023-12-29,36.0,Sports,8.0,321.66,97.11
5121,2023-10-04,37.0,Clothing,8.0,17.91,262.38
5122,2023-10-25,,Electronics,,40.06,160.52
5123,2023-01-15,21.0,Sports,6.0,145.12,25.76
5124,2023-07-15,,Sports,2.0,144.82,42.87
5125,2023-04-03,32.0,Beauty,2.0,445.29,137.79
5126,2023-02-21,51.0,Electronics,8.0,450.12,193.83
5127,2023-06-30,67.0,Electronics,8.0,48.8,151.85
5128,2023-11-04,47.0,Clothing,9.0,96.43,203.76
5129,2023-05-15,37.0,Beauty,2.0,193.17,184.78
5130,2023-09-17,66.0,Clothing,8.0,67.66,23.58
5131,2023-09-12,42.0,Beauty,4.0,,136.72
5132,2023-12-02,29.0,Home,,269.75,258.56
5133,2023-09-12,30.0,Home,7.0,464.94,138.87
5134,2023-07-14,,Electronics,1.0,415.14,222.64
5135,2023-07-17,34.0,Sports,6.0,309.81,68.52
5136,2023-12-04,68.0,Clothing,6.0,284.74,16.85
5137,2023-07-31,27.0,Home,1.0,149.82,76.19
5138,2023-03-23,62.0,Clothing,8.0,183.46,161.68
5139,2023-11-25,69.0,Home,9.0,297.89,55.67
5140,2023-02-18,22.0,Sports,9.0,440.92,235.59
5141,2023-11-07,49.0,Beauty,9.0,93.73,237.88
5142,2023-04-15,58.0,Beauty,2.0,,82.52
5143,2023-01-15,63.0,Clothing,1.0,454.97,96.84
5144,2023-07-30,41.0,Home,,425.82,84.33
5145,2023-04-12,55.0,Beauty,1.0,357.84,21.85
5146,2023-06-08,57.0,Home,3.0,406.67,274.27
5147,2023-10-28,43.0,Electronics,2.0,398.82,143.74
5148,2023-06-14,56.0,Home,6.0,479.12,20.87
5149,2023-03-06,55.0,Home,4.0,315.91,24.0
5150,2023-10-09,55.0,Clothing,2.0,462.07,185.39
5151,2023-10-09,59.0,Electronics,2.0,254.8,256.03
5152,2023-09-23,,Electronics,2.0,385.46,50.66
5153,2023-08-05,26.0,Home,7.0,294.57,248.31
5154,2023-04-15,60.0,Electronics,3.0,482.25,124.62
5155,2023-11-26,48.0,Clothing,2.0,403.24,212.51
5156,2023-02-16,55.0,Electronics,6.0,379.09,180.65
5157,2023-05-09,48.0,Clothing,8.0,192.92,70.52
5158,2023-05-27,,Clothing,3.0,283.07,53.61
5159,2023-03-13,52.0,Electronics,1.0,378.53,
5160,2023-01-27,22.0,Electronics,6.0,251.58,243.79
5161,2023-06-23,35.0,Electronics,4.0,495.09,279.35
5162,2023-03-01,21.0,Sports,7.0,29.5,279.55
5163,2023-09-16,35.0,Beauty,3.0,256.46,121.04
5164,2023-02-21,,Beauty,1.0,428.22,147.56
5165,2023-04-06,48.0,Clothing,3.0,167.0,31.23
5166,2023-11-12,26.0,,9.0,489.03,275.45
5167,2023-10-02,66.0,Electronics,8.0,82.57,125.82
5168,2023-08-22,23.0,Sports,7.0,175.01,42.0
5169,2023-06-15,45.0,Beauty,2.0,,257.13
5170,2023-10-18,62.0,Sports,8.0,421.31,200.39
5171,2023-07-14,58.0,Electronics,2.0,128.83,284.91
5172,2023-05-23,64.0,Beauty,3.0,67.9,267.84
5173,2023-03-31,56.0,Clothing,6.0,424.9,242.5
5174,2023-11-29,36.0,Beauty,3.0,,
5175,2023-05-12,36.0,Clothing,2.0,223.0,63.35
5176,2023-04-08,56.0,Clothing,6.0,126.58,66.89
5177,2023-10-31,23.0,Electronics,3.0,328.84,92.92
5178,2023-03-01,23.0,,3.0,378.37,186.68
5179,2023-05-29,31.0,Home,1.0,18.0,272.83
5180,2023-07-05,23.0,Home,3.0,111.11,212.53
5181,2023-03-19,44.0,Electronics,7.0,239.57,151.85
5182,2023-10-08,19.0,Sports,2.0,265.21,7.98
5183,2023-05-24,40.0,Clothing,1.0,142.96,294.47
5184,2023-07-13,33.0,Home,9.0,161.26,116.76
5185,2023-10-02,22.0,Home,7.0,118.09,110.81
5186,,39.0,Clothing,6.0,79.88,191.06
5187,2023-09-21,56.0,Beauty,8.0,280.9,151.37
5188,2023-06-15,30.0,,3.0,285.58,79.87
5189,2023-03-28,61.0,,9.0,186.54,141.83
5190,2023-02-15,46.0,Home,6.0,141.41,88.68
5191,2023-01-26,,Sports,2.0,463.65,286.94
5192,2023-01-04,65.0,Clothing,1.0,367.55,98.98
5193,2023-03-08,39.0,Beauty,6.0,343.41,160.11
5194,2023-01-31,68.0,Home,5.0,450.03,291.59
5195,2023-06-05,,Beauty,5.0,242.32,20.84
5196,2023-05-27,40.0,Beauty,2.0,23.23,122.88
5197,2023-01-20,38.0,Sports,2.0,82.69,50.71
5198,2023-02-12,18.0,Beauty,5.0,,239.94
5199,2023-11-02,,Clothing,1.0,123.87,130.5
5200,2023-09-17,44.0,Clothing,9.0,408.22,286.69
5201,2023-04-11,65.0,Electronics,6.0,441.92,35.42
5202,2023-12-19,36.0,Home,1.0,302.84,210.63
5203,2023-10-23,28.0,Clothing,9.0,140.25,58.97
5204,2023-05-10,,Electronics,1.0,206.58,167.76
5205,,,Sports,5.0,60.94,43.97
5206,2023-03-31,19.0,Beauty,1.0,112.89,131.4
5207,2023-08-24,31.0,Electronics,3.0,334.88,293.85
5208,2023-11-28,,Clothing,1.0,39.9,24.11
5209,2023-12-14,40.0,Sports,9.0,230.44,88.91
5210,2023-03-27,31.0,Sports,6.0,383.67,104.85
5211,2023-08-02,29.0,Beauty,9.0,77.07,234.69
5212,2023-04-01,64.0,Beauty,1.0,261.0,66.37
5213,2023-03-27,39.0,Clothing,8.0,395.91,22.76
5214,2023-04-11,19.0,Electronics,7.0,305.77,170.52
5215,2023-03-01,53.0,Clothing,,447.88,130.49
5216,2023-02-17,,Electronics,,291.31,99.9
5217,2023-12-28,50.0,Electronics,8.0,145.36,105.04
5218,2023-02-02,60.0,Beauty,9.0,432.55,42.81
5219,,23.0,Electronics,Unknown,226.47,273.6
5220,2023-12-11,48.0,Sports,9.0,126.89,297.83
5221,2023-12-10,57.0,Electronics,4.0,451.97,44.99
5222,2023-10-14,68.0,,9.0,298.1,281.36
5223,2023-10-13,53.0,Clothing,7.0,397.75,
5224,2023-01-12,,Beauty,7.0,,
5225,2023-09-01,25.0,Sports,5.0,131.4,16.64
5226,2023-07-07,38.0,Clothing,1.0,418.69,116.34
5227,2023-04-01,36.0,Clothing,9.0,81.27,225.04
5228,2023-09-13,44.0,Sports,2.0,63.47,85.79
5229,2023-10-03,40.0,Electronics,6.0,128.67,187.36
5230,2023-03-12,29.0,Home,5.0,189.2,19.44
5231,2023-05-10,67.0,Home,8.0,377.86,248.48
5232,2023-01-08,56.0,Beauty,7.0,403.71,295.93
5233,2023-04-21,,Electronics,6.0,409.16,130.19
5234,2023-01-23,21.0,,2.0,492.13,191.72
5235,2023-01-15,55.0,Clothing,2.0,498.36,170.44
5236,2023-04-25,,Beauty,2.0,186.27,278.75
5237,,32.0,Electronics,,171.81,217.68
5238,2023-11-21,23.0,,3.0,411.14,78.3
5239,2023-06-24,63.0,Clothing,5.0,109.89,257.15
5240,2023-06-21,57.0,Electronics,3.0,60.61,14.91
5241,2023-11-30,39.0,Electronics,7.0,274.88,104.43
5242,2023-02-23,18.0,Electronics,6.0,435.73,176.03
5243,2023-04-12,59.0,,4.0,290.96,122.65
5244,2023-10-31,69.0,Clothing,2.0,238.84,186.39
5245,2023-08-10,54.0,Beauty,3.0,19.04,186.49
5246,2023-12-14,52.0,Clothing,,287.72,201.06
5247,2023-08-23,32.0,Electronics,3.0,131.48,93.43
5248,2023-09-14,45.0,Sports,5.0,235.41,136.1
5249,,20.0,Sports,2.0,416.78,160.0
5250,2023-02-16,54.0,Sports,2.0,41.22,272.42
5251,2023-02-28,49.0,Sports,6.0,147.91,38.42
5252,2023-01-12,63.0,Home,1.0,249.51,249.28
5253,2023-01-06,48.0,Clothing,1.0,131.27,157.19
5254,2023-12-12,57.0,Home,3.0,364.43,113.53
5255,2023-06-23,,Home,5.0,473.71,
5256,2023-12-28,44.0,Home,4.0,43.06,89.0
5257,2023-04-26,,Sports,5.0,347.92,7.12
5258,2023-12-31,52.0,Sports,6.0,202.88,23.27
5259,2023-10-30,40.0,Beauty,6.0,52.29,203.37
5260,2023-04-27,60.0,Clothing,8.0,34.65,155.99
5261,2023-11-05,48.0,Home,2.0,282.15,52.93
5262,2023-07-05,20.0,Electronics,8.0,479.01,19.77
5263,2023-09-30,,Electronics,,369.58,23.82
5264,2023-09-07,38.0,Electronics,9.0,419.2,279.7
5265,2023-06-29,62.0,Clothing,7.0,238.5,109.63
5266,2023-04-30,48.0,Sports,3.0,330.19,156.77
5267,2023-04-21,68.0,Sports,9.0,94.89,32.57
5268,2023-02-27,63.0,Sports,9.0,346.96,
5269,2023-07-30,38.0,Beauty,2.0,250.12,258.22
5270,2023-09-19,47.0,Sports,8.0,124.68,101.27
5271,2023-02-19,,Sports,,286.24,223.02
5272,2023-03-29,20.0,Clothing,9.0,196.75,254.84
5273,2023-01-14,44.0,Electronics,2.0,285.42,38.07
5274,2023-10-23,62.0,Home,5.0,18.93,106.41
5275,2023-07-27,63.0,Clothing,6.0,157.98,20.7
5276,2023-03-21,56.0,Beauty,1.0,245.45,239.27
5277,2023-03-19,21.0,Beauty,3.0,210.51,
5278,2023-10-16,,Beauty,5.0,489.0,59.47
5279,2023-10-03,54.0,Sports,6.0,365.68,216.83
5280,2023-01-07,18.0,Home,1.0,261.71,67.19
5281,2023-01-24,62.0,Clothing,3.0,203.34,76.36
5282,2023-08-04,36.0,Electronics,2.0,81.4,197.46
5283,2023-02-23,64.0,,9.0,91.98,141.33
5284,2023-12-02,41.0,Electronics,3.0,103.08,128.6
5285,2023-02-14,38.0,Sports,4.0,190.59,47.48
5286,2023-08-04,68.0,Sports,5.0,414.37,
5287,2023-11-28,69.0,Electronics,6.0,200.35,291.98
5288,2023-06-15,,Sports,,171.95,118.88
5289,2023-12-31,43.0,Beauty,5.0,274.92,255.93
5290,,41.0,Clothing,7.0,229.05,193.8
5291,2023-04-14,,Sports,5.0,415.66,275.19
5292,2023-11-01,51.0,Electronics,1.0,403.08,133.36
5293,2023-05-21,29.0,Electronics,3.0,486.37,241.27
5294,2023-05-05,38.0,Sports,7.0,389.3,110.03
5295,2023-04-10,45.0,Electronics,,356.83,299.33
5296,2023-01-19,,Electronics,6.0,113.69,106.98
5297,2023-09-11,59.0,Electronics,8.0,444.49,150.47
5298,2023-05-29,39.0,Clothing,,84.46,84.69
5299,2023-06-26,31.0,Sports,4.0,187.62,49.67
5300,2023-07-02,64.0,Sports,7.0,306.71,222.53
5301,2023-03-29,57.0,Sports,2.0,45.97,222.53
5302,2023-02-15,47.0,Sports,3.0,257.53,279.18
5303,2023-01-19,58.0,Clothing,6.0,438.01,110.27
5304,2023-08-21,20.0,Beauty,8.0,250.21,21.74
5305,2023-09-08,32.0,Electronics,3.0,,289.96
5306,2023-08-20,,Electronics,9.0,235.82,299.59
5307,2023-02-15,57.0,Electronics,5.0,352.15,120.91
5308,2023-03-26,,Clothing,4.0,87.52,111.4
5309,2023-01-03,41.0,Electronics,9.0,69.74,121.67
5310,2023-06-06,59.0,Beauty,3.0,73.35,
5311,2023-11-29,38.0,Beauty,9.0,356.18,282.05
5312,2023-04-24,69.0,Home,9.0,209.11,76.14
5313,,44.0,Home,4.0,475.51,96.22
5314,2023-02-28,42.0,Beauty,2.0,,297.62
5315,2023-08-27,59.0,Sports,1.0,266.08,222.84
5316,2023-04-05,21.0,Home,6.0,160.78,142.19
5317,2023-11-30,47.0,Electronics,8.0,297.58,75.13
5318,2023-12-28,56.0,Electronics,,,101.13
5319,2023-04-07,33.0,Home,2.0,336.43,16.52
5320,2023-01-16,22.0,Clothing,6.0,359.04,287.05
5321,2023-08-18,59.0,Clothing,9.0,137.63,192.59
5322,2023-08-05,47.0,Sports,4.0,204.57,275.47
5323,2023-11-08,64.0,Electronics,9.0,200.41,267.49
5324,2023-04-05,44.0,Beauty,8.0,354.75,40.51
5325,2023-08-19,59.0,Sports,4.0,129.67,149.87
5326,2023-07-10,24.0,Beauty,,159.35,286.77
5327,2023-11-30,31.0,Clothing,3.0,241.75,227.66
5328,2023-01-21,22.0,,2.0,432.5,129.33
5329,2023-05-21,47.0,Beauty,3.0,341.91,30.69
5330,2023-03-25,43.0,Beauty,3.0,91.69,275.53
5331,2023-02-17,61.0,Beauty,6.0,60.51,5.22
5332,2023-01-30,57.0,Clothing,7.0,53.52,269.61
5333,2023-05-20,47.0,Home,7.0,75.9,14.9
5334,2023-10-09,24.0,Home,1.0,,265.17
5335,2023-11-07,45.0,Clothing,3.0,288.17,257.03
5336,2023-09-27,50.0,Home,8.0,96.31,12.13
5337,2023-05-08,51.0,Electronics,3.0,71.92,187.23
5338,2023-04-05,59.0,Clothing,6.0,17.78,205.55
5339,2023-03-02,46.0,Beauty,4.0,421.64,216.63
5340,2023-08-29,27.0,,1.0,440.59,35.23
5341,2023-08-28,43.0,,8.0,425.24,206.45
5342,2023-11-11,46.0,Sports,1.0,157.06,231.43
5343,2023-09-29,,Clothing,2.0,311.63,215.59
5344,2023-09-07,19.0,Beauty,1.0,,143.29
5345,2023-05-14,63.0,Clothing,8.0,436.71,242.45
5346,2023-05-06,44.0,Beauty,2.0,248.64,258.92
5347,2023-05-21,27.0,Beauty,4.0,362.23,
5348,2023-08-14,66.0,Clothing,8.0,389.23,205.43
5349,2023-10-21,44.0,Clothing,4.0,138.13,298.62
5350,2023-09-11,34.0,Beauty,6.0,95.44,207.5
5351,2023-09-21,34.0,Clothing,5.0,489.15,
5352,2023-04-14,27.0,Sports,9.0,464.66,75.68
5353,2023-08-24,43.0,Clothing,1.0,137.08,203.42
5354,2023-07-07,51.0,Clothing,1.0,402.03,95.01
5355,2023-01-22,44.0,Home,8.0,252.44,5.92
5356,2023-06-22,53.0,Home,3.0,365.64,161.55
5357,2023-03-27,48.0,,1.0,172.16,128.17
5358,2023-01-13,51.0,,4.0,283.63,169.62
5359,2023-03-25,30.0,Electronics,7.0,346.68,294.98
5360,2023-11-14,22.0,Home,7.0,382.64,57.65
5361,2023-10-07,46.0,Electronics,8.0,301.54,150.26
5362,2023-06-15,63.0,Beauty,7.0,81.94,
5363,2023-03-09,27.0,Home,5.0,434.89,109.08
5364,,58.0,Clothing,4.0,347.39,165.44
5365,2023-06-27,33.0,Electronics,3.0,303.16,226.83
5366,2023-09-09,29.0,Electronics,1.0,333.48,12.29
5367,2023-07-20,49.0,Beauty,7.0,185.84,198.88
5368,2023-03-30,46.0,Beauty,4.0,483.59,75.15
5369,2023-05-17,,Home,5.0,34.39,80.64
5370,2023-06-15,44.0,Beauty,4.0,124.87,156.56
5371,2023-12-09,43.0,,4.0,52.92,78.03
5372,2023-08-09,52.0,Home,4.0,257.56,298.92
5373,2023-11-06,63.0,Clothing,3.0,445.95,241.85
5374,2023-01-20,39.0,Clothing,5.0,196.88,286.81
5375,2023-04-10,69.0,Home,2.0,497.05,34.53
5376,2023-03-18,39.0,Electronics,9.0,217.26,
5377,2023-06-22,46.0,Sports,,109.58,108.47
5378,2023-08-05,27.0,Beauty,2.0,264.74,181.13
5379,2023-03-15,39.0,Home,3.0,477.02,173.29
5380,2023-09-13,19.0,Sports,5.0,499.69,63.88
5381,2023-03-19,32.0,Electronics,6.0,401.65,13.64
5382,2023-04-06,32.0,Home,5.0,119.83,85.42
5383,2023-09-30,37.0,Clothing,4.0,35.47,
5384,2023-06-28,,Clothing,,473.33,194.1
5385,2023-05-12,60.0,Home,7.0,381.93,184.53
5386,2023-09-29,56.0,Electronics,,324.18,116.08
5387,2023-12-07,32.0,Electronics,5.0,136.07,235.67
5388,2023-06-17,26.0,Home,6.0,81.6,
5389,2023-02-27,43.0,Home,3.0,298.96,155.45
5390,,56.0,,3.0,355.24,184.72
5391,,,Home,7.0,34.28,136.02
5392,2023-05-01,56.0,Sports,3.0,384.11,289.85
5393,2023-03-11,18.0,Sports,9.0,403.92,274.81
5394,2023-01-20,,Beauty,6.0,467.03,130.33
5395,2023-03-10,22.0,Sports,1.0,48.55,141.25
5396,2023-04-12,63.0,Sports,3.0,495.24,247.32
5397,2023-05-25,49.0,Home,6.0,411.7,94.75
5398,2023-09-26,53.0,Beauty,1.0,368.9,170.58
5399,2023-07-06,24.0,Beauty,6.0,469.45,147.93
5400,2023-12-16,32.0,Beauty,,30.29,98.14
5401,,41.0,Home,5.0,180.47,298.2
5402,2023-02-20,22.0,Sports,4.0,219.88,154.56
5403,2023-03-28,63.0,Home,4.0,333.91,219.25
5404,2023-02-11,53.0,Beauty,9.0,426.82,20.35
5405,2023-08-14,56.0,Beauty,5.0,262.51,163.01
5406,2023-06-15,42.0,Electronics,3.0,413.22,142.73
5407,2023-04-22,69.0,Beauty,Unknown,196.16,
5408,2023-06-27,52.0,Clothing,2.0,426.34,171.93
5409,2023-09-03,20.0,Clothing,,70.02,159.44
5410,2023-11-13,65.0,Beauty,7.0,291.28,193.82
5411,2023-08-25,35.0,Clothing,1.0,222.89,92.51
5412,2023-09-03,,Electronics,4.0,74.07,240.39
5413,2023-01-10,49.0,Electronics,5.0,237.59,183.24
5414,2023-09-21,43.0,Home,6.0,481.32,217.18
5415,2023-10-01,29.0,Home,7.0,165.29,124.99
5416,2023-06-21,38.0,Electronics,1.0,98.63,25.99
5417,2023-11-06,30.0,Electronics,3.0,363.9,18.76
5418,2023-12-16,29.0,Sports,9.0,301.52,
5419,2023-01-26,36.0,Home,7.0,404.32,99.04
5420,2023-05-18,23.0,Electronics,3.0,408.56,
5421,2023-12-29,24.0,Beauty,6.0,220.49,39.62
5422,,45.0,Beauty,2.0,63.32,30.77
5423,2023-04-29,34.0,Home,7.0,74.02,54.92
5424,2023-09-02,65.0,,9.0,330.67,64.27
5425,2023-12-24,,Electronics,6.0,451.5,60.18
5426,2023-02-15,64.0,Home,1.0,85.51,167.96
5427,2023-10-22,,Home,3.0,349.63,68.46
5428,2023-07-11,65.0,Sports,5.0,356.86,14.2
5429,2023-03-21,54.0,Beauty,1.0,458.37,160.5
5430,2023-11-22,30.0,Sports,3.0,26.1,233.74
5431,2023-05-21,66.0,Electronics,1.0,341.77,127.66
5432,2023-09-22,21.0,Home,1.0,31.41,
5433,2023-07-28,44.0,Beauty,7.0,105.7,242.6
5434,2023-06-14,40.0,Electronics,3.0,334.89,115.75
5435,2023-11-16,,Electronics,4.0,403.49,185.03
5436,2023-10-17,43.0,Electronics,7.0,,76.48
5437,2023-05-31,30.0,,8.0,133.27,205.03
5438,,,Home,8.0,371.56,252.71
5439,2023-05-21,67.0,Home,9.0,151.07,63.96
5440,2023-04-06,54.0,Sports,9.0,459.48,263.5
5441,2023-08-15,68.0,Home,1.0,135.93,70.19
5442,2023-11-10,53.0,Sports,8.0,62.57,5.55
5443,2023-04-28,38.0,Clothing,2.0,314.46,74.83
5444,2023-12-18,32.0,Sports,3.0,216.7,159.64
5445,,22.0,Sports,9.0,135.16,5.91
5446,2023-05-04,,Beauty,1.0,165.03,136.92
5447,2023-11-06,47.0,Sports,7.0,24.95,62.43
5448,2023-12-26,53.0,Home,1.0,97.04,248.33
5449,2023-04-26,33.0,Beauty,5.0,219.97,208.79
5450,2023-09-08,43.0,Home,3.0,128.62,203.39
5451,2023-05-30,69.0,Electronics,4.0,303.14,278.77
5452,2023-04-30,46.0,,6.0,465.14,24.8
5453,2023-12-17,66.0,,1.0,77.7,275.69
5454,2023-10-25,54.0,Sports,4.0,,251.28
5455,2023-01-02,20.0,Beauty,4.0,166.76,34.21
5456,2023-12-31,49.0,Electronics,3.0,189.14,158.97
5457,2023-03-10,44.0,Sports,7.0,33.5,35.37
5458,2023-11-12,51.0,Clothing,9.0,218.64,188.02
5459,2023-04-03,48.0,Beauty,5.0,336.85,101.78
5460,2023-04-22,30.0,Home,8.0,480.15,
5461,2023-10-31,68.0,Home,1.0,174.78,142.01
5462,2023-10-27,69.0,Electronics,,113.8,190.99
5463,2023-05-16,48.0,Electronics,6.0,488.98,59.03
5464,2023-10-30,57.0,Home,8.0,334.75,219.45
5465,2023-08-10,20.0,Home,8.0,282.17,200.79
5466,2023-06-16,,Beauty,6.0,276.44,225.26
5467,2023-06-15,,Clothing,1.0,372.03,226.84
5468,2023-05-18,64.0,Home,2.0,444.98,84.89
5469,2023-12-12,39.0,Beauty,3.0,,127.84
5470,2023-07-28,50.0,Home,5.0,312.15,200.78
5471,2023-05-13,33.0,Beauty,2.0,,295.86
5472,2023-11-04,41.0,Sports,7.0,414.93,295.31
5473,2023-04-07,54.0,Home,7.0,172.57,54.25
5474,2023-07-02,59.0,Beauty,2.0,177.1,166.38
5475,2023-10-12,29.0,Clothing,9.0,131.75,298.53
5476,2023-12-26,50.0,Clothing,2.0,237.65,
5477,2023-09-07,35.0,Home,5.0,92.53,95.54
5478,2023-01-21,53.0,Clothing,8.0,178.97,281.76
5479,2023-04-05,27.0,Electronics,5.0,25.9,64.49
5480,2023-08-17,47.0,Beauty,2.0,25.81,175.99
5481,2023-11-18,,,1.0,452.3,105.88
5482,2023-08-24,36.0,Sports,8.0,31.22,143.37
5483,2023-10-03,27.0,Beauty,8.0,33.89,233.03
5484,2023-06-22,57.0,Clothing,3.0,127.65,126.2
5485,2023-05-05,,Home,Unknown,482.62,252.99
5486,2023-09-18,47.0,Home,2.0,208.76,241.25
5487,2023-05-04,45.0,Beauty,1.0,270.11,127.47
5488,2023-07-20,18.0,Home,3.0,398.07,41.2
5489,2023-10-02,35.0,Clothing,4.0,226.99,270.15
5490,2023-09-30,49.0,Clothing,2.0,466.41,61.58
5491,2023-04-03,55.0,Electronics,8.0,257.36,29.89
5492,2023-04-17,42.0,Clothing,7.0,312.34,158.61
5493,2023-12-31,50.0,Electronics,4.0,262.1,232.86
5494,2023-05-15,33.0,Electronics,8.0,323.7,134.21
5495,2023-01-24,55.0,Clothing,9.0,204.65,86.4
5496,,27.0,Home,4.0,84.05,73.07
5497,2023-08-17,50.0,Clothing,1.0,461.13,143.92
5498,2023-08-06,48.0,Sports,3.0,454.97,57.34
5499,2023-05-16,64.0,Clothing,1.0,10.55,91.31
5500,,,Clothing,Unknown,,149.05
5501,,,Home,2.0,392.55,32.14
5502,2023-12-27,26.0,Clothing,7.0,59.78,93.0
5503,2023-07-28,25.0,Electronics,2.0,121.98,123.89
5504,2023-05-17,49.0,Electronics,6.0,176.34,246.28
5505,2023-04-25,,Electronics,6.0,355.33,233.65
5506,2023-11-29,19.0,Clothing,Unknown,432.9,178.73
5507,2023-02-16,63.0,Clothing,1.0,406.35,275.95
5508,2023-06-29,28.0,Clothing,3.0,109.54,267.39
5509,2023-05-06,44.0,Clothing,2.0,282.69,126.57
5510,2023-09-05,50.0,Electronics,1.0,435.87,104.53
5511,2023-06-25,,Sports,3.0,218.27,150.79
5512,2023-03-15,43.0,Home,2.0,237.43,275.79
5513,2023-10-19,28.0,Electronics,5.0,82.45,254.36
5514,2023-04-22,,Electronics,7.0,302.06,173.78
5515,2023-04-20,,Home,5.0,97.3,50.98
5516,2023-03-27,39.0,Sports,3.0,403.45,152.6
5517,2023-11-21,25.0,Home,8.0,364.15,270.52
5518,2023-12-21,48.0,Electronics,2.0,429.41,94.9
5519,2023-04-22,51.0,Clothing,9.0,86.38,235.87
5520,2023-10-18,41.0,Home,,57.68,270.13
5521,2023-06-17,21.0,Sports,6.0,231.52,38.03
5522,2023-07-09,40.0,Home,1.0,384.31,118.38
5523,2023-07-15,44.0,Home,2.0,205.44,40.97
5524,2023-11-08,44.0,Sports,3.0,311.16,211.88
5525,2023-05-27,25.0,Beauty,4.0,427.4,110.14
5526,2023-01-11,23.0,Clothing,7.0,385.24,108.98
5527,2023-08-07,63.0,Beauty,8.0,374.27,186.53
5528,2023-12-28,68.0,Home,9.0,,110.27
5529,2023-03-25,27.0,Beauty,6.0,320.97,128.37
5530,2023-06-25,37.0,Electronics,1.0,211.2,221.13
5531,2023-04-17,65.0,Beauty,8.0,289.84,247.08
5532,2023-10-03,67.0,Clothing,8.0,238.22,179.8
5533,2023-06-04,56.0,Sports,9.0,247.94,194.89
5534,2023-08-28,37.0,Beauty,3.0,131.08,
5535,,67.0,Beauty,9.0,190.82,16.72
5536,2023-02-16,,Beauty,1.0,292.0,48.88
5537,2023-05-26,67.0,Electronics,5.0,268.61,
5538,2023-05-05,30.0,Home,2.0,456.08,212.84
5539,2023-10-04,29.0,Electronics,6.0,222.64,24.31
5540,2023-12-13,62.0,Home,9.0,172.8,49.49
5541,,32.0,Sports,3.0,338.16,85.26
5542,2023-04-21,,Sports,6.0,145.6,156.27
5543,2023-01-30,69.0,Sports,8.0,149.27,111.43
5544,2023-07-31,32.0,,3.0,153.37,119.12
5545,2023-01-27,18.0,Beauty,8.0,335.71,73.44
5546,2023-08-03,25.0,Electronics,9.0,258.04,192.19
5547,2023-09-16,,Home,6.0,356.78,105.23
5548,2023-04-30,18.0,Electronics,4.0,123.12,189.09
5549,2023-05-08,47.0,Sports,5.0,,292.65
5550,2023-06-25,37.0,Sports,3.0,148.87,211.03
5551,2023-11-16,42.0,Beauty,4.0,,135.47
5552,2023-02-19,44.0,Home,4.0,337.7,260.28
5553,2023-03-10,34.0,Home,9.0,111.29,297.05
5554,2023-01-16,36.0,Beauty,2.0,227.73,30.8
5555,2023-12-23,46.0,Sports,9.0,,65.3
5556,2023-05-12,24.0,Sports,3.0,,104.02
5557,2023-09-05,24.0,Clothing,2.0,169.39,199.98
5558,2023-11-22,25.0,Beauty,5.0,,238.86
5559,2023-02-07,45.0,Sports,5.0,468.42,
5560,2023-11-14,34.0,Clothing,1.0,133.02,261.28
5561,2023-01-10,32.0,Beauty,2.0,82.75,48.63
5562,2023-01-04,48.0,Beauty,9.0,421.24,178.34
5563,2023-02-11,29.0,Home,7.0,332.78,244.96
5564,2023-04-24,56.0,Sports,9.0,452.51,215.4
5565,2023-06-23,52.0,Clothing,6.0,84.62,49.54
5566,2023-10-04,,Sports,1.0,370.06,143.98
5567,2023-03-10,32.0,Beauty,1.0,467.83,214.11
5568,2023-08-18,36.0,Beauty,2.0,238.39,273.47
5569,2023-02-05,,Electronics,7.0,167.56,142.89
5570,2023-05-29,38.0,Sports,7.0,361.56,190.47
5571,2023-03-13,68.0,Sports,9.0,,153.82
5572,2023-07-09,36.0,Beauty,6.0,173.72,150.85
5573,2023-10-09,43.0,Home,6.0,246.74,11.44
5574,2023-10-05,55.0,Home,7.0,449.55,271.06
5575,2023-04-17,36.0,Clothing,2.0,191.21,40.37
5576,2023-10-20,69.0,Electronics,6.0,226.15,142.27
5577,2023-01-01,56.0,Electronics,1.0,117.0,164.83
5578,2023-06-29,39.0,Electronics,7.0,235.86,200.42
5579,2023-08-23,64.0,Beauty,9.0,306.52,274.5
5580,2023-12-03,,Electronics,2.0,451.74,70.37
5581,2023-01-27,66.0,Sports,2.0,177.46,207.57
5582,2023-04-01,29.0,Clothing,9.0,269.64,30.68
5583,2023-11-18,28.0,Clothing,,356.37,225.35
5584,2023-08-07,28.0,Sports,4.0,48.27,132.65
5585,2023-03-11,58.0,Home,7.0,188.87,272.17
5586,2023-11-02,53.0,Sports,6.0,400.85,5.07
5587,2023-07-26,53.0,Home,6.0,52.15,7.21
5588,2023-04-22,66.0,,6.0,341.67,261.49
5589,2023-12-13,46.0,Electronics,9.0,138.61,255.93
5590,2023-07-04,,Sports,6.0,34.41,233.38
5591,2023-08-09,68.0,Electronics,3.0,170.31,153.32
5592,2023-04-27,61.0,Beauty,7.0,408.8,46.48
5593,2023-03-11,43.0,Clothing,3.0,350.13,257.43
5594,2023-05-12,50.0,Clothing,9.0,488.56,116.17
5595,2023-03-30,37.0,Clothing,5.0,264.35,96.86
5596,2023-05-11,49.0,Home,5.0,117.92,194.16
5597,2023-06-20,59.0,Clothing,1.0,359.22,47.11
5598,2023-05-09,24.0,Electronics,4.0,158.27,13.76
5599,2023-09-03,39.0,Sports,6.0,497.89,87.54
5600,2023-08-06,68.0,Electronics,2.0,417.79,230.57
5601,2023-02-24,27.0,,5.0,404.32,251.94
5602,2023-06-05,43.0,Clothing,2.0,234.64,227.13
5603,2023-11-25,59.0,Electronics,3.0,475.96,45.83
5604,2023-12-30,29.0,Clothing,9.0,340.93,248.76
5605,2023-09-07,31.0,Electronics,2.0,221.12,
5606,2023-07-30,23.0,Electronics,7.0,381.26,158.52
5607,2023-12-07,50.0,Electronics,3.0,203.98,113.0
5608,2023-09-09,34.0,Clothing,7.0,182.22,34.81
5609,2023-03-07,24.0,Electronics,8.0,157.55,40.18
5610,2023-04-16,42.0,Beauty,3.0,104.14,94.71
5611,2023-06-25,67.0,Electronics,,454.69,176.74
5612,2023-02-11,69.0,Sports,2.0,329.23,95.73
5613,2023-11-29,55.0,Clothing,4.0,132.53,114.35
5614,2023-10-09,47.0,Sports,6.0,123.22,208.04
5615,2023-04-20,,Home,5.0,174.32,24.67
5616,2023-08-25,37.0,Sports,6.0,313.96,267.11
5617,2023-02-18,49.0,Clothing,9.0,180.38,250.71
5618,2023-05-17,,Clothing,3.0,,28.41
5619,2023-11-17,64.0,Home,9.0,409.06,201.46
5620,2023-03-12,33.0,Electronics,4.0,166.64,207.71
5621,2023-07-19,42.0,Clothing,2.0,144.59,43.09
5622,2023-05-18,25.0,Clothing,1.0,167.64,179.01
5623,2023-08-01,66.0,Beauty,2.0,231.0,194.86
5624,2023-04-11,60.0,Clothing,8.0,140.0,188.55
5625,2023-07-04,30.0,Sports,7.0,113.31,12.12
5626,2023-08-02,29.0,Clothing,1.0,29.3,138.08
5627,2023-05-06,57.0,Clothing,8.0,31.38,198.32
5628,,40.0,Beauty,8.0,33.22,269.17
5629,2023-03-29,22.0,Sports,,325.64,78.91
5630,2023-07-30,44.0,Electronics,1.0,81.03,203.37
5631,2023-04-01,21.0,Sports,8.0,348.17,88.59
5632,2023-07-10,23.0,Sports,6.0,262.03,206.43
5633,2023-05-18,64.0,Clothing,1.0,242.8,50.11
5634,,57.0,Clothing,2.0,69.93,126.29
5635,2023-12-22,24.0,Electronics,4.0,416.72,30.86
5636,2023-08-18,37.0,Home,9.0,286.06,61.51
5637,2023-11-06,68.0,Clothing,2.0,62.25,142.52
5638,2023-02-18,61.0,Home,8.0,111.8,45.76
5639,2023-01-29,44.0,Clothing,8.0,472.5,211.32
5640,2023-09-26,54.0,Home,5.0,42.78,259.44
5641,2023-01-16,47.0,Beauty,7.0,499.33,89.61
5642,2023-05-14,49.0,,4.0,344.63,188.78
5643,2023-05-13,39.0,Clothing,8.0,423.59,201.83
5644,2023-02-01,28.0,Clothing,2.0,455.83,92.27
5645,2023-01-25,38.0,Beauty,6.0,,155.46
5646,2023-02-28,48.0,Beauty,,75.92,202.18
5647,2023-11-10,69.0,Sports,3.0,,15.28
5648,2023-07-29,44.0,Electronics,5.0,410.31,133.15
5649,2023-02-26,,Clothing,9.0,174.63,257.08
5650,2023-02-23,54.0,Beauty,9.0,215.04,33.58
5651,2023-12-08,23.0,Beauty,Unknown,343.84,79.61
5652,2023-10-31,26.0,Home,8.0,19.52,126.2
5653,2023-10-31,,Home,8.0,302.97,198.1
5654,2023-01-06,32.0,Electronics,5.0,491.51,
5655,2023-11-30,68.0,Electronics,6.0,187.71,267.12
5656,2023-12-06,46.0,Home,5.0,,282.62
5657,,63.0,Home,4.0,182.25,105.61
5658,2023-06-09,27.0,Clothing,6.0,445.45,193.91
5659,2023-06-30,21.0,Beauty,1.0,,187.27
5660,2023-10-19,50.0,Sports,Unknown,135.99,241.73
5661,2023-08-02,29.0,Clothing,2.0,67.13,223.93
5662,2023-04-01,61.0,Home,6.0,257.66,195.56
5663,2023-09-10,54.0,Clothing,5.0,179.25,194.73
5664,2023-01-31,35.0,,1.0,470.7,122.05
5665,2023-03-22,61.0,,3.0,362.1,84.68
5666,2023-08-22,55.0,Home,5.0,176.98,23.17
5667,2023-02-05,24.0,Sports,4.0,174.81,139.6
5668,2023-11-20,27.0,Electronics,8.0,211.62,192.51
5669,2023-01-09,38.0,Home,4.0,494.67,66.04
5670,2023-10-28,68.0,Home,4.0,373.07,67.22
5671,2023-08-25,30.0,Home,8.0,109.22,215.68
5672,2023-01-22,40.0,Sports,5.0,47.94,129.5
5673,2023-10-31,42.0,Home,3.0,264.28,295.64
5674,2023-08-18,62.0,Beauty,1.0,385.71,208.17
5675,2023-07-27,47.0,Clothing,9.0,369.58,28.85
5676,2023-03-06,,Home,8.0,364.35,10.42
5677,2023-10-28,35.0,Sports,8.0,276.5,118.97
5678,2023-06-01,41.0,Electronics,6.0,318.74,101.11
5679,2023-11-25,,Electronics,2.0,493.13,32.52
5680,2023-06-12,26.0,Home,4.0,226.47,79.75
5681,2023-08-26,45.0,Sports,2.0,24.35,104.16
5682,2023-01-16,45.0,Beauty,5.0,121.8,264.43
5683,2023-12-22,26.0,Electronics,4.0,383.92,155.44
5684,2023-08-27,47.0,Electronics,9.0,254.2,95.82
5685,2023-01-06,47.0,Clothing,9.0,155.83,58.25
5686,2023-09-11,,Beauty,4.0,303.53,47.43
5687,2023-10-22,24.0,Sports,5.0,90.64,143.31
5688,2023-04-17,52.0,Beauty,2.0,303.43,182.28
5689,2023-06-17,18.0,Clothing,5.0,263.05,64.62
5690,2023-03-23,22.0,Home,8.0,153.15,72.09
5691,2023-01-12,55.0,Clothing,8.0,481.56,222.11
5692,2023-10-21,51.0,Sports,9.0,158.73,276.78
5693,2023-03-19,44.0,Beauty,7.0,151.74,225.91
5694,2023-04-12,30.0,Home,3.0,22.73,247.4
5695,2023-10-27,54.0,Sports,3.0,478.71,232.01
5696,2023-03-18,48.0,,7.0,93.85,184.5
5697,2023-03-23,65.0,Sports,3.0,180.03,150.95
5698,2023-07-28,24.0,Beauty,9.0,156.55,282.19
5699,2023-03-25,61.0,Beauty,5.0,427.93,22.9
5700,2023-10-31,63.0,Electronics,3.0,275.3,146.8
5701,2023-04-26,61.0,Sports,6.0,380.86,31.29
5702,2023-02-16,62.0,Electronics,8.0,390.31,6.34
5703,2023-04-01,26.0,Home,8.0,430.6,114.24
5704,2023-08-06,65.0,Home,2.0,117.4,
5705,2023-07-23,29.0,Electronics,5.0,452.34,223.31
5706,2023-01-02,33.0,Sports,4.0,,6.19
5707,2023-02-26,60.0,Electronics,2.0,462.73,299.49
5708,2023-02-27,44.0,Sports,6.0,412.78,207.04
5709,2023-06-06,58.0,Clothing,3.0,17.95,153.79
5710,2023-10-16,43.0,Electronics,4.0,326.64,107.62
5711,2023-11-25,,Home,7.0,261.11,173.92
5712,2023-09-22,,Beauty,7.0,47.37,7.01
5713,,32.0,Sports,8.0,296.72,284.98
5714,2023-06-13,67.0,Beauty,2.0,372.49,70.48
5715,2023-08-08,48.0,Sports,9.0,279.99,74.35
5716,2023-07-29,44.0,Home,5.0,223.68,68.96
5717,,44.0,Beauty,5.0,338.28,274.8
5718,2023-03-27,40.0,Home,7.0,444.29,
5719,2023-11-28,47.0,Electronics,4.0,177.23,9.61
5720,2023-02-16,36.0,Sports,3.0,110.59,107.5
5721,2023-05-26,33.0,Clothing,5.0,239.27,275.66
5722,2023-03-07,43.0,Sports,1.0,93.77,286.03
5723,2023-12-19,66.0,,9.0,476.89,33.51
5724,2023-04-04,56.0,Home,,89.13,105.43
5725,2023-12-07,61.0,Electronics,2.0,110.04,240.24
5726,2023-07-31,,Clothing,2.0,,116.87
5727,2023-06-08,64.0,Home,6.0,338.49,158.38
5728,2023-12-16,23.0,Home,7.0,306.7,261.39
5729,2023-08-24,37.0,Clothing,7.0,112.42,94.17
5730,,19.0,Clothing,,254.41,
5731,2023-12-22,69.0,Electronics,2.0,387.97,69.3
5732,2023-07-06,47.0,Beauty,1.0,342.73,220.72
5733,2023-01-11,38.0,Electronics,2.0,259.35,213.96
5734,2023-03-06,30.0,Beauty,6.0,261.48,187.79
5735,2023-09-29,65.0,Home,5.0,289.59,286.11
5736,2023-12-28,49.0,Beauty,5.0,79.84,209.34
5737,2023-07-28,44.0,Sports,9.0,108.14,203.54
5738,2023-08-15,,Sports,1.0,396.98,
5739,2023-03-26,31.0,Home,,25.54,192.9
5740,2023-11-19,44.0,Clothing,7.0,437.22,138.56
5741,2023-08-01,50.0,Sports,6.0,194.62,145.71
5742,2023-11-10,,Electronics,9.0,92.57,80.01
5743,2023-03-29,49.0,Clothing,3.0,71.81,67.16
5744,2023-03-09,62.0,Home,2.0,294.75,177.28
5745,2023-02-09,49.0,Electronics,4.0,440.74,128.0
5746,2023-03-07,28.0,Sports,9.0,464.2,210.8
5747,2023-10-01,38.0,Home,2.0,361.81,286.07
5748,2023-08-25,44.0,Electronics,4.0,393.52,131.69
5749,2023-10-13,18.0,Beauty,6.0,181.46,169.18
5750,2023-11-14,38.0,Electronics,3.0,473.28,290.77
5751,2023-04-17,24.0,Beauty,8.0,422.67,79.83
5752,2023-01-09,44.0,Electronics,5.0,331.51,176.13
5753,2023-10-07,59.0,Beauty,3.0,287.07,210.17
5754,2023-10-17,50.0,Home,9.0,426.34,174.14
5755,2023-12-01,22.0,Clothing,3.0,,262.52
5756,2023-02-20,54.0,Beauty,6.0,138.47,226.23
5757,2023-06-16,21.0,Beauty,7.0,477.27,279.33
5758,2023-02-14,,Home,8.0,122.51,72.42
5759,2023-10-11,57.0,Beauty,8.0,212.95,86.03
5760,2023-01-27,39.0,Beauty,6.0,305.44,17.27
5761,2023-12-03,21.0,Clothing,5.0,431.24,26.29
5762,2023-03-03,20.0,Home,6.0,143.85,69.78
5763,2023-05-01,43.0,Electronics,3.0,16.55,
5764,2023-10-04,47.0,Sports,5.0,185.81,200.89
5765,2023-04-25,69.0,Beauty,9.0,59.09,256.14
5766,2023-01-13,58.0,Clothing,1.0,302.73,22.23
5767,2023-06-12,,Home,3.0,385.56,243.57
5768,2023-06-25,64.0,Electronics,9.0,200.87,190.53
5769,2023-11-20,52.0,Home,4.0,,263.63
5770,2023-10-02,21.0,Sports,8.0,437.48,213.65
5771,2023-11-18,67.0,Electronics,4.0,20.33,210.03
5772,2023-11-27,38.0,Beauty,8.0,310.8,238.02
5773,2023-03-08,67.0,Clothing,7.0,256.24,279.94
5774,2023-07-24,23.0,Home,9.0,184.88,
5775,2023-06-27,57.0,Electronics,4.0,379.42,89.18
5776,2023-12-10,,Beauty,9.0,373.31,9.34
5777,2023-07-21,31.0,,9.0,335.21,28.58
5778,2023-09-19,63.0,Beauty,7.0,494.02,62.24
5779,2023-02-04,51.0,,,364.57,126.24
5780,2023-09-20,39.0,Home,7.0,147.62,248.35
5781,2023-10-06,29.0,Sports,6.0,367.27,141.19
5782,2023-03-17,33.0,Home,3.0,342.49,112.46
5783,2023-01-10,55.0,Clothing,9.0,486.75,207.62
5784,2023-10-07,19.0,Beauty,9.0,11.7,173.87
5785,2023-08-22,25.0,Home,4.0,122.51,215.85
5786,2023-10-22,58.0,Beauty,7.0,282.98,163.66
5787,2023-11-18,22.0,Beauty,1.0,212.27,257.02
5788,2023-03-14,,Electronics,1.0,336.78,121.07
5789,2023-08-21,58.0,Beauty,5.0,318.06,166.19
5790,2023-07-25,32.0,Beauty,5.0,205.66,274.61
5791,2023-02-13,19.0,Clothing,7.0,499.4,195.71
5792,2023-11-12,62.0,Home,1.0,407.07,190.46
5793,2023-12-05,41.0,Beauty,4.0,335.74,19.08
5794,2023-03-24,59.0,Clothing,7.0,421.12,
5795,2023-10-09,19.0,Beauty,8.0,94.44,88.17
5796,2023-08-16,30.0,Sports,7.0,116.37,137.56
5797,2023-06-24,34.0,Sports,3.0,51.22,
5798,2023-10-10,39.0,Sports,7.0,354.9,35.39
5799,2023-02-19,69.0,Electronics,4.0,341.14,213.83
5800,2023-12-03,,Clothing,9.0,393.53,20.42
5801,2023-10-03,34.0,Home,6.0,141.19,286.06
5802,,68.0,Home,3.0,116.15,166.31
5803,2023-08-12,64.0,Home,1.0,112.25,59.95
5804,2023-03-31,25.0,Clothing,2.0,53.26,86.33
5805,2023-02-04,27.0,Electronics,7.0,12.95,181.24
5806,2023-11-02,27.0,Clothing,2.0,444.78,
5807,2023-01-03,48.0,Sports,8.0,356.98,9.68
5808,2023-06-13,,Home,7.0,269.19,12.94
5809,2023-09-14,49.0,Home,8.0,30.74,183.95
5810,2023-04-26,46.0,Beauty,,61.93,112.98
5811,2023-05-22,35.0,Clothing,4.0,387.54,258.56
5812,2023-02-15,31.0,Electronics,7.0,86.17,278.21
5813,2023-08-26,69.0,Home,1.0,,148.87
5814,2023-03-02,22.0,Beauty,4.0,484.69,193.45
5815,2023-03-27,62.0,Beauty,5.0,140.91,294.8
5816,2023-08-18,69.0,Electronics,1.0,69.13,97.66
5817,2023-07-05,41.0,Beauty,1.0,80.96,169.08
5818,2023-12-23,60.0,Electronics,,149.71,41.11
5819,,,Electronics,,320.86,68.17
5820,2023-11-23,33.0,Beauty,1.0,,165.89
5821,2023-10-27,42.0,Home,3.0,232.39,268.2
5822,2023-10-12,38.0,Sports,8.0,248.31,53.82
5823,2023-09-18,60.0,Home,5.0,421.01,235.53
5824,2023-07-16,54.0,Sports,6.0,463.77,28.6
5825,2023-03-29,43.0,Beauty,9.0,174.02,197.72
5826,2023-01-26,57.0,Sports,7.0,201.85,19.24
5827,2023-03-01,62.0,Sports,2.0,437.96,40.22
5828,2023-03-16,67.0,Home,3.0,155.33,114.79
5829,2023-08-24,31.0,Electronics,2.0,352.8,204.16
5830,2023-08-17,,Clothing,5.0,69.59,53.04
5831,2023-01-18,56.0,Sports,1.0,401.39,254.58
5832,2023-06-20,64.0,Electronics,3.0,218.21,237.4
5833,,56.0,Sports,5.0,395.98,15.22
5834,2023-05-06,66.0,Beauty,1.0,227.62,54.39
5835,2023-02-07,59.0,,3.0,308.77,287.58
5836,,51.0,Electronics,7.0,309.64,198.61
5837,2023-08-05,22.0,Beauty,6.0,262.83,136.44
5838,2023-07-10,20.0,,4.0,228.9,257.57
5839,2023-07-01,,Electronics,2.0,193.61,211.2
5840,2023-07-24,52.0,Beauty,8.0,237.31,101.93
5841,2023-11-28,69.0,Home,6.0,441.29,260.19
5842,2023-05-10,45.0,Beauty,7.0,128.93,232.14
5843,2023-02-13,60.0,Home,2.0,331.03,196.75
5844,2023-12-24,58.0,Electronics,9.0,310.53,161.59
5845,2023-11-14,49.0,Clothing,5.0,351.08,279.68
5846,2023-09-29,61.0,Clothing,7.0,446.97,13.78
5847,2023-07-20,33.0,Sports,9.0,189.66,110.74
5848,,,Home,8.0,489.81,155.66
5849,2023-04-29,46.0,Clothing,1.0,197.78,75.23
5850,2023-11-18,53.0,Electronics,7.0,254.02,230.4
5851,2023-01-08,25.0,Electronics,8.0,410.39,101.02
5852,2023-05-14,41.0,Home,5.0,404.07,185.95
5853,2023-12-21,54.0,Sports,4.0,185.49,170.01
5854,2023-04-23,37.0,Sports,5.0,346.45,203.93
5855,2023-11-09,47.0,,7.0,178.4,17.12
5856,2023-04-30,32.0,Clothing,,258.85,91.02
5857,2023-07-29,45.0,Home,5.0,294.56,83.0
5858,2023-04-13,28.0,Home,3.0,207.92,
5859,,41.0,,9.0,214.0,185.67
5860,2023-12-22,60.0,,8.0,329.05,97.64
5861,2023-11-10,59.0,Beauty,6.0,221.92,187.66
5862,2023-12-14,37.0,Sports,6.0,28.9,95.29
5863,2023-04-15,21.0,Electronics,8.0,,6.74
5864,2023-01-27,27.0,Electronics,7.0,222.63,225.71
5865,,33.0,Clothing,3.0,399.99,299.45
5866,,35.0,Electronics,4.0,264.83,113.97
5867,2023-12-06,64.0,Clothing,5.0,,50.86
5868,2023-11-18,64.0,Beauty,9.0,349.21,163.16
5869,,18.0,Beauty,9.0,301.23,161.49
5870,2023-03-25,27.0,Sports,5.0,159.51,5.46
5871,2023-01-01,25.0,Beauty,6.0,65.85,266.27
5872,2023-09-18,40.0,Clothing,2.0,21.04,62.45
5873,2023-06-13,34.0,Beauty,9.0,,244.73
5874,2023-07-20,,Sports,6.0,294.34,168.92
5875,2023-05-12,37.0,Clothing,2.0,304.8,148.76
5876,2023-08-05,43.0,Clothing,3.0,142.24,44.57
5877,2023-07-21,62.0,Clothing,5.0,243.88,247.58
5878,2023-05-15,46.0,Home,9.0,472.41,56.79
5879,2023-07-15,57.0,Clothing,8.0,79.58,278.96
5880,,28.0,Clothing,3.0,70.97,286.91
5881,2023-05-22,32.0,Home,3.0,352.27,144.02
5882,,20.0,Home,3.0,384.1,
5883,2023-05-08,52.0,Clothing,2.0,251.38,127.62
5884,2023-08-03,57.0,Home,5.0,438.58,169.97
5885,2023-06-02,37.0,Electronics,8.0,446.85,38.02
5886,2023-09-17,22.0,Sports,4.0,87.09,116.97
5887,2023-03-20,24.0,Clothing,1.0,254.52,256.7
5888,2023-11-26,53.0,Sports,5.0,96.88,284.12
5889,2023-09-03,54.0,Home,,116.68,194.26
5890,2023-06-06,53.0,Sports,8.0,237.87,79.63
5891,2023-01-18,,Sports,3.0,429.49,79.86
5892,2023-01-16,,Sports,5.0,469.71,186.56
5893,2023-02-25,26.0,,2.0,468.95,245.79
5894,2023-10-11,,Home,,449.57,48.35
5895,2023-04-16,39.0,Electronics,2.0,377.87,195.5
5896,2023-04-10,24.0,,7.0,456.96,278.97
5897,,53.0,Electronics,1.0,179.0,215.68
5898,2023-03-27,38.0,Home,9.0,355.85,80.96
5899,2023-12-02,,Clothing,4.0,425.75,81.48
5900,2023-07-05,18.0,Clothing,1.0,303.82,210.9
5901,2023-04-16,64.0,Beauty,4.0,29.29,122.99
5902,2023-03-17,37.0,Electronics,4.0,,60.89
5903,2023-03-22,69.0,Sports,3.0,67.82,294.73
5904,2023-07-02,59.0,Home,9.0,475.13,254.21
5905,2023-08-08,66.0,Home,9.0,401.3,250.4
5906,2023-12-08,63.0,Home,5.0,229.49,281.89
5907,2023-05-20,44.0,Beauty,2.0,403.15,156.9
5908,2023-02-16,40.0,Beauty,5.0,333.64,166.06
5909,2023-05-29,51.0,Clothing,7.0,307.68,52.62
5910,2023-05-07,,Electronics,4.0,41.74,274.2
5911,2023-12-23,45.0,Electronics,2.0,195.83,249.59
5912,2023-09-19,,Sports,,47.14,154.02
5913,2023-04-13,,Sports,3.0,16.46,298.39
5914,,,Electronics,1.0,336.8,114.41
5915,2023-01-08,61.0,Electronics,6.0,289.86,203.2
5916,,61.0,Clothing,5.0,454.28,294.17
5917,2023-04-17,48.0,Beauty,8.0,174.75,52.53
5918,2023-01-18,,,6.0,167.5,70.99
5919,2023-10-15,40.0,Beauty,4.0,309.39,195.23
5920,2023-08-03,30.0,Clothing,8.0,61.61,121.87
5921,2023-10-16,32.0,,9.0,335.52,52.57
5922,2023-06-07,36.0,Home,3.0,190.9,59.55
5923,2023-02-03,68.0,Electronics,2.0,400.01,277.52
5924,2023-08-02,30.0,Electronics,1.0,61.96,35.96
5925,2023-10-23,47.0,Home,9.0,340.18,110.47
5926,2023-05-21,28.0,Home,8.0,457.0,163.9
5927,2023-03-04,39.0,Clothing,7.0,42.36,187.33
5928,2023-10-31,26.0,Beauty,8.0,209.06,109.03
5929,2023-11-30,46.0,Clothing,2.0,329.31,111.01
5930,2023-10-11,41.0,Electronics,8.0,182.23,117.17
5931,2023-06-29,23.0,Electronics,9.0,345.31,99.7
5932,2023-08-09,34.0,Home,3.0,466.11,66.89
5933,2023-01-28,30.0,Clothing,4.0,348.57,291.82
5934,2023-06-13,67.0,Clothing,5.0,76.82,136.15
5935,2023-11-03,,Clothing,6.0,21.81,8.39
5936,2023-05-02,34.0,Home,9.0,14.64,261.71
5937,2023-09-07,41.0,Beauty,8.0,162.88,244.75
5938,2023-05-24,48.0,Electronics,1.0,392.61,247.28
5939,2023-02-25,37.0,Electronics,3.0,227.57,25.94
5940,,20.0,Sports,8.0,50.98,293.8
5941,2023-06-07,23.0,Sports,7.0,336.06,173.85
5942,2023-03-19,,Beauty,,384.26,80.25
5943,2023-09-30,52.0,Sports,7.0,91.24,74.18
5944,2023-01-15,54.0,Clothing,1.0,,192.04
5945,2023-06-09,38.0,Beauty,9.0,245.46,250.9
5946,2023-04-23,62.0,Home,6.0,327.49,15.69
5947,2023-09-10,,Home,6.0,,127.81
5948,2023-12-13,24.0,Home,9.0,342.04,124.24
5949,2023-06-05,47.0,Home,7.0,476.89,11.64
5950,2023-01-01,47.0,Home,8.0,87.44,15.46
5951,2023-04-18,41.0,Home,7.0,146.02,45.33
5952,2023-12-25,56.0,Beauty,7.0,289.73,272.71
5953,2023-05-31,36.0,Electronics,8.0,47.06,14.76
5954,2023-08-06,,Sports,1.0,39.0,256.1
5955,2023-02-14,39.0,Beauty,4.0,29.81,147.69
5956,2023-08-28,68.0,Home,4.0,215.79,197.76
5957,2023-12-03,24.0,Clothing,1.0,56.77,26.9
5958,2023-10-15,,Clothing,1.0,197.77,247.25
5959,,26.0,Electronics,7.0,129.11,24.36
5960,2023-12-01,54.0,Clothing,7.0,13.8,20.16
5961,2023-03-09,18.0,Home,7.0,240.67,
5962,2023-10-11,46.0,Clothing,4.0,27.44,224.85
5963,2023-09-06,55.0,Electronics,9.0,360.3,177.55
5964,2023-06-28,,Electronics,5.0,449.5,9.4
5965,2023-12-06,48.0,Clothing,6.0,207.74,29.73
5966,2023-07-31,40.0,Clothing,2.0,221.44,25.22
5967,2023-07-21,62.0,Clothing,3.0,196.24,213.84
5968,2023-10-24,37.0,Sports,3.0,151.92,279.66
5969,2023-12-04,61.0,Electronics,6.0,219.84,286.31
5970,2023-05-14,,Beauty,3.0,162.27,240.92
5971,2023-10-07,42.0,Electronics,4.0,,43.93
5972,2023-04-27,18.0,Home,6.0,364.89,192.44
5973,2023-11-13,29.0,Electronics,5.0,437.67,86.45
5974,2023-04-24,,Clothing,4.0,304.43,276.86
5975,2023-02-28,26.0,Electronics,1.0,387.03,128.01
5976,2023-08-19,22.0,Electronics,9.0,204.92,295.22
5977,2023-07-18,19.0,Home,4.0,208.42,277.1
5978,2023-02-04,41.0,Clothing,1.0,474.45,265.24
5979,2023-10-14,47.0,Electronics,6.0,380.91,51.51
5980,2023-01-19,61.0,Electronics,5.0,478.93,261.48
5981,2023-12-06,,Electronics,2.0,222.06,
5982,2023-07-01,65.0,Electronics,1.0,108.97,284.15
5983,2023-05-27,39.0,Home,5.0,321.62,122.52
5984,2023-06-12,22.0,Home,5.0,302.7,81.84
5985,2023-02-16,60.0,Beauty,,344.59,256.27
5986,,63.0,Beauty,6.0,495.33,212.48
5987,2023-05-01,36.0,Electronics,2.0,151.87,58.39
5988,2023-05-25,37.0,Beauty,1.0,262.34,42.71
5989,2023-01-29,59.0,Clothing,9.0,48.52,192.76
5990,2023-09-30,,Beauty,9.0,266.82,140.87
5991,2023-11-02,64.0,Electronics,8.0,99.08,41.95
5992,2023-07-08,56.0,Clothing,9.0,382.33,10.62
5993,2023-07-02,56.0,Electronics,Unknown,247.7,240.32
5994,2023-02-06,22.0,Sports,7.0,241.61,214.07
5995,2023-05-03,53.0,Clothing,3.0,15.2,212.11
5996,2023-11-25,57.0,Sports,6.0,406.57,75.6
5997,2023-03-24,54.0,Home,2.0,334.51,141.65
5998,2023-02-17,34.0,Clothing,8.0,157.1,91.65
5999,2023-01-22,62.0,Sports,9.0,139.34,66.16
6000,2023-10-29,29.0,Sports,9.0,159.32,80.91
6001,2023-09-24,50.0,Clothing,4.0,52.13,86.29
6002,2023-04-30,55.0,Beauty,1.0,165.83,121.27
6003,,58.0,Clothing,9.0,47.93,182.22
6004,2023-01-21,57.0,Home,2.0,268.62,
6005,2023-05-16,39.0,Beauty,8.0,115.48,208.33
6006,2023-11-24,60.0,Clothing,5.0,13.05,84.21
6007,,,Sports,7.0,10.64,201.59
6008,,21.0,,5.0,246.83,54.06
6009,2023-03-28,25.0,Beauty,4.0,53.32,210.66
6010,2023-08-29,64.0,Clothing,,,71.99
6011,2023-09-15,42.0,Clothing,2.0,405.21,22.84
6012,2023-10-09,40.0,Clothing,2.0,288.93,193.98
6013,2023-04-17,43.0,Beauty,3.0,432.37,42.08
6014,2023-07-31,61.0,Beauty,3.0,187.91,132.22
6015,2023-01-08,66.0,Home,8.0,201.92,149.08
6016,2023-03-22,22.0,Electronics,9.0,342.26,270.5
6017,2023-03-08,52.0,Electronics,1.0,255.01,202.64
6018,2023-12-17,35.0,Electronics,3.0,79.8,184.64
6019,2023-07-06,32.0,Clothing,6.0,234.25,39.01
6020,2023-02-08,53.0,Beauty,9.0,358.84,172.16
6021,2023-01-04,58.0,Home,3.0,209.3,262.29
6022,2023-03-18,35.0,Clothing,1.0,306.65,
6023,2023-05-13,19.0,,7.0,394.24,171.81
6024,2023-10-03,49.0,Sports,5.0,123.35,49.02
6025,2023-10-17,34.0,,5.0,,140.22
6026,2023-05-06,39.0,Beauty,4.0,462.76,11.7
6027,2023-12-11,43.0,Sports,8.0,380.38,9.93
6028,2023-07-02,31.0,Clothing,8.0,201.69,94.95
6029,2023-03-13,54.0,Clothing,2.0,235.9,191.61
6030,2023-06-22,46.0,Electronics,,279.43,132.96
6031,2023-08-02,21.0,Clothing,4.0,165.51,231.37
6032,2023-01-20,,Sports,7.0,278.97,299.87
6033,2023-10-30,40.0,Electronics,1.0,28.72,254.32
6034,2023-06-14,34.0,Home,,,130.93
6035,2023-01-06,35.0,Home,2.0,115.69,233.75
6036,2023-12-08,56.0,Electronics,,280.89,179.84
6037,2023-08-19,51.0,Sports,1.0,216.94,111.37
6038,2023-10-10,41.0,Beauty,2.0,117.7,277.08
6039,2023-08-13,18.0,Clothing,3.0,170.9,115.03
6040,2023-12-02,58.0,Sports,1.0,480.68,294.28
6041,2023-01-24,49.0,Clothing,6.0,20.07,199.65
6042,2023-05-22,53.0,Sports,1.0,216.14,203.43
6043,2023-03-22,60.0,Home,8.0,375.33,129.82
6044,2023-07-27,21.0,Clothing,7.0,286.74,141.81
6045,2023-10-15,18.0,Sports,1.0,352.32,88.05
6046,2023-10-10,33.0,Home,1.0,423.97,13.38
6047,2023-04-07,69.0,Sports,5.0,,
6048,2023-09-30,36.0,Sports,8.0,389.06,11.42
6049,2023-12-03,68.0,Beauty,9.0,431.56,156.45
6050,2023-01-23,66.0,Sports,7.0,215.5,178.74
6051,2023-11-09,54.0,Sports,8.0,102.29,76.43
6052,2023-05-28,68.0,Electronics,5.0,123.82,
6053,2023-01-23,58.0,Electronics,7.0,448.36,294.64
6054,2023-03-08,19.0,Sports,9.0,345.35,96.79
6055,2023-02-15,65.0,Clothing,7.0,276.62,267.94
6056,2023-05-27,29.0,Home,6.0,373.94,55.57
6057,2023-01-15,64.0,Home,6.0,220.96,261.92
6058,2023-03-19,60.0,Electronics,2.0,184.1,
6059,2023-08-29,56.0,Sports,4.0,328.53,
6060,2023-10-04,66.0,Home,8.0,445.57,192.89
6061,2023-01-27,63.0,Electronics,5.0,421.69,277.24
6062,2023-10-22,,Home,7.0,270.96,142.72
6063,2023-12-29,52.0,Clothing,8.0,476.06,197.41
6064,2023-01-13,68.0,Beauty,9.0,448.3,202.18
6065,2023-07-13,21.0,Home,6.0,376.88,67.38
6066,2023-08-18,18.0,Beauty,4.0,198.26,219.41
6067,2023-11-16,42.0,Sports,6.0,477.63,281.98
6068,2023-07-03,35.0,Home,5.0,,175.3
6069,2023-12-22,63.0,Beauty,9.0,174.0,108.03
6070,2023-09-17,67.0,Clothing,9.0,255.78,291.43
6071,2023-12-10,42.0,Clothing,9.0,259.42,
6072,2023-06-08,61.0,Sports,4.0,18.39,138.78
6073,2023-11-29,,Home,3.0,186.6,223.08
6074,2023-07-02,34.0,Sports,7.0,94.4,296.26
6075,2023-12-15,60.0,Home,9.0,436.11,67.97
6076,2023-06-27,33.0,Beauty,,12.27,145.23
6077,2023-10-08,22.0,Clothing,3.0,45.63,108.74
6078,2023-10-04,58.0,Clothing,3.0,392.22,140.01
6079,2023-09-28,23.0,Beauty,2.0,194.58,240.51
6080,2023-02-21,,Electronics,9.0,24.34,233.27
6081,2023-01-28,20.0,Electronics,8.0,436.46,81.12
6082,2023-09-09,53.0,Clothing,5.0,192.64,182.85
6083,2023-02-04,64.0,Home,8.0,90.55,90.08
6084,2023-09-06,34.0,Home,5.0,239.84,168.89
6085,2023-05-20,33.0,Home,1.0,67.85,263.11
6086,2023-10-05,66.0,Sports,7.0,350.95,141.29
6087,2023-06-26,35.0,Beauty,6.0,449.11,185.9
6088,2023-11-18,,Clothing,8.0,449.72,
6089,2023-08-02,35.0,Home,5.0,417.12,7.4
6090,2023-09-13,49.0,Home,4.0,219.93,195.04
6091,2023-07-17,58.0,Beauty,9.0,369.7,110.65
6092,2023-01-15,47.0,Home,2.0,40.31,56.08
6093,2023-03-16,,Electronics,6.0,380.06,83.64
6094,2023-06-17,31.0,Beauty,2.0,145.54,13.83
6095,2023-02-08,51.0,Electronics,5.0,279.18,68.66
6096,2023-09-30,67.0,Beauty,4.0,307.03,249.26
6097,2023-08-20,65.0,Sports,2.0,69.23,
6098,2023-10-18,21.0,Electronics,9.0,132.77,139.37
6099,2023-02-05,,Clothing,9.0,487.43,126.07
6100,,28.0,Sports,9.0,97.84,193.58
6101,2023-01-13,35.0,,8.0,141.87,38.69
6102,2023-03-06,28.0,Home,4.0,434.97,263.14
6103,,36.0,Home,2.0,220.13,114.57
6104,2023-10-31,52.0,Electronics,5.0,230.12,134.43
6105,2023-09-01,43.0,Electronics,9.0,,259.88
6106,2023-03-26,65.0,Electronics,9.0,476.5,132.98
6107,2023-01-23,44.0,Home,5.0,432.09,230.56
6108,2023-10-26,29.0,Beauty,4.0,307.52,66.16
6109,2023-02-20,35.0,Home,7.0,43.62,117.83
6110,2023-09-01,40.0,Electronics,4.0,41.61,242.53
6111,2023-05-19,41.0,Electronics,4.0,51.12,222.88
6112,2023-08-27,54.0,Sports,1.0,36.78,121.73
6113,,45.0,Home,3.0,434.48,145.92
6114,2023-02-18,25.0,Clothing,6.0,398.38,32.3
6115,2023-03-13,65.0,Home,8.0,468.17,13.65
6116,2023-08-10,19.0,Electronics,4.0,478.03,283.52
6117,2023-06-06,20.0,Home,1.0,498.34,80.34
6118,2023-08-17,58.0,Sports,9.0,,208.7
6119,2023-01-29,38.0,Home,8.0,49.66,76.31
6120,2023-01-23,41.0,Sports,1.0,52.64,70.57
6121,2023-12-23,,Clothing,2.0,322.66,92.39
6122,2023-06-22,18.0,Electronics,2.0,76.75,186.79
6123,2023-10-12,65.0,,9.0,176.92,
6124,2023-09-08,33.0,Home,1.0,273.86,87.78
6125,2023-11-17,36.0,Sports,3.0,433.12,281.38
6126,2023-06-29,,Clothing,5.0,,250.05
6127,2023-03-13,25.0,,9.0,457.44,112.36
6128,2023-05-03,50.0,Home,6.0,382.14,236.58
6129,2023-10-28,41.0,Beauty,5.0,395.02,276.31
6130,2023-09-10,34.0,Electronics,7.0,371.57,51.29
6131,2023-03-06,46.0,Electronics,3.0,140.17,230.81
6132,,26.0,Beauty,7.0,299.39,177.32
6133,2023-04-16,67.0,Electronics,2.0,454.82,
6134,2023-10-27,45.0,Sports,4.0,332.45,112.85
6135,2023-05-27,,Electronics,3.0,123.34,
6136,2023-06-08,45.0,Electronics,4.0,138.31,59.02
6137,2023-07-21,23.0,Beauty,4.0,467.99,175.39
6138,2023-01-13,29.0,Beauty,5.0,55.77,212.02
6139,2023-11-18,45.0,Beauty,5.0,296.63,54.93
6140,2023-10-07,18.0,Beauty,5.0,15.16,59.82
6141,,,,6.0,68.94,28.38
6142,2023-11-12,36.0,Sports,7.0,302.39,42.74
6143,2023-09-04,47.0,Electronics,3.0,261.55,252.91
6144,2023-10-05,37.0,Beauty,8.0,34.64,16.97
6145,2023-09-04,47.0,Beauty,4.0,,288.5
6146,2023-12-22,49.0,Sports,8.0,80.81,87.81
6147,2023-01-16,44.0,,9.0,399.44,66.21
6148,2023-11-17,43.0,Home,1.0,108.83,45.37
6149,2023-05-28,48.0,Home,8.0,98.08,90.59
6150,,27.0,Clothing,5.0,232.93,166.64
6151,2023-04-15,,Sports,3.0,356.07,159.41
6152,2023-04-04,42.0,Beauty,9.0,315.67,92.39
6153,2023-10-25,68.0,Home,,,128.07
6154,2023-05-13,40.0,Clothing,2.0,436.18,
6155,2023-01-28,69.0,Electronics,8.0,129.25,88.07
6156,2023-04-26,,,9.0,407.21,224.65
6157,,60.0,Sports,2.0,,196.83
6158,2023-12-14,59.0,Sports,6.0,60.02,95.71
6159,2023-02-27,,Beauty,1.0,10.64,48.81
6160,2023-12-03,24.0,Home,2.0,133.74,168.1
6161,2023-03-18,40.0,Sports,,33.05,181.28
6162,2023-11-24,39.0,Home,8.0,,95.68
6163,2023-01-23,27.0,Beauty,6.0,334.09,
6164,2023-07-25,66.0,Clothing,2.0,44.25,65.76
6165,2023-09-24,24.0,Electronics,8.0,463.91,81.47
6166,2023-09-24,62.0,Beauty,9.0,78.08,59.29
6167,2023-09-25,55.0,Clothing,6.0,45.04,112.76
6168,2023-02-22,63.0,,1.0,240.66,242.11
6169,2023-02-05,33.0,,5.0,465.8,250.04
6170,2023-08-08,51.0,Beauty,,145.62,299.29
6171,,40.0,Beauty,,195.36,177.5
6172,2023-08-12,37.0,Beauty,6.0,286.37,118.71
6173,2023-10-13,59.0,Clothing,7.0,129.38,153.73
6174,2023-11-18,25.0,Electronics,2.0,140.18,101.84
6175,2023-10-24,28.0,Electronics,8.0,385.22,289.84
6176,2023-12-17,60.0,Clothing,1.0,233.9,84.21
6177,2023-12-12,64.0,Home,2.0,51.84,23.5
6178,2023-03-23,,Sports,4.0,380.27,
6179,2023-08-01,69.0,Home,3.0,163.59,255.32
6180,2023-11-05,61.0,Beauty,5.0,54.38,100.7
6181,2023-12-29,33.0,Electronics,7.0,457.39,49.25
6182,2023-04-18,45.0,Electronics,6.0,294.46,215.01
6183,2023-02-02,58.0,Sports,6.0,275.5,110.81
6184,2023-02-23,50.0,Sports,7.0,355.28,
6185,2023-03-19,35.0,Electronics,4.0,486.32,216.07
6186,2023-12-24,23.0,Clothing,5.0,473.95,128.84
6187,2023-12-25,20.0,Sports,3.0,,212.11
6188,2023-07-12,31.0,Sports,3.0,317.34,238.87
6189,2023-09-01,33.0,Beauty,3.0,331.66,288.98
6190,2023-11-12,18.0,Electronics,1.0,315.41,38.17
6191,2023-10-13,31.0,Electronics,7.0,351.41,218.6
6192,2023-04-21,30.0,Clothing,9.0,351.08,161.2
6193,2023-10-08,23.0,Home,1.0,474.15,41.45
6194,2023-05-14,47.0,Home,6.0,454.15,16.06
6195,2023-12-09,63.0,Clothing,8.0,286.25,234.25
6196,2023-11-10,51.0,Sports,1.0,313.84,249.95
6197,2023-04-04,34.0,Beauty,2.0,254.62,62.03
6198,2023-06-13,68.0,Electronics,7.0,211.93,108.15
6199,2023-04-08,47.0,Home,1.0,399.15,205.09
6200,2023-03-19,,Electronics,7.0,138.91,50.22
6201,2023-09-27,63.0,Home,1.0,174.25,
6202,2023-03-09,31.0,Sports,2.0,19.37,226.79
6203,2023-06-17,,Sports,5.0,487.28,183.7
6204,2023-01-25,49.0,Home,2.0,94.93,297.8
6205,2023-04-12,47.0,Electronics,8.0,352.01,211.28
6206,2023-10-23,44.0,Clothing,5.0,255.94,263.52
6207,2023-09-20,48.0,Sports,8.0,91.8,97.2
6208,2023-04-30,31.0,Home,6.0,377.63,213.75
6209,2023-10-18,38.0,Sports,9.0,454.08,234.37
6210,2023-06-10,47.0,Electronics,5.0,74.77,41.2
6211,2023-01-28,28.0,Sports,7.0,,276.87
6212,2023-10-21,45.0,Clothing,2.0,224.41,23.44
6213,2023-04-02,45.0,,6.0,299.35,89.77
6214,2023-01-06,23.0,Clothing,4.0,116.0,19.88
6215,2023-09-28,49.0,Sports,9.0,473.02,288.48
6216,2023-10-26,30.0,Sports,4.0,99.58,69.1
6217,2023-01-14,61.0,Electronics,8.0,68.52,122.22
6218,2023-06-03,40.0,Beauty,1.0,495.47,108.96
6219,2023-09-15,34.0,Clothing,9.0,356.0,70.18
6220,2023-01-10,18.0,Home,,,85.11
6221,2023-08-21,,Electronics,2.0,289.14,91.79
6222,2023-01-15,34.0,Home,1.0,337.5,278.52
6223,2023-05-06,,Electronics,2.0,238.48,180.1
6224,2023-08-01,66.0,Beauty,2.0,462.55,231.59
6225,2023-09-04,42.0,Beauty,3.0,201.23,206.76
6226,2023-07-20,52.0,Electronics,1.0,452.94,224.18
6227,2023-05-29,43.0,Beauty,4.0,346.52,156.99
6228,2023-08-14,44.0,Beauty,1.0,160.76,208.26
6229,2023-06-18,48.0,Home,8.0,424.86,66.2
6230,2023-06-01,32.0,Electronics,6.0,234.93,221.18
6231,2023-08-13,28.0,Clothing,4.0,408.02,181.78
6232,2023-07-04,65.0,Beauty,1.0,191.59,241.37
6233,2023-08-29,57.0,Sports,1.0,17.72,254.11
6234,2023-12-17,59.0,Sports,,454.69,129.28
6235,2023-05-04,,Home,9.0,354.96,157.13
6236,2023-02-09,43.0,Home,,295.21,201.13
6237,2023-06-24,,Sports,8.0,113.66,257.95
6238,2023-04-19,38.0,Home,6.0,200.42,275.06
6239,2023-11-20,58.0,Clothing,3.0,317.25,217.61
6240,2023-02-05,61.0,Beauty,1.0,257.79,212.29
6241,2023-01-28,55.0,Sports,5.0,325.8,197.46
6242,2023-07-26,,Home,5.0,281.03,61.97
6243,2023-12-25,63.0,Home,9.0,349.55,260.83
6244,2023-08-16,62.0,Beauty,3.0,478.52,205.92
6245,2023-11-05,65.0,Home,8.0,469.72,65.85
6246,2023-02-07,34.0,Beauty,9.0,,
6247,2023-07-06,65.0,Beauty,5.0,141.19,192.57
6248,2023-04-24,43.0,,8.0,411.33,208.59
6249,2023-03-09,26.0,Electronics,9.0,,108.45
6250,2023-06-22,60.0,Electronics,4.0,426.93,222.3
6251,2023-09-24,69.0,Beauty,5.0,218.51,34.38
6252,2023-08-02,69.0,Home,5.0,367.83,105.39
6253,2023-01-26,31.0,Sports,2.0,302.98,
6254,2023-07-08,50.0,Beauty,3.0,215.36,248.06
6255,2023-08-18,50.0,Sports,3.0,401.91,145.37
6256,2023-09-19,,Beauty,6.0,,274.53
6257,2023-05-16,53.0,Clothing,5.0,102.5,191.4
6258,2023-04-30,67.0,Sports,1.0,436.68,
6259,2023-01-25,22.0,Beauty,4.0,192.21,64.5
6260,,57.0,Home,5.0,199.25,213.74
6261,2023-04-19,57.0,,3.0,61.26,90.45
6262,2023-09-23,42.0,Sports,6.0,169.4,232.55
6263,2023-11-29,24.0,Electronics,2.0,319.46,151.67
6264,2023-04-12,39.0,Beauty,2.0,36.6,278.39
6265,,50.0,Home,9.0,287.27,258.08
6266,2023-05-22,56.0,Clothing,3.0,463.63,270.74
6267,,27.0,Sports,8.0,438.86,165.7
6268,,21.0,Sports,1.0,455.84,131.9
6269,2023-09-16,55.0,Home,8.0,481.02,78.16
6270,2023-04-21,28.0,Sports,2.0,368.48,252.1
6271,2023-12-18,47.0,Electronics,9.0,253.12,155.42
6272,2023-10-17,,Electronics,9.0,129.39,8.75
6273,2023-06-24,55.0,Sports,3.0,407.94,60.11
6274,2023-07-04,50.0,Home,8.0,47.04,276.62
6275,2023-11-03,33.0,Beauty,5.0,422.23,238.98
6276,2023-12-12,32.0,Sports,5.0,481.72,289.43
6277,2023-06-05,33.0,,7.0,448.28,125.03
6278,2023-09-06,68.0,Electronics,1.0,483.41,71.74
6279,2023-01-07,24.0,Beauty,2.0,252.32,37.31
6280,2023-06-20,,Home,9.0,299.55,236.24
6281,2023-12-29,40.0,Sports,2.0,126.63,70.29
6282,2023-06-19,44.0,Electronics,9.0,323.37,281.35
6283,2023-01-13,47.0,Clothing,7.0,219.02,36.65
6284,2023-10-25,,Sports,4.0,260.62,215.98
6285,,31.0,Clothing,5.0,293.09,222.82
6286,2023-05-24,40.0,Electronics,1.0,65.62,246.66
6287,2023-09-11,,Clothing,7.0,368.4,
6288,2023-09-13,59.0,Beauty,3.0,100.5,106.8
6289,2023-05-30,65.0,Beauty,8.0,215.25,18.55
6290,2023-02-28,29.0,Home,2.0,450.74,81.66
6291,2023-11-20,,Electronics,7.0,,277.39
6292,,,Clothing,9.0,215.45,40.82
6293,2023-03-01,,Beauty,8.0,106.06,190.8
6294,2023-08-21,55.0,Beauty,5.0,196.99,
6295,2023-07-27,,Sports,8.0,430.49,18.99
6296,2023-11-07,36.0,Electronics,Unknown,133.14,182.25
6297,2023-06-26,28.0,Clothing,6.0,67.93,255.24
6298,2023-03-14,,Electronics,7.0,274.9,162.73
6299,2023-08-13,61.0,Clothing,1.0,187.25,122.31
6300,2023-01-09,22.0,Beauty,5.0,340.12,152.78
6301,2023-06-22,64.0,Clothing,7.0,365.16,48.04
6302,2023-10-23,64.0,Sports,9.0,105.16,
6303,2023-01-27,64.0,Clothing,5.0,483.68,97.53
6304,2023-07-22,30.0,Beauty,4.0,237.73,99.32
6305,2023-01-30,40.0,Sports,5.0,214.43,
6306,2023-07-09,29.0,Home,1.0,401.2,36.1
6307,2023-01-30,19.0,Sports,5.0,221.21,55.38
6308,,31.0,Beauty,9.0,150.82,185.75
6309,2023-10-21,66.0,Sports,9.0,375.48,153.91
6310,2023-06-29,60.0,Clothing,4.0,240.36,192.66
6311,2023-08-18,66.0,,1.0,456.68,150.65
6312,2023-05-25,38.0,Beauty,2.0,389.75,295.26
6313,,49.0,Beauty,4.0,34.39,164.87
6314,2023-11-12,37.0,Beauty,3.0,290.69,137.52
6315,2023-07-22,21.0,,3.0,301.06,214.51
6316,2023-04-23,62.0,Beauty,8.0,369.86,43.41
6317,2023-11-10,39.0,Beauty,7.0,284.79,59.12
6318,2023-01-23,52.0,Clothing,3.0,464.59,242.31
6319,2023-12-05,37.0,Sports,9.0,85.7,223.98
6320,2023-11-14,68.0,Home,2.0,12.28,16.73
6321,2023-12-22,62.0,Home,2.0,165.14,132.99
6322,2023-01-27,39.0,Electronics,4.0,243.56,143.34
6323,2023-10-16,47.0,,3.0,52.53,283.09
6324,2023-12-18,66.0,Clothing,4.0,438.7,257.96
6325,2023-08-15,24.0,Beauty,4.0,151.48,266.8
6326,2023-10-21,30.0,Sports,4.0,396.53,89.42
6327,2023-02-10,23.0,Home,9.0,42.14,100.19
6328,2023-07-10,69.0,Beauty,7.0,323.46,35.93
6329,2023-10-05,61.0,Electronics,1.0,,146.98
6330,2023-05-22,41.0,Clothing,3.0,40.66,37.81
6331,2023-04-08,27.0,Home,6.0,110.65,215.76
6332,2023-10-04,,Home,8.0,331.12,267.4
6333,2023-02-12,52.0,Electronics,6.0,159.11,59.89
6334,2023-02-15,32.0,Sports,9.0,11.89,99.2
6335,2023-07-17,19.0,Beauty,7.0,440.29,11.27
6336,2023-06-10,47.0,Clothing,2.0,14.99,132.54
6337,2023-01-08,65.0,Electronics,2.0,323.96,231.52
6338,2023-02-21,65.0,Sports,5.0,271.27,271.31
6339,2023-10-27,28.0,Clothing,3.0,153.72,68.9
6340,2023-02-07,34.0,Beauty,9.0,48.15,64.81
6341,2023-08-19,51.0,Beauty,4.0,480.8,188.74
6342,2023-03-09,42.0,,4.0,465.33,117.5
6343,2023-07-05,39.0,Electronics,3.0,124.6,180.03
6344,2023-01-13,44.0,Clothing,6.0,189.45,233.77
6345,2023-08-08,54.0,Sports,6.0,55.43,57.46
6346,2023-12-22,39.0,Electronics,7.0,,58.86
6347,2023-02-05,61.0,Home,5.0,443.58,255.83
6348,2023-07-12,53.0,Beauty,6.0,264.76,
6349,2023-02-01,,Beauty,2.0,353.45,262.5
6350,2023-12-17,34.0,Clothing,5.0,88.0,279.83
6351,2023-02-16,42.0,Clothing,4.0,351.54,176.34
6352,2023-11-07,57.0,Home,2.0,53.69,60.06
6353,2023-03-04,49.0,Clothing,9.0,36.51,223.14
6354,2023-04-11,50.0,Home,5.0,336.74,152.79
6355,2023-04-02,,Home,,383.24,59.93
6356,2023-08-04,38.0,Electronics,4.0,156.46,25.63
6357,2023-11-16,50.0,,8.0,390.91,174.54
6358,2023-07-15,20.0,Electronics,4.0,452.35,31.63
6359,,67.0,Home,1.0,160.17,134.06
6360,2023-07-27,21.0,Beauty,,483.14,131.26
6361,,39.0,,9.0,485.99,30.15
6362,2023-09-30,29.0,Electronics,4.0,96.52,168.26
6363,2023-08-02,57.0,Electronics,8.0,442.31,74.36
6364,2023-01-12,37.0,Electronics,5.0,74.97,181.07
6365,2023-06-23,51.0,Home,8.0,120.16,281.47
6366,2023-04-11,51.0,Beauty,2.0,170.37,60.92
6367,2023-09-15,36.0,Electronics,4.0,197.43,212.13
6368,2023-12-14,30.0,Beauty,5.0,167.12,255.44
6369,2023-07-01,20.0,Beauty,9.0,297.24,255.09
6370,2023-06-18,,Sports,4.0,226.25,186.66
6371,2023-02-12,43.0,Electronics,9.0,424.94,91.35
6372,2023-08-09,49.0,Clothing,2.0,171.61,243.14
6373,2023-05-24,20.0,Sports,8.0,55.8,49.87
6374,2023-12-08,67.0,Home,4.0,,
6375,2023-02-10,32.0,Clothing,2.0,471.54,
6376,2023-12-11,54.0,Beauty,6.0,302.81,166.19
6377,2023-11-21,56.0,Sports,3.0,375.56,242.65
6378,2023-06-16,57.0,Sports,8.0,310.51,187.64
6379,2023-08-27,34.0,Home,8.0,60.6,143.41
6380,2023-09-09,,Sports,4.0,260.32,275.7
6381,2023-06-29,39.0,Sports,9.0,138.25,78.35
6382,2023-07-26,53.0,Electronics,4.0,91.71,246.94
6383,2023-01-26,,Beauty,7.0,94.18,233.75
6384,2023-12-12,51.0,Sports,Unknown,410.53,125.45
6385,2023-01-17,21.0,,9.0,237.01,142.47
6386,2023-09-15,59.0,Electronics,9.0,342.06,15.72
6387,2023-01-27,,Sports,1.0,55.44,228.92
6388,2023-06-25,,Beauty,,78.47,291.51
6389,2023-04-28,42.0,Home,5.0,396.37,62.3
6390,2023-01-23,33.0,Electronics,4.0,449.35,56.65
6391,2023-03-14,53.0,Home,2.0,204.24,176.57
6392,2023-12-15,31.0,Electronics,3.0,325.79,280.39
6393,2023-07-18,33.0,Electronics,1.0,487.34,191.68
6394,,59.0,Sports,6.0,381.91,104.32
6395,2023-12-05,67.0,Clothing,2.0,359.26,53.82
6396,2023-10-27,26.0,Electronics,2.0,207.88,63.87
6397,2023-05-15,22.0,Electronics,1.0,489.49,53.09
6398,2023-02-28,25.0,Home,,396.56,24.58
6399,2023-12-08,22.0,Clothing,1.0,164.44,230.85
6400,2023-12-08,,Beauty,7.0,399.44,232.75
6401,2023-09-21,50.0,Sports,6.0,470.07,207.42
6402,2023-05-26,60.0,Beauty,9.0,437.0,53.15
6403,2023-11-12,24.0,Electronics,2.0,216.35,235.65
6404,2023-12-28,64.0,Clothing,1.0,402.21,153.9
6405,2023-12-13,,Electronics,4.0,211.25,264.8
6406,2023-04-13,59.0,Clothing,4.0,165.99,162.2
6407,2023-11-08,64.0,Sports,8.0,447.1,130.42
6408,2023-08-08,30.0,Electronics,8.0,414.5,200.75
6409,2023-08-05,67.0,Beauty,3.0,74.6,237.61
6410,2023-02-05,28.0,Home,3.0,,125.27
6411,2023-09-14,51.0,Sports,9.0,288.47,276.34
6412,2023-11-14,48.0,Electronics,6.0,,125.69
6413,2023-03-10,25.0,Home,7.0,264.08,31.69
6414,2023-06-11,,Electronics,5.0,61.21,
6415,2023-12-13,36.0,Electronics,3.0,116.35,233.47
6416,2023-06-27,,Beauty,2.0,19.17,198.34
6417,2023-02-25,46.0,Home,1.0,,62.19
6418,,54.0,Electronics,6.0,96.0,68.19
6419,2023-08-16,63.0,Beauty,5.0,,187.25
6420,2023-10-15,47.0,Clothing,9.0,256.8,260.52
6421,2023-09-07,22.0,Electronics,7.0,60.86,207.21
6422,2023-07-08,36.0,Clothing,3.0,240.59,68.79
6423,2023-01-10,45.0,Electronics,2.0,260.19,191.85
6424,2023-10-17,39.0,Home,9.0,,104.12
6425,2023-02-09,52.0,Electronics,2.0,183.72,22.27
6426,2023-10-16,63.0,Home,8.0,340.4,269.32
6427,2023-05-17,69.0,Sports,8.0,259.54,290.64
6428,,35.0,Electronics,4.0,106.16,67.23
6429,2023-10-26,21.0,Electronics,4.0,420.72,58.03
6430,2023-09-26,35.0,Beauty,1.0,281.14,
6431,2023-05-19,65.0,Electronics,Unknown,473.45,253.33
6432,2023-01-17,52.0,Sports,3.0,408.01,229.16
6433,2023-07-09,67.0,Sports,5.0,26.33,12.91
6434,2023-12-19,34.0,Home,6.0,410.71,139.27
6435,2023-09-21,32.0,Electronics,1.0,226.49,152.89
6436,2023-04-14,20.0,Home,Unknown,250.02,39.83
6437,2023-10-27,62.0,Clothing,2.0,59.29,170.21
6438,2023-06-18,18.0,Sports,7.0,217.86,144.95
6439,2023-09-13,65.0,Electronics,3.0,404.72,269.06
6440,2023-07-21,35.0,Beauty,2.0,389.43,125.58
6441,2023-06-06,47.0,Sports,3.0,411.04,54.24
6442,2023-10-13,22.0,Beauty,2.0,406.9,16.04
6443,,49.0,Sports,6.0,282.0,166.06
6444,2023-01-19,30.0,Electronics,Unknown,216.35,147.44
6445,2023-09-30,67.0,Beauty,7.0,35.78,28.06
6446,2023-08-01,32.0,,5.0,78.78,280.46
6447,2023-04-14,51.0,Sports,4.0,165.56,88.53
6448,2023-06-26,22.0,Home,7.0,461.66,83.91
6449,2023-03-22,48.0,Clothing,2.0,433.95,35.03
6450,2023-11-22,37.0,Beauty,5.0,37.07,
6451,2023-02-28,46.0,Clothing,,388.33,48.91
6452,2023-08-28,27.0,Clothing,,447.38,131.92
6453,2023-10-20,28.0,Sports,1.0,126.1,131.53
6454,,,Sports,8.0,226.72,258.25
6455,2023-06-25,40.0,Clothing,9.0,299.16,211.09
6456,,,Electronics,8.0,464.13,61.99
6457,2023-09-29,54.0,Electronics,6.0,215.18,253.21
6458,2023-10-27,44.0,Electronics,9.0,175.62,185.11
6459,2023-04-05,54.0,Home,3.0,388.25,76.03
6460,2023-05-11,30.0,Sports,7.0,367.17,193.25
6461,2023-07-22,50.0,Sports,5.0,252.41,165.07
6462,2023-10-25,57.0,Sports,1.0,15.49,196.28
6463,2023-03-14,59.0,Beauty,6.0,460.42,34.9
6464,,35.0,Clothing,7.0,298.01,
6465,2023-06-06,51.0,,7.0,83.56,
6466,2023-03-02,34.0,Clothing,8.0,135.38,133.1
6467,2023-06-17,,Electronics,3.0,284.8,
6468,2023-09-02,37.0,Electronics,8.0,200.05,234.3
6469,2023-05-02,19.0,Sports,5.0,,237.44
6470,2023-04-13,59.0,Home,7.0,331.52,72.29
6471,,66.0,Home,8.0,74.31,100.52
6472,2023-03-11,65.0,Sports,7.0,73.2,205.79
6473,2023-01-11,38.0,Electronics,5.0,277.55,11.37
6474,2023-06-16,39.0,Home,5.0,450.38,225.75
6475,2023-01-31,57.0,Sports,8.0,304.58,283.58
6476,2023-04-18,34.0,Sports,Unknown,28.28,71.49
6477,2023-11-19,68.0,Home,9.0,350.17,28.24
6478,2023-05-13,57.0,Beauty,,357.38,146.07
6479,2023-10-08,,Electronics,3.0,428.12,51.8
6480,2023-10-05,23.0,Sports,1.0,429.2,106.84
6481,2023-07-22,45.0,Sports,4.0,305.79,169.6
6482,2023-08-11,45.0,Clothing,2.0,299.69,260.7
6483,2023-07-11,28.0,Home,4.0,321.9,130.93
6484,2023-01-04,55.0,Sports,3.0,178.87,103.58
6485,2023-01-20,21.0,Electronics,1.0,135.36,135.19
6486,2023-03-21,32.0,Beauty,1.0,221.67,273.43
6487,2023-01-25,23.0,Clothing,1.0,65.18,127.09
6488,,63.0,Home,Unknown,207.67,111.52
6489,2023-02-10,32.0,Clothing,9.0,396.31,63.18
6490,2023-10-02,,Electronics,8.0,323.9,275.54
6491,2023-01-03,47.0,Beauty,3.0,44.86,126.39
6492,2023-01-16,60.0,Sports,3.0,78.35,35.71
6493,2023-08-27,25.0,Home,8.0,235.99,38.49
6494,2023-05-14,52.0,Sports,2.0,476.56,262.1
6495,2023-11-24,47.0,Sports,9.0,26.82,104.35
6496,2023-05-09,28.0,Sports,7.0,390.32,164.31
6497,2023-08-29,63.0,Home,6.0,169.46,287.88
6498,2023-08-10,29.0,Electronics,2.0,62.44,
6499,2023-03-21,20.0,Home,6.0,339.22,67.34
6500,2023-11-02,65.0,Home,4.0,440.11,82.8
6501,2023-10-30,22.0,,3.0,244.3,211.23
6502,2023-02-19,18.0,Clothing,1.0,361.18,171.65
6503,2023-01-14,36.0,Electronics,2.0,143.35,71.09
6504,2023-08-20,64.0,Clothing,6.0,373.19,238.93
6505,2023-07-22,56.0,Beauty,1.0,,16.31
6506,2023-12-18,33.0,Sports,1.0,131.65,144.84
6507,2023-10-02,,Clothing,9.0,101.6,36.21
6508,2023-06-11,66.0,Electronics,5.0,379.37,116.47
6509,2023-07-23,20.0,Electronics,8.0,112.75,270.0
6510,2023-01-17,46.0,Home,9.0,256.23,85.74
6511,2023-07-29,,Clothing,5.0,373.79,283.68
6512,,66.0,Electronics,5.0,,87.84
6513,2023-03-19,,Beauty,3.0,87.28,105.61
6514,2023-11-02,69.0,Electronics,3.0,24.83,82.12
6515,2023-07-27,27.0,Clothing,2.0,89.48,250.61
6516,2023-05-15,51.0,Sports,3.0,241.15,32.74
6517,2023-01-10,,Electronics,1.0,482.55,122.79
6518,2023-03-24,56.0,Home,3.0,97.39,274.92
6519,2023-05-12,29.0,Electronics,1.0,,250.15
6520,2023-01-18,24.0,Electronics,6.0,71.47,40.98
6521,2023-10-21,34.0,Clothing,3.0,484.86,162.64
6522,2023-06-21,54.0,Home,8.0,204.5,42.67
6523,2023-04-30,43.0,Electronics,5.0,366.86,170.53
6524,2023-03-07,,Clothing,8.0,462.26,288.7
6525,2023-07-08,57.0,Home,4.0,349.89,7.52
6526,2023-04-08,,Electronics,5.0,319.1,45.44
6527,2023-09-03,,Electronics,9.0,417.76,233.22
6528,2023-08-24,64.0,Electronics,7.0,228.15,244.33
6529,2023-08-29,20.0,Beauty,5.0,15.28,239.04
6530,2023-12-04,24.0,Beauty,7.0,149.15,226.41
6531,2023-11-09,42.0,Clothing,9.0,211.54,6.3
6532,2023-03-20,57.0,Clothing,9.0,201.15,105.87
6533,2023-06-29,42.0,Beauty,9.0,435.62,147.41
6534,2023-09-17,27.0,Home,9.0,23.93,48.58
6535,2023-04-18,68.0,Beauty,,233.02,298.24
6536,2023-04-27,38.0,Sports,2.0,400.2,95.42
6537,2023-11-27,54.0,Sports,1.0,390.05,299.38
6538,2023-01-13,,Beauty,3.0,242.09,104.98
6539,2023-10-08,58.0,Electronics,8.0,212.34,
6540,2023-04-25,40.0,Home,9.0,319.21,89.23
6541,2023-12-04,58.0,Home,1.0,259.83,39.02
6542,2023-09-09,35.0,Sports,4.0,51.49,38.62
6543,2023-05-22,32.0,Electronics,3.0,290.13,230.25
6544,2023-01-02,51.0,Beauty,4.0,492.53,207.39
6545,2023-03-23,52.0,Beauty,6.0,423.8,284.39
6546,,42.0,Home,7.0,211.77,
6547,2023-05-28,56.0,Clothing,5.0,294.95,294.79
6548,2023-02-04,67.0,Sports,2.0,228.95,216.25
6549,2023-04-07,26.0,Clothing,9.0,121.81,299.86
6550,2023-04-10,,Sports,9.0,340.68,250.03
6551,2023-02-24,66.0,Clothing,,492.0,193.77
6552,2023-11-11,,Clothing,3.0,22.94,
6553,2023-04-03,,Electronics,7.0,489.86,126.76
6554,2023-12-07,49.0,Sports,6.0,84.07,81.37
6555,2023-08-28,61.0,Home,4.0,313.02,260.5
6556,,40.0,Sports,3.0,,154.05
6557,,49.0,Beauty,7.0,212.29,179.33
6558,2023-01-09,65.0,Clothing,6.0,197.57,266.65
6559,2023-11-27,48.0,Clothing,5.0,359.97,279.65
6560,2023-07-14,27.0,Electronics,6.0,128.46,124.61
6561,2023-05-02,62.0,Sports,7.0,76.4,235.06
6562,2023-11-27,62.0,Beauty,,242.07,246.6
6563,2023-08-12,32.0,Beauty,9.0,292.55,226.63
6564,2023-04-02,48.0,Clothing,8.0,29.02,69.19
6565,,,Home,4.0,,191.13
6566,2023-05-09,31.0,Sports,3.0,201.14,38.29
6567,2023-02-11,25.0,Beauty,2.0,278.39,276.62
6568,2023-08-16,32.0,Beauty,1.0,,109.5
6569,2023-11-29,69.0,Beauty,9.0,,140.87
6570,2023-10-03,29.0,Home,7.0,403.24,207.15
6571,2023-03-16,57.0,Home,9.0,256.69,96.9
6572,2023-10-15,27.0,Electronics,3.0,276.97,80.89
6573,2023-06-15,63.0,Beauty,8.0,206.35,128.92
6574,2023-11-26,51.0,Home,1.0,330.16,245.34
6575,2023-12-03,66.0,Sports,8.0,166.51,144.18
6576,2023-04-06,43.0,Beauty,1.0,428.55,208.07
6577,,20.0,Beauty,3.0,489.98,130.26
6578,2023-11-04,52.0,Beauty,8.0,189.4,
6579,2023-11-30,31.0,Electronics,2.0,110.62,54.09
6580,2023-11-22,50.0,,2.0,297.65,249.72
6581,2023-10-04,46.0,Beauty,9.0,,254.54
6582,2023-03-02,39.0,Beauty,1.0,,257.47
6583,2023-04-05,,Home,2.0,125.41,57.26
6584,2023-09-17,27.0,Sports,3.0,310.08,238.01
6585,2023-07-05,29.0,Electronics,2.0,368.77,263.06
6586,2023-03-10,36.0,Home,2.0,380.48,271.1
6587,2023-04-25,64.0,Beauty,4.0,147.31,298.0
6588,2023-09-22,30.0,Clothing,4.0,60.48,79.38
6589,2023-09-06,39.0,Sports,2.0,405.88,201.17
6590,2023-08-12,40.0,Clothing,2.0,195.08,
6591,2023-09-28,47.0,Sports,9.0,215.97,96.68
6592,2023-10-22,69.0,Clothing,3.0,81.41,152.42
6593,2023-07-30,58.0,Beauty,3.0,,20.69
6594,2023-12-03,40.0,Beauty,8.0,178.44,268.51
6595,2023-05-07,38.0,Clothing,1.0,160.64,171.78
6596,2023-11-27,,Electronics,8.0,46.68,273.69
6597,2023-04-17,23.0,Beauty,,236.93,252.48
6598,2023-03-03,32.0,Sports,7.0,167.88,257.91
6599,2023-06-02,69.0,Electronics,7.0,382.01,237.99
6600,2023-07-05,23.0,Beauty,5.0,458.53,38.66
6601,2023-06-27,34.0,Home,4.0,437.21,201.42
6602,2023-09-23,61.0,Electronics,8.0,134.37,154.25
6603,2023-09-11,24.0,Sports,7.0,228.59,281.14
6604,2023-12-18,49.0,Home,3.0,154.01,
6605,2023-01-13,56.0,Electronics,6.0,448.56,134.26
6606,2023-02-19,34.0,Beauty,5.0,313.94,33.04
6607,2023-05-12,47.0,Electronics,3.0,382.55,98.34
6608,2023-09-09,46.0,Beauty,Unknown,89.43,179.5
6609,2023-02-22,36.0,Home,Unknown,171.13,102.37
6610,2023-07-12,29.0,Clothing,,259.8,237.86
6611,2023-04-07,64.0,,7.0,124.13,128.82
6612,2023-05-27,64.0,Sports,6.0,60.96,172.27
6613,2023-03-06,46.0,Beauty,3.0,315.01,162.56
6614,,31.0,Beauty,6.0,449.73,207.36
6615,2023-06-21,45.0,Home,1.0,299.02,75.4
6616,2023-11-29,35.0,Electronics,2.0,262.45,285.16
6617,2023-12-08,30.0,Home,5.0,496.54,170.77
6618,2023-06-21,42.0,Electronics,9.0,52.83,23.12
6619,2023-06-15,28.0,Sports,4.0,228.56,30.07
6620,2023-02-21,35.0,Sports,6.0,319.49,256.55
6621,2023-07-08,59.0,Electronics,3.0,352.13,65.25
6622,2023-06-11,43.0,Electronics,Unknown,250.22,109.84
6623,2023-12-30,33.0,Beauty,2.0,417.29,44.52
6624,2023-12-01,,Clothing,5.0,293.39,244.17
6625,2023-12-19,49.0,Clothing,8.0,211.53,
6626,,60.0,Clothing,7.0,274.98,274.51
6627,2023-02-02,50.0,Beauty,3.0,492.51,150.44
6628,2023-11-26,38.0,Beauty,1.0,,28.84
6629,2023-01-05,56.0,Home,3.0,465.79,27.52
6630,2023-05-25,38.0,Sports,5.0,376.38,38.6
6631,2023-12-14,22.0,Beauty,1.0,348.51,111.22
6632,2023-10-05,46.0,Beauty,4.0,249.31,175.35
6633,,43.0,Electronics,7.0,41.22,70.8
6634,2023-06-02,,Home,8.0,233.78,197.63
6635,2023-12-24,55.0,,3.0,201.08,199.23
6636,2023-04-23,22.0,Sports,,129.67,267.32
6637,2023-03-24,68.0,Home,5.0,278.76,68.35
6638,2023-08-14,36.0,Sports,5.0,220.33,135.92
6639,2023-10-17,25.0,Beauty,6.0,356.71,42.19
6640,2023-09-22,55.0,Electronics,4.0,441.6,223.81
6641,2023-11-29,33.0,Sports,1.0,322.31,57.81
6642,2023-07-26,20.0,Clothing,1.0,216.49,274.43
6643,2023-09-22,,Beauty,6.0,300.32,233.63
6644,2023-09-03,69.0,Beauty,6.0,195.75,285.22
6645,2023-09-16,20.0,Beauty,1.0,341.85,41.94
6646,2023-01-23,64.0,Beauty,2.0,219.27,212.34
6647,2023-12-27,,Sports,1.0,397.94,248.87
6648,2023-05-22,55.0,Electronics,1.0,402.34,127.25
6649,2023-09-28,48.0,Electronics,4.0,455.47,40.63
6650,2023-04-20,60.0,Beauty,2.0,151.98,148.69
6651,2023-07-09,67.0,Clothing,4.0,498.7,51.52
6652,2023-03-09,58.0,Home,2.0,420.87,234.27
6653,2023-01-06,48.0,Beauty,5.0,,117.06
6654,2023-01-31,43.0,Home,5.0,179.61,298.69
6655,2023-07-26,63.0,Electronics,9.0,65.74,153.42
6656,2023-11-26,41.0,Electronics,5.0,81.72,143.9
6657,2023-12-02,54.0,Electronics,7.0,66.17,169.46
6658,2023-10-16,,Sports,9.0,86.77,26.08
6659,,60.0,Electronics,3.0,359.88,220.46
6660,2023-10-27,29.0,Beauty,6.0,312.65,257.13
6661,2023-11-09,44.0,Clothing,7.0,371.41,70.51
6662,2023-04-19,31.0,Beauty,4.0,162.09,246.45
6663,2023-12-22,53.0,Electronics,1.0,,135.98
6664,2023-07-23,33.0,Beauty,1.0,250.57,204.27
6665,2023-03-01,55.0,Sports,3.0,179.32,271.64
6666,,46.0,Beauty,1.0,89.14,178.56
6667,2023-09-02,34.0,Beauty,4.0,109.66,291.83
6668,2023-03-17,19.0,,5.0,33.83,15.3
6669,2023-03-06,49.0,Sports,7.0,,261.27
6670,2023-02-25,40.0,Beauty,2.0,40.69,
6671,2023-07-09,38.0,Beauty,9.0,411.6,283.78
6672,2023-07-10,19.0,Beauty,3.0,420.8,218.04
6673,2023-09-15,54.0,Beauty,8.0,76.35,193.81
6674,2023-03-31,41.0,Sports,9.0,438.4,113.84
6675,2023-01-10,36.0,Sports,8.0,389.75,117.75
6676,2023-11-22,56.0,Sports,9.0,375.37,230.44
6677,2023-04-23,34.0,Home,3.0,56.38,101.72
6678,2023-03-19,,Clothing,3.0,275.26,31.25
6679,,46.0,Clothing,7.0,457.01,145.4
6680,2023-02-03,62.0,Home,9.0,,146.01
6681,2023-01-22,25.0,Electronics,7.0,287.54,125.54
6682,2023-04-15,28.0,Clothing,3.0,,203.8
6683,,56.0,Clothing,5.0,426.96,24.54
6684,2023-06-21,55.0,Clothing,,404.07,66.84
6685,2023-10-02,63.0,Electronics,7.0,460.94,293.23
6686,2023-07-26,24.0,Clothing,4.0,431.63,220.32
6687,2023-08-30,39.0,Home,6.0,410.66,158.91
6688,2023-06-13,20.0,Home,5.0,243.05,91.2
6689,2023-09-28,62.0,Home,9.0,35.27,295.12
6690,2023-12-18,,Beauty,4.0,161.69,8.71
6691,2023-04-12,,Electronics,4.0,481.72,236.49
6692,2023-12-03,56.0,Beauty,3.0,438.01,211.95
6693,2023-04-22,46.0,Clothing,5.0,330.25,238.37
6694,2023-09-28,57.0,Clothing,3.0,59.07,298.13
6695,2023-07-02,51.0,Home,7.0,352.31,60.38
6696,2023-01-10,38.0,Clothing,6.0,482.79,189.1
6697,2023-10-25,69.0,Clothing,4.0,,236.84
6698,2023-12-17,59.0,Electronics,5.0,285.7,157.69
6699,2023-05-24,55.0,Beauty,3.0,338.05,85.91
6700,2023-08-27,30.0,Sports,9.0,351.52,201.18
6701,2023-09-03,34.0,Beauty,8.0,371.54,45.38
6702,2023-06-01,56.0,,5.0,318.7,
6703,2023-06-07,32.0,Beauty,Unknown,166.21,269.85
6704,2023-02-24,38.0,Electronics,7.0,404.32,146.12
6705,2023-04-18,69.0,Electronics,9.0,354.2,231.23
6706,2023-05-12,25.0,Clothing,3.0,458.92,248.08
6707,2023-07-17,31.0,Sports,9.0,411.76,96.81
6708,2023-09-02,25.0,Home,3.0,237.45,37.83
6709,2023-06-27,54.0,Beauty,1.0,173.37,294.65
6710,2023-10-01,34.0,Electronics,,132.13,82.76
6711,2023-09-18,,Electronics,6.0,132.46,215.43
6712,2023-03-27,58.0,Sports,6.0,448.87,81.85
6713,2023-03-10,37.0,Home,3.0,61.52,68.88
6714,2023-04-01,29.0,Home,4.0,355.64,60.17
6715,2023-12-15,,Sports,9.0,217.36,223.72
6716,,56.0,,2.0,119.03,
6717,2023-10-03,18.0,Home,8.0,115.52,155.66
6718,,57.0,Clothing,5.0,270.86,246.3
6719,2023-07-11,27.0,Sports,1.0,320.62,54.15
6720,2023-04-23,47.0,Home,5.0,301.81,11.94
6721,2023-05-29,45.0,Clothing,2.0,311.16,161.44
6722,2023-08-11,41.0,Sports,4.0,450.73,79.56
6723,2023-07-08,31.0,Clothing,1.0,468.93,103.63
6724,2023-03-31,49.0,Home,3.0,203.31,139.2
6725,2023-06-05,49.0,Beauty,7.0,367.24,288.84
6726,2023-09-11,67.0,,2.0,362.07,182.07
6727,2023-07-19,47.0,Beauty,4.0,381.82,73.64
6728,2023-10-12,,Sports,7.0,475.93,289.81
6729,2023-09-23,,Sports,3.0,55.52,22.2
6730,2023-08-19,50.0,Electronics,7.0,448.24,77.0
6731,2023-10-28,47.0,Clothing,9.0,318.55,116.49
6732,2023-08-27,46.0,Beauty,1.0,314.81,133.5
6733,2023-09-24,49.0,Electronics,6.0,240.91,255.53
6734,2023-05-08,59.0,Home,2.0,499.5,168.36
6735,2023-03-08,59.0,Electronics,,362.85,78.11
6736,2023-05-17,32.0,Clothing,1.0,321.2,14.8
6737,2023-07-30,39.0,Electronics,6.0,434.63,107.01
6738,2023-07-24,28.0,Sports,5.0,228.12,144.71
6739,2023-02-12,63.0,Beauty,9.0,115.53,143.98
6740,2023-07-09,23.0,Beauty,9.0,433.24,282.15
6741,2023-06-15,48.0,Beauty,8.0,17.48,194.11
6742,2023-08-21,27.0,Clothing,5.0,313.62,59.79
6743,2023-09-05,66.0,Beauty,7.0,145.4,222.84
6744,,56.0,Home,7.0,324.63,281.39
6745,2023-01-01,69.0,Sports,8.0,292.84,16.49
6746,2023-09-06,28.0,Electronics,6.0,412.32,113.75
6747,2023-01-30,25.0,Beauty,2.0,451.47,237.35
6748,2023-10-02,69.0,Beauty,5.0,88.48,211.76
6749,2023-12-01,22.0,Beauty,2.0,369.57,267.73
6750,2023-02-13,61.0,Clothing,2.0,138.6,122.63
6751,2023-03-19,68.0,Beauty,7.0,393.31,155.67
6752,2023-01-30,63.0,Beauty,9.0,230.07,54.02
6753,2023-01-13,67.0,Clothing,4.0,452.78,122.69
6754,2023-06-21,49.0,Beauty,4.0,,287.36
6755,2023-09-04,50.0,Beauty,8.0,302.71,282.41
6756,2023-02-14,41.0,Sports,4.0,88.5,147.74
6757,2023-10-18,40.0,Beauty,2.0,202.47,88.73
6758,2023-01-07,62.0,Beauty,3.0,426.51,129.03
6759,2023-04-20,23.0,Electronics,1.0,107.22,
6760,2023-10-29,64.0,Electronics,1.0,98.72,201.39
6761,2023-10-21,57.0,,2.0,99.21,194.74
6762,2023-10-15,69.0,Sports,1.0,89.63,16.57
6763,2023-12-04,68.0,Beauty,2.0,177.83,280.94
6764,,43.0,Beauty,5.0,457.77,276.26
6765,2023-05-30,66.0,Electronics,7.0,174.55,25.79
6766,2023-03-07,68.0,Sports,9.0,113.67,280.17
6767,2023-10-26,53.0,Clothing,3.0,376.52,
6768,2023-07-24,61.0,Clothing,2.0,339.11,263.36
6769,,19.0,Clothing,1.0,324.8,264.71
6770,2023-05-15,41.0,Beauty,9.0,366.79,55.6
6771,2023-03-06,65.0,Beauty,1.0,450.81,123.3
6772,2023-11-30,44.0,Sports,5.0,245.74,293.26
6773,2023-12-26,22.0,,,,59.65
6774,2023-07-11,59.0,Home,6.0,304.65,248.3
6775,2023-03-30,42.0,Sports,8.0,127.35,42.38
6776,2023-05-16,48.0,Beauty,9.0,497.42,270.43
6777,2023-05-29,62.0,Sports,2.0,401.79,270.94
6778,2023-01-08,39.0,,4.0,248.99,162.21
6779,2023-01-16,64.0,Clothing,1.0,261.26,217.66
6780,2023-10-10,41.0,Sports,8.0,29.07,73.5
6781,2023-05-26,33.0,Beauty,4.0,40.73,207.66
6782,2023-11-04,45.0,Home,5.0,490.28,233.95
6783,2023-02-22,19.0,Home,9.0,262.66,87.48
6784,2023-04-14,,Electronics,1.0,85.45,177.15
6785,2023-08-30,35.0,Electronics,3.0,249.97,129.9
6786,,55.0,Sports,3.0,233.78,225.46
6787,2023-12-27,21.0,Sports,4.0,,185.88
6788,2023-02-03,66.0,Beauty,3.0,22.14,
6789,2023-02-28,37.0,Electronics,2.0,24.23,31.36
6790,2023-03-19,69.0,Home,5.0,,146.42
6791,2023-06-15,35.0,Sports,1.0,319.84,
6792,2023-04-22,51.0,Beauty,8.0,40.17,84.75
6793,2023-11-13,,Clothing,6.0,353.11,
6794,2023-06-05,,Electronics,6.0,341.68,24.65
6795,2023-05-16,44.0,,1.0,268.66,240.63
6796,2023-01-18,40.0,Beauty,6.0,62.76,38.36
6797,2023-06-04,48.0,Beauty,8.0,396.39,236.63
6798,2023-09-23,36.0,Sports,8.0,261.75,263.54
6799,2023-01-16,57.0,Home,7.0,183.02,185.18
6800,2023-07-31,26.0,Home,3.0,78.99,103.43
6801,2023-10-10,27.0,Clothing,8.0,365.95,94.32
6802,2023-01-30,53.0,Beauty,3.0,40.75,164.45
6803,2023-11-06,60.0,Sports,2.0,266.87,244.09
6804,2023-11-01,60.0,Clothing,5.0,15.22,103.7
6805,2023-03-20,29.0,Clothing,7.0,444.44,39.41
6806,2023-08-03,41.0,Home,1.0,,177.95
6807,2023-04-13,21.0,Home,6.0,119.36,161.41
6808,2023-11-10,56.0,Electronics,6.0,443.21,50.51
6809,2023-03-23,,Home,2.0,277.27,263.25
6810,,27.0,Electronics,6.0,169.11,207.03
6811,2023-12-01,18.0,Home,9.0,285.16,196.83
6812,2023-02-07,25.0,Electronics,1.0,139.64,206.55
6813,2023-04-27,60.0,Electronics,7.0,85.1,89.53
6814,2023-05-16,42.0,Sports,1.0,27.52,299.23
6815,2023-10-21,20.0,Electronics,4.0,243.73,96.66
6816,2023-10-20,55.0,,6.0,376.12,165.64
6817,2023-05-20,18.0,Home,5.0,192.07,141.19
6818,2023-05-22,,Electronics,5.0,417.95,145.34
6819,2023-10-12,62.0,Clothing,Unknown,213.29,254.24
6820,2023-03-23,43.0,Clothing,4.0,449.16,35.93
6821,2023-09-15,58.0,,3.0,70.53,234.63
6822,2023-10-01,68.0,Sports,6.0,377.88,183.66
6823,,29.0,Home,2.0,69.02,64.29
6824,2023-01-01,40.0,Clothing,8.0,84.82,211.88
6825,2023-08-16,26.0,Clothing,7.0,393.61,214.36
6826,2023-09-11,27.0,Electronics,9.0,23.58,275.55
6827,2023-03-07,27.0,Electronics,3.0,206.24,54.37
6828,,27.0,Electronics,6.0,363.89,206.97
6829,2023-04-05,67.0,Clothing,3.0,127.85,151.06
6830,2023-05-30,55.0,Clothing,9.0,284.44,63.73
6831,2023-08-03,40.0,Home,1.0,480.09,260.46
6832,2023-05-11,28.0,Electronics,9.0,456.42,234.43
6833,2023-04-19,68.0,Beauty,9.0,30.12,78.2
6834,2023-10-22,37.0,,1.0,244.52,136.09
6835,2023-01-18,,Home,,44.84,90.58
6836,2023-05-23,53.0,Home,5.0,,17.12
6837,2023-09-18,34.0,Beauty,9.0,370.33,64.75
6838,2023-11-25,61.0,Home,7.0,499.84,266.87
6839,2023-01-10,37.0,Electronics,2.0,64.13,181.47
6840,2023-11-20,47.0,Home,4.0,349.56,19.85
6841,2023-03-19,47.0,Beauty,7.0,131.03,6.56
6842,2023-04-19,,Beauty,3.0,478.55,196.67
6843,2023-09-20,18.0,Electronics,6.0,248.54,221.41
6844,2023-12-21,25.0,Electronics,5.0,482.29,66.11
6845,2023-12-07,28.0,Electronics,1.0,,185.14
6846,2023-03-26,22.0,Electronics,3.0,46.98,287.8
6847,2023-10-29,38.0,Clothing,9.0,475.66,42.18
6848,2023-09-19,54.0,Home,5.0,280.34,78.84
6849,2023-04-29,19.0,Beauty,8.0,182.89,119.15
6850,2023-07-08,64.0,Beauty,8.0,42.54,153.79
6851,2023-11-20,45.0,Electronics,4.0,278.19,227.9
6852,2023-07-09,57.0,Beauty,9.0,172.71,208.58
6853,2023-03-25,28.0,Clothing,1.0,181.46,7.19
6854,2023-08-25,44.0,Electronics,3.0,,152.38
6855,2023-08-05,53.0,Electronics,6.0,426.66,66.71
6856,2023-12-01,18.0,Home,3.0,468.01,276.67
6857,2023-02-06,,Sports,6.0,478.73,
6858,2023-12-08,26.0,Electronics,3.0,85.42,65.42
6859,2023-02-03,44.0,Home,4.0,435.62,109.02
6860,2023-07-28,69.0,Home,1.0,222.69,141.22
6861,2023-06-01,35.0,Sports,3.0,294.75,153.78
6862,2023-07-18,56.0,Home,3.0,96.97,55.36
6863,2023-11-19,45.0,Electronics,2.0,82.19,28.84
6864,2023-10-12,35.0,Beauty,8.0,349.7,33.82
6865,2023-03-28,40.0,Home,5.0,109.19,192.99
6866,,,Clothing,,258.71,44.74
6867,2023-08-20,20.0,Home,8.0,38.55,92.65
6868,2023-07-11,43.0,Clothing,7.0,348.91,134.26
6869,2023-09-27,69.0,Sports,5.0,434.83,17.61
6870,2023-03-18,34.0,Beauty,7.0,171.0,14.76
6871,2023-06-16,19.0,Home,4.0,313.25,245.16
6872,2023-03-30,58.0,Sports,4.0,,206.12
6873,2023-06-05,42.0,Sports,1.0,324.85,63.62
6874,2023-01-17,20.0,Electronics,8.0,,
6875,2023-11-29,27.0,Home,8.0,476.8,268.33
6876,2023-03-21,65.0,Beauty,7.0,445.56,172.75
6877,2023-07-22,18.0,Home,2.0,488.81,251.5
6878,2023-08-08,69.0,Clothing,8.0,323.97,96.55
6879,2023-12-01,18.0,Electronics,6.0,196.73,108.21
6880,2023-10-25,21.0,Sports,8.0,306.79,170.0
6881,2023-12-31,30.0,Clothing,5.0,326.52,67.25
6882,2023-06-05,27.0,Sports,7.0,228.01,128.11
6883,2023-09-28,28.0,Clothing,5.0,53.37,163.93
6884,2023-01-15,50.0,,4.0,332.14,69.29
6885,2023-11-27,53.0,Electronics,3.0,190.69,205.35
6886,2023-05-12,27.0,Sports,3.0,311.83,251.82
6887,2023-11-04,32.0,Home,7.0,169.26,40.72
6888,2023-08-10,,,3.0,462.88,115.21
6889,2023-10-12,38.0,Electronics,8.0,206.15,213.02
6890,2023-06-06,,Clothing,6.0,108.09,122.96
6891,2023-06-27,36.0,Clothing,6.0,449.44,168.7
6892,2023-06-20,42.0,Electronics,9.0,370.66,278.49
6893,2023-11-28,23.0,Sports,5.0,138.08,90.78
6894,2023-11-03,32.0,Home,4.0,427.77,29.41
6895,2023-03-19,31.0,Electronics,Unknown,351.45,154.37
6896,2023-01-21,,Electronics,3.0,34.21,57.52
6897,2023-12-29,19.0,Sports,3.0,66.33,34.7
6898,2023-05-23,63.0,Clothing,2.0,407.61,192.47
6899,2023-08-02,57.0,Electronics,1.0,100.78,87.67
6900,2023-06-23,65.0,Home,1.0,384.04,37.36
6901,2023-09-07,23.0,Home,3.0,178.76,
6902,2023-10-06,39.0,Home,2.0,326.72,218.56
6903,,27.0,Electronics,6.0,392.74,231.09
6904,2023-06-15,43.0,Sports,4.0,38.71,263.09
6905,2023-09-01,,Electronics,,173.27,246.93
6906,2023-11-19,69.0,Electronics,,59.49,253.12
6907,2023-06-13,,Clothing,8.0,119.06,289.42
6908,2023-04-23,67.0,Beauty,2.0,359.74,53.72
6909,2023-10-28,30.0,Electronics,4.0,392.82,132.04
6910,2023-01-31,63.0,Beauty,3.0,232.29,46.42
6911,2023-07-12,44.0,Electronics,6.0,43.21,27.77
6912,2023-08-20,25.0,,9.0,413.15,69.94
6913,2023-01-15,22.0,Sports,7.0,218.01,119.59
6914,2023-07-28,55.0,Clothing,1.0,226.66,51.73
6915,2023-01-20,54.0,Clothing,,496.34,43.91
6916,2023-02-03,31.0,Sports,3.0,135.25,33.11
6917,2023-06-28,28.0,Electronics,4.0,289.93,263.42
6918,2023-09-17,40.0,Beauty,1.0,171.12,296.8
6919,2023-01-24,54.0,Home,1.0,426.45,27.85
6920,2023-01-26,48.0,Home,8.0,127.52,280.93
6921,2023-11-23,45.0,Sports,9.0,329.3,104.43
6922,2023-01-12,57.0,Beauty,7.0,,211.55
6923,2023-07-27,46.0,Electronics,6.0,260.4,109.97
6924,,32.0,Beauty,,204.41,106.06
6925,2023-10-09,54.0,Electronics,3.0,22.14,255.99
6926,2023-04-30,68.0,Clothing,9.0,104.44,132.57
6927,2023-01-09,40.0,Electronics,4.0,120.38,16.43
6928,2023-09-27,22.0,,1.0,268.27,170.95
6929,2023-01-15,,Beauty,8.0,86.38,258.37
6930,2023-05-07,59.0,Electronics,8.0,459.57,280.71
6931,2023-03-13,45.0,Home,,454.3,218.65
6932,2023-05-29,67.0,Sports,9.0,256.36,283.1
6933,2023-05-27,,Beauty,Unknown,340.06,283.49
6934,2023-12-17,19.0,Sports,5.0,88.29,263.7
6935,2023-09-17,66.0,Home,4.0,,171.45
6936,2023-02-11,31.0,Clothing,,304.23,249.88
6937,,38.0,Sports,7.0,233.46,249.38
6938,2023-09-28,60.0,Clothing,9.0,193.55,161.49
6939,2023-06-23,57.0,,,390.1,141.71
6940,2023-07-18,61.0,Electronics,5.0,414.23,245.89
6941,2023-07-30,35.0,Sports,7.0,94.16,191.71
6942,2023-05-11,19.0,Sports,9.0,488.98,66.11
6943,2023-09-07,48.0,Electronics,5.0,130.52,55.68
6944,2023-02-21,35.0,Beauty,6.0,398.68,130.31
6945,2023-06-05,25.0,Home,Unknown,290.56,211.64
6946,2023-03-31,65.0,Clothing,5.0,71.02,267.68
6947,2023-12-17,30.0,Sports,6.0,493.85,69.08
6948,2023-08-30,37.0,Sports,4.0,360.39,293.01
6949,2023-02-21,44.0,Clothing,1.0,23.59,132.99
6950,2023-10-19,,Sports,6.0,79.74,9.78
6951,2023-06-06,33.0,Clothing,3.0,420.22,122.72
6952,2023-05-30,35.0,Clothing,4.0,,264.13
6953,2023-03-10,64.0,Clothing,4.0,465.74,139.17
6954,2023-01-04,53.0,Electronics,3.0,43.49,43.76
6955,2023-10-25,56.0,Beauty,7.0,474.68,46.25
6956,2023-05-23,35.0,Beauty,2.0,275.27,225.46
6957,2023-01-16,53.0,Beauty,9.0,459.83,
6958,2023-07-20,56.0,Sports,1.0,269.14,218.18
6959,2023-06-11,60.0,Clothing,6.0,386.01,159.98
6960,2023-06-04,40.0,Home,4.0,471.74,234.8
6961,2023-08-31,59.0,Beauty,8.0,106.73,116.55
6962,2023-09-16,33.0,Electronics,4.0,,177.47
6963,2023-12-21,44.0,Sports,5.0,,212.72
6964,2023-07-09,33.0,Sports,1.0,99.66,293.64
6965,2023-12-21,35.0,Electronics,1.0,494.08,21.48
6966,2023-11-16,61.0,Beauty,1.0,168.0,7.81
6967,2023-03-28,51.0,Electronics,6.0,153.13,80.88
6968,2023-07-10,68.0,,4.0,58.16,56.48
6969,2023-06-01,42.0,Clothing,8.0,101.29,170.67
6970,,59.0,Sports,2.0,319.37,201.02
6971,2023-05-18,20.0,Sports,3.0,58.07,258.13
6972,2023-10-15,,Electronics,5.0,47.75,186.66
6973,2023-01-16,31.0,Home,8.0,134.29,291.76
6974,2023-09-04,26.0,Clothing,7.0,261.73,59.85
6975,2023-07-17,54.0,Electronics,8.0,220.88,86.92
6976,2023-10-21,53.0,Home,7.0,291.04,95.85
6977,2023-12-03,69.0,,,79.55,136.87
6978,2023-04-28,56.0,Clothing,3.0,19.01,276.67
6979,2023-07-10,34.0,Electronics,7.0,323.79,97.98
6980,2023-08-04,21.0,Electronics,,242.72,13.47
6981,,58.0,Home,8.0,229.56,296.1
6982,2023-03-15,56.0,,7.0,,280.87
6983,2023-09-09,36.0,Clothing,9.0,420.9,179.04
6984,2023-11-09,55.0,Electronics,7.0,299.96,264.36
6985,2023-08-26,47.0,Electronics,,75.77,263.14
6986,2023-04-03,,Clothing,1.0,27.52,203.37
6987,2023-02-19,47.0,Sports,3.0,390.82,165.95
6988,2023-03-22,35.0,Beauty,7.0,496.66,173.96
6989,2023-08-21,,Home,2.0,390.58,213.74
6990,2023-08-24,60.0,Clothing,4.0,117.09,273.33
6991,2023-11-12,52.0,Electronics,9.0,142.15,119.14
6992,2023-10-28,26.0,Clothing,6.0,368.13,73.69
6993,,59.0,Electronics,,334.74,145.55
6994,2023-02-21,52.0,Electronics,5.0,382.65,166.61
6995,2023-05-11,34.0,Home,7.0,247.16,
6996,,19.0,Sports,3.0,313.66,241.78
6997,2023-08-07,32.0,Clothing,8.0,215.36,275.38
6998,2023-05-25,46.0,Beauty,,316.64,11.27
6999,2023-01-14,62.0,Beauty,8.0,385.56,98.53
7000,2023-07-06,67.0,,6.0,113.98,273.64
7001,2023-12-20,,Home,1.0,368.98,207.08
7002,2023-05-05,24.0,Sports,4.0,345.04,
7003,2023-12-17,65.0,Clothing,5.0,195.54,
7004,2023-03-25,48.0,Home,4.0,84.03,229.95
7005,2023-10-08,21.0,Sports,6.0,18.19,71.31
7006,2023-06-21,20.0,Home,1.0,448.05,130.92
7007,2023-04-13,26.0,Electronics,5.0,26.87,159.72
7008,2023-11-09,36.0,Clothing,8.0,443.0,214.02
7009,2023-10-20,30.0,Clothing,6.0,,295.34
7010,2023-10-09,65.0,Beauty,1.0,22.24,164.31
7011,2023-12-25,41.0,Clothing,3.0,76.4,237.51
7012,2023-01-19,58.0,Sports,8.0,241.98,236.19
7013,2023-10-10,20.0,Home,3.0,218.99,177.02
7014,2023-10-27,67.0,Sports,6.0,177.45,69.76
7015,2023-05-30,19.0,Sports,Unknown,258.92,214.6
7016,2023-03-28,65.0,Home,3.0,263.71,101.91
7017,2023-04-08,27.0,Electronics,1.0,375.1,274.43
7018,2023-05-12,44.0,Home,2.0,396.43,59.52
7019,2023-04-07,21.0,Clothing,3.0,109.64,212.44
7020,2023-12-22,38.0,Sports,3.0,358.67,122.07
7021,,65.0,Beauty,5.0,259.63,175.31
7022,2023-06-11,38.0,Clothing,9.0,192.65,26.67
7023,2023-07-04,30.0,Beauty,8.0,120.77,156.11
7024,2023-02-24,,Home,7.0,124.8,
7025,2023-04-27,41.0,Sports,3.0,168.93,63.82
7026,2023-07-23,67.0,Sports,7.0,407.12,229.43
7027,2023-07-08,43.0,Beauty,3.0,41.38,230.2
7028,2023-03-25,28.0,Sports,3.0,141.66,66.75
7029,2023-10-01,28.0,Beauty,1.0,275.35,218.05
7030,2023-06-30,21.0,Sports,3.0,134.92,
7031,2023-10-14,56.0,Sports,5.0,136.63,202.23
7032,2023-05-09,62.0,Sports,3.0,116.6,190.67
7033,2023-06-11,59.0,Sports,4.0,332.45,178.38
7034,2023-06-30,46.0,Clothing,5.0,473.2,38.29
7035,2023-10-01,53.0,Clothing,9.0,246.96,40.81
7036,2023-09-17,53.0,Clothing,7.0,130.38,265.57
7037,2023-04-26,23.0,Electronics,8.0,248.27,221.55
7038,2023-11-29,45.0,Beauty,,425.22,111.22
7039,2023-07-30,29.0,Clothing,6.0,229.43,245.34
7040,2023-12-05,29.0,Home,4.0,254.48,222.4
7041,2023-06-17,42.0,Clothing,5.0,10.41,107.14
7042,2023-03-27,68.0,Sports,1.0,18.82,103.13
7043,2023-10-31,,Beauty,7.0,,36.9
7044,2023-11-01,50.0,Electronics,4.0,,183.68
7045,2023-10-28,,Beauty,5.0,80.37,195.78
7046,2023-09-02,63.0,Clothing,4.0,250.23,130.76
7047,2023-07-20,,Clothing,1.0,69.81,258.57
7048,2023-05-26,,Electronics,2.0,123.23,139.72
7049,2023-06-24,29.0,Clothing,1.0,135.87,248.0
7050,2023-12-31,,Beauty,2.0,,254.07
7051,2023-12-29,59.0,Beauty,5.0,247.02,179.92
7052,2023-02-20,29.0,Sports,5.0,369.83,34.29
7053,2023-06-02,41.0,Sports,8.0,424.18,149.44
7054,2023-05-25,55.0,Beauty,3.0,258.7,157.67
7055,2023-06-04,41.0,Electronics,9.0,187.18,177.84
7056,,23.0,Electronics,8.0,344.86,284.58
7057,,21.0,Clothing,9.0,32.5,115.91
7058,,,Electronics,3.0,,212.36
7059,2023-02-03,,Clothing,7.0,474.93,81.87
7060,2023-08-27,53.0,Home,7.0,69.87,267.2
7061,2023-01-05,48.0,Sports,8.0,309.16,25.92
7062,,37.0,Sports,5.0,312.08,241.98
7063,2023-08-02,53.0,Sports,6.0,123.19,13.51
7064,2023-11-14,41.0,Electronics,8.0,457.94,239.29
7065,2023-08-29,57.0,Electronics,5.0,358.75,238.72
7066,2023-04-02,21.0,Beauty,1.0,317.66,203.76
7067,2023-08-17,37.0,Home,8.0,304.14,124.96
7068,2023-10-16,41.0,Beauty,4.0,299.12,235.42
7069,2023-06-25,22.0,Beauty,6.0,251.08,182.43
7070,2023-12-30,69.0,Clothing,3.0,,19.98
7071,2023-08-29,38.0,Beauty,7.0,482.44,38.47
7072,,25.0,Clothing,2.0,69.06,40.37
7073,2023-03-12,42.0,Beauty,2.0,24.19,221.51
7074,2023-12-19,53.0,Home,3.0,493.46,225.98
7075,2023-01-11,69.0,Clothing,1.0,132.62,222.76
7076,2023-07-15,62.0,Clothing,7.0,340.36,78.99
7077,2023-08-08,52.0,Home,3.0,367.5,281.21
7078,2023-06-23,24.0,,2.0,492.94,291.53
7079,2023-09-17,30.0,Sports,5.0,137.02,49.3
7080,2023-01-29,43.0,Clothing,6.0,480.4,14.11
7081,2023-10-12,32.0,Electronics,3.0,121.52,84.29
7082,2023-03-11,56.0,Clothing,7.0,342.94,118.96
7083,2023-08-19,64.0,Beauty,9.0,162.52,177.81
7084,2023-06-21,36.0,Sports,7.0,71.3,125.12
7085,2023-09-21,67.0,Sports,1.0,143.97,202.47
7086,2023-07-24,29.0,Clothing,4.0,13.82,152.57
7087,2023-08-01,63.0,Beauty,1.0,351.25,136.38
7088,2023-04-10,18.0,Beauty,8.0,106.59,64.85
7089,2023-11-04,18.0,Electronics,2.0,186.95,156.38
7090,2023-02-05,19.0,Clothing,1.0,449.43,66.16
7091,2023-07-02,33.0,Sports,,169.47,264.8
7092,2023-06-14,61.0,Clothing,6.0,225.39,246.58
7093,2023-08-26,61.0,Sports,5.0,348.42,288.69
7094,2023-06-16,,Sports,1.0,67.16,18.19
7095,2023-01-30,54.0,Clothing,6.0,92.26,57.83
7096,2023-04-16,37.0,Home,7.0,488.52,92.31
7097,2023-11-26,49.0,Home,8.0,350.42,280.64
7098,2023-06-03,61.0,Home,5.0,100.47,162.82
7099,2023-07-16,,Electronics,3.0,467.4,134.64
7100,2023-01-18,41.0,Electronics,1.0,408.75,75.25
7101,2023-09-21,69.0,Clothing,6.0,334.38,246.29
7102,2023-05-25,63.0,Sports,4.0,276.03,269.59
7103,2023-12-01,19.0,Electronics,5.0,364.6,15.47
7104,2023-03-04,20.0,Clothing,1.0,434.1,61.29
7105,2023-03-25,43.0,Electronics,2.0,218.45,170.9
7106,,51.0,Sports,3.0,74.04,94.01
7107,2023-05-01,53.0,Electronics,8.0,168.82,224.25
7108,2023-05-08,37.0,Home,5.0,292.65,237.49
7109,2023-10-15,,Beauty,2.0,429.2,152.16
7110,2023-06-29,,Clothing,4.0,212.39,98.06
7111,2023-01-13,65.0,Sports,1.0,177.35,155.9
7112,2023-09-27,21.0,Electronics,7.0,439.53,167.35
7113,2023-03-11,50.0,Home,3.0,120.96,220.64
7114,2023-03-30,26.0,,7.0,252.33,122.84
7115,2023-08-05,40.0,Electronics,5.0,,54.21
7116,2023-02-01,41.0,Sports,8.0,425.9,216.33
7117,2023-02-01,66.0,Sports,4.0,279.99,254.68
7118,2023-12-13,47.0,Beauty,7.0,422.68,204.85
7119,2023-10-06,57.0,Clothing,6.0,56.27,227.92
7120,2023-01-30,65.0,Electronics,1.0,438.0,78.7
7121,2023-05-24,,Clothing,9.0,62.02,215.83
7122,2023-12-23,24.0,Sports,4.0,461.07,286.44
7123,2023-10-08,33.0,Clothing,2.0,107.14,94.03
7124,2023-12-19,63.0,Electronics,4.0,434.07,27.26
7125,2023-12-03,58.0,Beauty,9.0,427.6,157.69
7126,2023-07-05,20.0,Electronics,8.0,235.98,77.14
7127,2023-09-17,48.0,Home,8.0,420.4,113.15
7128,2023-05-15,44.0,Electronics,4.0,466.04,
7129,2023-01-09,39.0,Home,3.0,260.39,188.37
7130,2023-10-16,34.0,Sports,5.0,363.66,256.17
7131,2023-11-17,37.0,Electronics,5.0,72.89,71.55
7132,2023-10-17,48.0,Sports,9.0,189.29,51.86
7133,2023-03-29,25.0,Electronics,1.0,370.41,75.15
7134,2023-07-11,,Clothing,8.0,111.21,157.46
7135,2023-05-17,21.0,Electronics,1.0,450.97,45.69
7136,2023-07-07,20.0,Home,1.0,,63.48
7137,2023-01-04,26.0,Clothing,2.0,29.24,83.17
7138,2023-09-20,64.0,Sports,2.0,432.51,225.54
7139,2023-01-24,58.0,Clothing,5.0,120.1,112.86
7140,2023-08-17,52.0,Sports,4.0,275.67,248.0
7141,2023-06-21,30.0,Home,,359.97,223.49
7142,2023-10-02,,Sports,7.0,432.76,297.69
7143,2023-08-02,32.0,Electronics,9.0,295.45,222.69
7144,2023-06-07,33.0,Home,,67.07,47.07
7145,2023-05-29,23.0,Sports,2.0,25.65,149.99
7146,2023-08-17,69.0,,1.0,94.29,111.76
7147,2023-02-27,29.0,Clothing,9.0,103.64,78.9
7148,2023-07-06,44.0,Clothing,3.0,69.36,45.27
7149,2023-02-17,32.0,Home,,58.47,113.36
7150,2023-08-03,36.0,Home,7.0,352.28,160.21
7151,2023-12-24,64.0,Clothing,6.0,378.65,123.89
7152,2023-01-25,,Clothing,8.0,192.97,147.8
7153,2023-08-10,50.0,Electronics,1.0,,12.11
7154,2023-02-18,57.0,Beauty,9.0,452.2,285.93
7155,2023-06-24,27.0,Clothing,3.0,354.61,136.84
7156,2023-10-01,38.0,Sports,1.0,455.02,8.79
7157,2023-07-28,38.0,Home,6.0,299.2,86.88
7158,2023-01-07,62.0,Clothing,8.0,390.19,18.54
7159,2023-11-21,45.0,Electronics,1.0,438.56,59.48
7160,2023-02-11,,Beauty,1.0,211.33,163.93
7161,2023-07-21,53.0,Beauty,2.0,443.76,196.02
7162,2023-11-28,41.0,Beauty,9.0,497.11,140.0
7163,2023-05-05,65.0,Beauty,7.0,358.3,273.65
7164,2023-02-21,41.0,Home,3.0,249.05,115.34
7165,2023-12-27,62.0,Home,9.0,,222.28
7166,2023-07-24,18.0,Sports,6.0,228.75,146.87
7167,2023-04-14,38.0,Sports,8.0,448.31,296.15
7168,2023-10-31,,Home,8.0,260.61,125.91
7169,2023-05-24,21.0,Home,8.0,43.81,200.57
7170,2023-02-22,63.0,Home,6.0,65.91,186.01
7171,2023-03-09,37.0,Home,4.0,106.49,283.63
7172,2023-05-18,19.0,,9.0,266.27,279.28
7173,2023-12-18,42.0,,9.0,11.7,281.45
7174,2023-12-13,56.0,Sports,5.0,338.18,18.29
7175,2023-06-04,41.0,Clothing,2.0,426.44,108.66
7176,2023-03-09,33.0,Electronics,4.0,315.2,229.0
7177,2023-08-01,21.0,Beauty,,110.01,134.69
7178,2023-12-17,66.0,Home,4.0,308.46,197.52
7179,2023-08-04,19.0,Clothing,5.0,146.33,145.84
7180,2023-11-26,,Sports,7.0,217.69,159.71
7181,2023-04-24,,Home,4.0,,196.29
7182,2023-01-25,60.0,Home,2.0,34.24,181.12
7183,2023-05-25,57.0,Clothing,8.0,436.27,263.59
7184,2023-07-17,47.0,Electronics,4.0,81.98,141.36
7185,,,,9.0,408.64,154.46
7186,2023-03-26,31.0,Sports,1.0,173.91,
7187,2023-09-10,61.0,Electronics,8.0,311.54,275.1
7188,2023-08-11,42.0,Sports,1.0,73.68,55.3
7189,2023-09-21,58.0,Beauty,8.0,186.21,5.9
7190,2023-03-02,37.0,Home,7.0,234.93,202.21
7191,2023-09-16,24.0,Clothing,3.0,14.45,133.02
7192,2023-01-07,26.0,Beauty,5.0,327.26,85.43
7193,,40.0,Clothing,2.0,58.29,113.79
7194,,29.0,Clothing,Unknown,92.2,139.9
7195,2023-01-15,39.0,Electronics,1.0,280.79,294.61
7196,2023-01-13,,Electronics,1.0,28.94,125.17
7197,2023-09-20,36.0,Home,2.0,69.76,15.04
7198,,37.0,Home,5.0,176.04,54.64
7199,2023-08-19,64.0,Beauty,7.0,262.02,117.0
7200,2023-01-22,,Sports,5.0,46.43,289.04
7201,2023-04-28,18.0,Sports,3.0,,66.01
7202,2023-07-12,53.0,Sports,4.0,204.4,138.95
7203,2023-07-14,60.0,Clothing,9.0,246.31,114.47
7204,2023-08-27,63.0,Electronics,3.0,209.02,83.73
7205,2023-09-01,60.0,Beauty,1.0,159.15,132.72
7206,2023-03-18,42.0,Beauty,1.0,82.86,184.4
7207,2023-03-03,26.0,Electronics,1.0,333.82,61.2
7208,2023-10-01,45.0,Sports,7.0,462.28,
7209,2023-01-01,51.0,Sports,9.0,472.15,85.51
7210,2023-09-13,26.0,Beauty,3.0,448.51,205.04
7211,2023-06-22,38.0,Clothing,2.0,107.19,200.38
7212,2023-10-21,,Electronics,9.0,156.52,190.35
7213,2023-12-04,61.0,Beauty,1.0,88.04,8.03
7214,2023-12-15,,Home,4.0,115.93,216.74
7215,2023-05-14,44.0,Sports,5.0,19.15,96.28
7216,2023-03-07,32.0,Sports,6.0,488.38,80.21
7217,2023-12-08,30.0,Clothing,8.0,408.54,253.13
7218,2023-06-08,49.0,Beauty,1.0,17.29,165.09
7219,2023-01-15,,Beauty,9.0,473.79,207.91
7220,2023-01-27,63.0,Home,3.0,268.69,247.63
7221,2023-03-08,47.0,Home,3.0,436.73,194.88
7222,2023-08-03,43.0,Home,6.0,209.15,247.39
7223,2023-10-17,51.0,Sports,4.0,,22.28
7224,2023-02-08,48.0,Sports,3.0,327.87,33.09
7225,2023-07-25,38.0,Home,3.0,127.12,278.83
7226,2023-02-12,57.0,Home,2.0,147.04,172.52
7227,2023-09-16,35.0,,3.0,40.08,297.72
7228,2023-11-15,,Home,8.0,150.97,184.02
7229,2023-10-01,60.0,Electronics,6.0,402.72,218.35
7230,2023-07-09,,Sports,7.0,88.4,33.81
7231,2023-10-29,57.0,Clothing,6.0,294.62,177.08
7232,2023-11-27,41.0,Sports,6.0,181.63,64.47
7233,2023-10-09,66.0,Electronics,3.0,174.44,263.32
7234,,36.0,,2.0,492.51,163.54
7235,2023-03-14,,Clothing,,398.56,253.37
7236,2023-06-20,33.0,Clothing,2.0,186.44,16.16
7237,2023-07-29,58.0,Home,6.0,180.24,247.8
7238,2023-12-04,23.0,Beauty,4.0,136.02,84.1
7239,2023-12-08,67.0,Electronics,3.0,262.12,
7240,2023-09-22,45.0,Electronics,8.0,288.76,185.5
7241,2023-09-25,56.0,Home,8.0,496.54,8.35
7242,2023-11-14,68.0,Clothing,2.0,132.85,117.05
7243,2023-11-25,67.0,Home,6.0,69.4,228.93
7244,2023-07-01,,Beauty,9.0,230.78,234.75
7245,2023-09-30,45.0,,7.0,70.26,108.34
7246,2023-01-24,66.0,Home,1.0,400.4,9.61
7247,2023-04-02,34.0,Electronics,6.0,357.88,277.2
7248,2023-05-29,44.0,Electronics,9.0,69.48,67.96
7249,2023-02-22,50.0,,,182.47,267.01
7250,2023-09-22,28.0,Home,5.0,403.88,116.09
7251,2023-11-03,65.0,Clothing,6.0,375.03,67.88
7252,2023-02-04,68.0,Sports,2.0,280.34,174.63
7253,2023-07-16,45.0,Beauty,3.0,131.0,69.73
7254,2023-07-21,28.0,Home,8.0,216.26,150.93
7255,2023-08-11,42.0,Electronics,6.0,169.78,294.58
7256,2023-01-18,42.0,Sports,3.0,31.33,126.04
7257,2023-09-14,54.0,Home,8.0,395.58,175.32
7258,2023-11-03,44.0,,3.0,168.7,154.88
7259,2023-10-19,30.0,,1.0,386.17,153.74
7260,2023-12-07,29.0,Sports,5.0,106.75,51.01
7261,2023-07-31,26.0,Beauty,1.0,249.22,299.36
7262,2023-04-10,,Beauty,2.0,360.09,219.5
7263,2023-09-20,36.0,Clothing,1.0,110.17,259.23
7264,2023-06-27,62.0,Electronics,9.0,38.24,10.67
7265,2023-04-30,42.0,Home,7.0,16.25,
7266,2023-10-29,34.0,Beauty,7.0,298.24,129.15
7267,2023-03-16,20.0,Clothing,3.0,383.76,128.2
7268,2023-07-09,49.0,Beauty,2.0,356.87,143.81
7269,2023-04-13,50.0,Home,5.0,,91.5
7270,2023-04-09,,Clothing,9.0,311.07,101.04
7271,2023-12-29,21.0,Beauty,6.0,254.27,72.2
7272,2023-06-30,,Electronics,9.0,426.35,192.01
7273,2023-07-09,40.0,Electronics,1.0,204.11,87.35
7274,2023-03-09,37.0,Home,8.0,451.01,188.39
7275,2023-03-07,55.0,Electronics,6.0,474.47,133.18
7276,2023-05-03,49.0,Beauty,7.0,432.14,
7277,2023-05-03,62.0,Sports,5.0,420.67,244.47
7278,2023-10-28,69.0,,1.0,308.08,167.12
7279,2023-03-08,24.0,Clothing,4.0,447.54,59.88
7280,2023-12-28,24.0,Electronics,6.0,474.91,175.13
7281,2023-03-23,50.0,,8.0,245.88,186.34
7282,2023-05-11,49.0,,,336.43,45.07
7283,2023-09-07,30.0,Home,9.0,277.84,173.22
7284,2023-03-13,66.0,Electronics,2.0,486.13,298.15
7285,2023-06-09,20.0,Electronics,8.0,112.26,122.76
7286,2023-08-20,69.0,Home,1.0,316.42,183.73
7287,2023-09-20,63.0,Home,8.0,286.04,72.33
7288,2023-09-03,65.0,Home,6.0,56.06,249.24
7289,2023-10-11,32.0,Home,1.0,82.32,297.44
7290,,29.0,Beauty,7.0,91.49,109.53
7291,2023-12-08,49.0,Electronics,3.0,495.94,81.9
7292,2023-10-16,44.0,Beauty,,287.09,257.05
7293,2023-09-27,40.0,Sports,9.0,,23.13
7294,2023-03-02,20.0,Home,8.0,343.31,118.13
7295,2023-09-29,42.0,Clothing,2.0,27.67,160.51
7296,2023-05-13,41.0,Sports,6.0,318.0,242.03
7297,2023-10-21,59.0,Beauty,1.0,,200.94
7298,2023-02-07,18.0,,1.0,210.58,37.32
7299,2023-11-15,27.0,Sports,1.0,319.59,
7300,,58.0,Electronics,1.0,496.87,202.23
7301,2023-02-28,21.0,Clothing,3.0,82.68,
7302,2023-08-06,62.0,Beauty,,216.07,49.69
7303,2023-02-24,18.0,Sports,2.0,225.03,225.15
7304,2023-03-26,41.0,Home,3.0,249.47,184.43
7305,2023-04-25,23.0,Clothing,1.0,255.92,139.89
7306,2023-10-20,68.0,Electronics,1.0,327.47,106.44
7307,2023-10-02,51.0,Electronics,4.0,444.36,231.64
7308,2023-12-09,46.0,Electronics,6.0,183.96,70.49
7309,2023-06-29,63.0,Electronics,4.0,324.47,116.2
7310,2023-05-13,41.0,Electronics,1.0,353.86,164.3
7311,2023-05-14,32.0,Sports,6.0,331.68,50.28
7312,2023-08-29,21.0,Sports,9.0,304.77,219.37
7313,2023-01-04,58.0,Home,7.0,102.95,75.44
7314,2023-06-14,27.0,Beauty,1.0,195.98,290.16
7315,2023-05-08,40.0,Clothing,5.0,153.44,101.5
7316,2023-08-23,29.0,Electronics,9.0,392.13,104.7
7317,2023-08-25,24.0,Sports,1.0,419.78,253.03
7318,2023-06-05,60.0,Sports,5.0,211.58,126.82
7319,2023-03-22,67.0,Clothing,2.0,179.51,142.2
7320,,62.0,Electronics,5.0,347.78,52.61
7321,2023-03-04,47.0,Electronics,1.0,231.22,293.59
7322,2023-04-26,47.0,Electronics,1.0,201.85,38.6
7323,2023-01-07,65.0,Electronics,5.0,310.44,108.5
7324,2023-01-03,54.0,Sports,9.0,365.5,76.59
7325,2023-02-25,46.0,Beauty,2.0,91.53,42.01
7326,2023-03-02,56.0,Beauty,2.0,279.07,296.43
7327,2023-05-02,58.0,Beauty,9.0,470.12,129.06
7328,2023-01-01,66.0,Home,2.0,,47.4
7329,2023-02-07,35.0,Clothing,,49.93,272.6
7330,2023-12-11,60.0,Clothing,3.0,449.11,271.05
7331,2023-07-09,44.0,Electronics,6.0,22.66,51.63
7332,2023-01-17,34.0,Electronics,8.0,464.0,52.66
7333,2023-11-12,41.0,Sports,5.0,470.45,33.43
7334,2023-07-28,,Beauty,5.0,488.68,51.59
7335,2023-02-10,45.0,Electronics,7.0,57.85,159.72
7336,2023-04-25,33.0,Electronics,8.0,359.1,6.81
7337,2023-12-11,,Beauty,9.0,371.58,101.92
7338,2023-11-12,19.0,Clothing,9.0,428.37,268.46
7339,2023-10-29,31.0,Electronics,3.0,471.74,57.43
7340,2023-01-17,23.0,Sports,4.0,358.02,27.12
7341,2023-10-19,26.0,Clothing,7.0,390.24,130.89
7342,2023-01-16,34.0,Clothing,8.0,252.83,233.63
7343,2023-10-08,29.0,Clothing,8.0,,81.14
7344,2023-05-07,60.0,Beauty,4.0,215.99,62.72
7345,2023-05-09,18.0,Electronics,7.0,494.5,21.64
7346,2023-08-20,32.0,Home,8.0,274.54,56.35
7347,2023-07-14,,Electronics,8.0,121.28,79.54
7348,2023-04-13,66.0,Electronics,2.0,431.85,121.58
7349,2023-06-07,37.0,Clothing,6.0,125.68,24.28
7350,2023-10-05,65.0,Electronics,7.0,496.3,237.63
7351,2023-01-04,55.0,Sports,2.0,249.85,219.15
7352,2023-08-05,37.0,Clothing,6.0,230.23,240.43
7353,2023-03-15,50.0,Electronics,2.0,459.19,122.18
7354,2023-04-03,28.0,Sports,4.0,156.82,186.29
7355,2023-11-17,63.0,Electronics,7.0,223.39,67.25
7356,2023-10-30,64.0,Clothing,9.0,363.43,132.4
7357,2023-10-05,68.0,Clothing,2.0,275.64,64.36
7358,2023-08-06,35.0,Home,3.0,292.12,168.6
7359,2023-04-05,48.0,Electronics,7.0,327.79,293.33
7360,2023-04-17,22.0,Sports,4.0,362.55,14.35
7361,2023-01-14,56.0,Sports,7.0,410.3,225.22
7362,2023-06-01,33.0,Sports,7.0,428.64,50.98
7363,2023-08-03,,Sports,1.0,425.14,138.58
7364,2023-05-23,26.0,Home,6.0,345.78,69.71
7365,2023-06-16,24.0,Clothing,6.0,79.14,231.87
7366,2023-07-11,32.0,Electronics,4.0,283.29,99.74
7367,2023-07-04,23.0,Electronics,9.0,,263.9
7368,2023-04-20,52.0,Beauty,6.0,191.04,177.24
7369,,25.0,Home,1.0,386.96,257.77
7370,2023-05-02,47.0,Home,5.0,397.21,95.78
7371,2023-04-06,47.0,Beauty,5.0,186.32,172.82
7372,2023-03-08,33.0,Clothing,5.0,321.67,98.46
7373,2023-01-15,,,6.0,388.68,60.2
7374,2023-10-01,,Clothing,4.0,149.48,77.06
7375,2023-11-28,54.0,Sports,1.0,193.26,99.14
7376,2023-06-01,22.0,Home,5.0,178.15,129.0
7377,2023-01-15,46.0,Home,9.0,294.77,
7378,2023-12-20,43.0,Home,3.0,19.96,87.04
7379,2023-07-11,29.0,Home,2.0,314.95,265.58
7380,2023-11-20,60.0,Home,9.0,172.83,104.87
7381,2023-05-16,27.0,,9.0,279.09,233.12
7382,2023-01-07,59.0,Home,1.0,468.62,36.37
7383,2023-01-30,53.0,Clothing,3.0,57.76,47.89
7384,2023-03-20,57.0,Sports,5.0,83.37,102.88
7385,,23.0,Home,2.0,46.92,34.74
7386,2023-03-15,44.0,Clothing,7.0,325.9,113.63
7387,,41.0,Sports,5.0,23.1,163.23
7388,2023-01-25,20.0,,8.0,314.4,42.9
7389,2023-01-02,39.0,Electronics,9.0,35.16,53.03
7390,,34.0,Sports,4.0,381.67,275.66
7391,2023-03-13,23.0,Home,9.0,272.84,180.69
7392,2023-04-04,,Beauty,2.0,233.09,153.28
7393,2023-12-09,18.0,Home,7.0,205.25,167.99
7394,2023-08-09,20.0,Beauty,,237.92,128.42
7395,2023-02-21,31.0,Beauty,8.0,138.49,122.92
7396,2023-07-01,24.0,Home,5.0,16.66,39.22
7397,2023-04-25,60.0,Beauty,,490.58,29.54
7398,2023-03-04,41.0,Clothing,1.0,114.19,293.94
7399,2023-08-14,18.0,Home,4.0,,188.29
7400,2023-01-31,27.0,Beauty,4.0,496.43,75.09
7401,2023-01-24,18.0,Home,,59.66,167.54
7402,2023-07-30,21.0,Clothing,5.0,94.93,250.54
7403,2023-09-12,65.0,Sports,2.0,428.24,295.49
7404,2023-06-09,61.0,Clothing,4.0,,231.22
7405,2023-12-23,61.0,Electronics,6.0,37.71,292.46
7406,2023-08-30,27.0,Electronics,6.0,23.09,112.84
7407,2023-04-07,45.0,Sports,1.0,283.58,99.9
7408,2023-02-26,68.0,Electronics,3.0,236.28,143.79
7409,2023-07-18,53.0,Clothing,7.0,92.15,233.25
7410,2023-01-02,41.0,Electronics,8.0,326.2,97.32
7411,2023-10-15,28.0,Clothing,7.0,179.4,261.56
7412,2023-08-06,20.0,Home,4.0,328.9,24.69
7413,2023-04-15,46.0,Home,3.0,488.23,265.75
7414,2023-05-07,31.0,,2.0,218.55,105.19
7415,2023-09-09,65.0,Electronics,3.0,406.89,93.67
7416,2023-12-19,46.0,Home,3.0,261.38,267.52
7417,2023-11-15,28.0,Clothing,4.0,439.09,140.2
7418,2023-10-04,66.0,Beauty,8.0,346.38,5.26
7419,2023-12-07,43.0,Home,2.0,170.9,133.6
7420,2023-12-02,,Beauty,1.0,403.86,298.7
7421,2023-07-09,67.0,Sports,9.0,309.62,117.55
7422,2023-07-17,66.0,Electronics,4.0,205.03,295.32
7423,2023-12-02,48.0,Beauty,,322.99,108.75
7424,,41.0,Beauty,9.0,36.74,141.91
7425,2023-05-01,25.0,Home,4.0,122.01,286.83
7426,2023-09-19,45.0,Clothing,8.0,378.49,97.55
7427,2023-11-08,33.0,Home,8.0,12.12,172.66
7428,2023-05-09,40.0,Electronics,8.0,20.04,94.31
7429,2023-12-22,58.0,Home,5.0,119.82,53.22
7430,2023-11-24,48.0,Home,1.0,485.86,255.94
7431,2023-02-20,53.0,Clothing,4.0,329.15,121.02
7432,2023-03-15,59.0,Home,5.0,358.82,35.44
7433,2023-07-18,20.0,Home,4.0,408.07,181.0
7434,2023-01-12,49.0,Clothing,1.0,118.35,79.27
7435,2023-03-22,28.0,Electronics,5.0,33.82,188.92
7436,,51.0,Sports,4.0,372.36,36.23
7437,2023-02-17,22.0,,4.0,135.34,105.83
7438,2023-02-04,52.0,Beauty,1.0,386.37,8.95
7439,2023-11-11,69.0,Electronics,9.0,111.26,53.4
7440,2023-02-05,36.0,Home,2.0,,141.39
7441,2023-08-31,61.0,Clothing,3.0,392.19,246.27
7442,2023-04-17,24.0,Sports,1.0,11.17,23.15
7443,2023-06-29,26.0,Home,4.0,337.05,
7444,2023-07-23,60.0,,7.0,440.97,215.52
7445,2023-03-04,43.0,Home,8.0,408.89,160.26
7446,2023-11-03,48.0,Beauty,4.0,130.1,217.48
7447,,44.0,Electronics,7.0,99.0,103.78
7448,2023-04-07,23.0,Sports,2.0,465.68,230.82
7449,2023-05-05,69.0,Sports,6.0,,
7450,2023-12-15,41.0,Home,1.0,192.93,
7451,2023-01-24,49.0,Home,6.0,170.92,254.6
7452,2023-11-11,65.0,Beauty,2.0,406.49,193.33
7453,2023-01-10,42.0,Sports,8.0,109.37,
7454,2023-08-03,26.0,,3.0,215.37,260.97
7455,2023-09-24,37.0,Home,3.0,91.86,241.73
7456,2023-04-24,28.0,Clothing,5.0,422.02,140.33
7457,2023-09-02,,Clothing,7.0,33.35,144.79
7458,2023-08-28,60.0,Home,4.0,395.89,29.05
7459,2023-08-20,25.0,Sports,3.0,52.79,5.85
7460,2023-07-09,57.0,Sports,4.0,159.58,
7461,2023-03-07,,Clothing,,248.87,
7462,2023-10-06,19.0,Beauty,1.0,497.33,298.65
7463,2023-01-16,19.0,Beauty,8.0,478.2,42.03
7464,2023-08-08,59.0,Beauty,4.0,24.54,
7465,2023-09-25,41.0,Sports,2.0,157.9,110.52
7466,,39.0,Sports,5.0,70.88,115.69
7467,2023-01-20,31.0,Beauty,6.0,310.99,250.6
7468,2023-12-01,43.0,Beauty,8.0,252.8,131.78
7469,2023-04-18,62.0,Electronics,3.0,,182.61
7470,2023-04-06,40.0,Sports,8.0,455.1,100.94
7471,2023-06-13,32.0,Electronics,7.0,46.07,261.97
7472,2023-05-23,29.0,Electronics,9.0,60.88,99.62
7473,2023-08-26,34.0,Sports,2.0,309.09,230.08
7474,2023-04-01,36.0,Beauty,8.0,55.98,272.53
7475,2023-12-08,38.0,Electronics,5.0,165.16,184.98
7476,2023-07-17,41.0,Beauty,8.0,173.26,102.04
7477,2023-01-01,57.0,Sports,2.0,183.27,264.62
7478,2023-11-28,57.0,Beauty,5.0,24.51,266.15
7479,2023-06-02,52.0,Beauty,7.0,333.34,162.46
7480,2023-03-02,58.0,Sports,7.0,231.4,279.46
7481,2023-10-01,35.0,Home,3.0,178.67,
7482,2023-09-03,37.0,Home,3.0,19.7,
7483,2023-10-24,44.0,Beauty,5.0,191.91,223.19
7484,2023-07-01,59.0,Electronics,6.0,308.47,282.91
7485,2023-07-26,,Home,7.0,206.45,76.67
7486,2023-01-22,57.0,Electronics,5.0,187.86,131.42
7487,2023-05-10,42.0,Sports,8.0,396.67,238.35
7488,2023-11-19,,Home,3.0,148.55,32.76
7489,2023-02-24,44.0,Beauty,2.0,215.41,59.7
7490,2023-01-26,37.0,Sports,6.0,39.73,120.88
7491,2023-07-16,42.0,Home,4.0,95.39,34.24
7492,2023-11-08,35.0,,5.0,468.27,174.94
7493,2023-10-17,,Clothing,3.0,205.22,285.67
7494,2023-02-25,18.0,Sports,8.0,288.56,257.38
7495,2023-11-02,21.0,Sports,5.0,80.74,55.78
7496,2023-06-02,47.0,Home,3.0,315.71,89.13
7497,2023-04-21,46.0,Electronics,6.0,224.76,196.11
7498,2023-07-23,43.0,Beauty,6.0,97.93,165.52
7499,2023-09-15,25.0,Electronics,5.0,40.88,186.76
7500,2023-12-16,,Clothing,1.0,267.89,196.33
7501,2023-06-15,24.0,Sports,4.0,362.56,32.89
7502,2023-10-07,44.0,Sports,,431.12,174.93
7503,2023-09-06,44.0,Sports,Unknown,195.15,167.29
7504,2023-07-10,57.0,,1.0,54.91,287.53
7505,2023-03-19,47.0,Sports,3.0,490.69,70.57
7506,2023-12-02,55.0,Home,9.0,334.48,
7507,2023-07-02,56.0,Clothing,9.0,356.28,225.17
7508,2023-11-13,57.0,Clothing,4.0,427.59,142.55
7509,2023-12-05,47.0,Clothing,,403.7,150.82
7510,2023-04-10,41.0,Beauty,9.0,93.38,46.49
7511,,36.0,Clothing,7.0,446.91,109.25
7512,2023-10-14,30.0,Beauty,3.0,407.57,
7513,2023-06-24,32.0,Home,5.0,469.13,122.63
7514,2023-12-27,39.0,Electronics,2.0,212.56,166.21
7515,2023-02-10,41.0,Electronics,,320.14,34.82
7516,2023-08-07,45.0,,4.0,282.94,291.47
7517,2023-11-29,24.0,Clothing,6.0,405.15,118.56
7518,2023-06-22,27.0,Electronics,3.0,304.89,158.41
7519,2023-06-22,19.0,Home,2.0,216.66,
7520,2023-03-25,,Home,8.0,395.81,262.24
7521,2023-05-13,,Clothing,2.0,60.65,228.37
7522,2023-10-15,27.0,Home,1.0,191.53,
7523,2023-10-09,43.0,Beauty,1.0,465.75,177.62
7524,2023-12-15,41.0,Electronics,9.0,477.3,227.39
7525,2023-05-21,59.0,Electronics,9.0,178.06,98.82
7526,2023-01-20,52.0,Sports,8.0,71.74,
7527,2023-07-20,61.0,Electronics,7.0,427.36,80.44
7528,2023-07-08,,Sports,7.0,148.23,
7529,2023-01-26,35.0,Beauty,1.0,257.49,120.76
7530,2023-01-11,44.0,Beauty,5.0,84.42,258.96
7531,2023-03-24,53.0,Home,8.0,45.95,127.49
7532,2023-03-28,26.0,Electronics,7.0,103.59,181.69
7533,2023-06-05,34.0,Sports,9.0,172.43,204.01
7534,2023-10-13,,Clothing,8.0,139.93,60.2
7535,2023-05-23,60.0,Home,7.0,271.31,211.55
7536,2023-05-22,21.0,Home,4.0,167.57,269.14
7537,2023-08-29,27.0,Home,2.0,154.93,142.99
7538,2023-03-13,42.0,Sports,8.0,319.79,6.99
7539,2023-04-05,,Beauty,4.0,430.83,234.13
7540,2023-11-27,69.0,Electronics,5.0,302.66,241.05
7541,,51.0,Clothing,9.0,214.43,151.79
7542,2023-10-02,20.0,Electronics,9.0,84.91,37.69
7543,2023-06-28,32.0,Sports,8.0,67.68,67.18
7544,2023-05-17,67.0,Beauty,8.0,229.39,217.92
7545,2023-08-12,45.0,Electronics,8.0,48.12,125.42
7546,2023-09-16,45.0,Electronics,9.0,125.59,147.91
7547,2023-07-16,,Home,3.0,248.06,265.18
7548,2023-04-30,53.0,Electronics,2.0,426.24,206.95
7549,2023-09-26,19.0,Electronics,1.0,137.15,
7550,2023-03-13,,Beauty,3.0,23.25,225.37
7551,2023-06-08,,Sports,9.0,265.45,178.16
7552,2023-06-03,36.0,Sports,2.0,140.28,202.5
7553,2023-03-23,20.0,Beauty,4.0,487.71,292.34
7554,,66.0,Sports,9.0,40.63,105.28
7555,2023-02-17,24.0,Home,5.0,271.49,73.45
7556,2023-11-12,42.0,Home,4.0,349.35,208.94
7557,2023-04-25,39.0,Electronics,7.0,357.76,21.88
7558,2023-01-04,,Electronics,2.0,215.78,232.19
7559,2023-02-11,,Beauty,1.0,113.24,188.22
7560,2023-11-03,50.0,Electronics,9.0,,63.8
7561,2023-04-07,69.0,Beauty,7.0,13.63,19.73
7562,2023-10-05,28.0,Home,5.0,414.73,19.96
7563,2023-02-12,46.0,Home,6.0,355.62,266.05
7564,2023-04-04,31.0,Home,9.0,384.2,107.82
7565,2023-12-11,67.0,Home,Unknown,35.16,157.93
7566,2023-09-03,43.0,Beauty,5.0,474.59,176.78
7567,2023-01-21,50.0,Clothing,4.0,492.41,57.6
7568,2023-09-22,37.0,Beauty,6.0,79.15,54.99
7569,2023-08-15,63.0,Electronics,7.0,366.2,266.5
7570,2023-02-05,,Home,3.0,406.97,5.03
7571,2023-03-14,39.0,Electronics,9.0,384.14,298.85
7572,2023-03-10,32.0,Beauty,3.0,373.32,153.63
7573,2023-08-18,,Home,7.0,174.26,139.39
7574,2023-12-29,69.0,Home,4.0,399.46,276.04
7575,2023-03-25,,,5.0,480.55,166.69
7576,2023-08-24,37.0,Electronics,2.0,333.4,285.48
7577,2023-08-11,23.0,Beauty,3.0,280.19,258.86
7578,2023-08-04,,Home,8.0,113.59,223.55
7579,2023-06-18,33.0,Clothing,9.0,87.87,168.51
7580,2023-02-11,,Electronics,3.0,278.48,127.32
7581,2023-04-06,67.0,Electronics,7.0,116.5,183.27
7582,2023-04-23,31.0,Electronics,1.0,350.11,251.08
7583,2023-10-04,28.0,Clothing,1.0,176.28,138.2
7584,2023-11-16,44.0,Home,6.0,381.88,6.97
7585,2023-06-09,20.0,Beauty,6.0,171.56,160.0
7586,2023-04-29,38.0,Sports,1.0,499.25,183.04
7587,2023-06-10,23.0,Clothing,3.0,,18.59
7588,2023-05-26,,Sports,9.0,272.4,7.83
7589,2023-06-28,,Electronics,5.0,145.07,293.41
7590,2023-08-11,61.0,Beauty,3.0,233.72,175.16
7591,2023-11-04,57.0,Electronics,9.0,426.41,190.05
7592,2023-06-16,56.0,Clothing,,302.76,242.49
7593,2023-08-12,,Clothing,4.0,489.71,298.63
7594,2023-05-30,43.0,Home,5.0,264.82,298.47
7595,2023-07-08,68.0,Clothing,7.0,102.34,58.73
7596,2023-01-29,69.0,Clothing,6.0,41.45,151.94
7597,2023-12-03,42.0,,9.0,399.95,172.51
7598,2023-06-11,49.0,Clothing,9.0,425.73,229.79
7599,2023-10-21,20.0,Sports,7.0,96.16,243.64
7600,2023-09-11,19.0,Clothing,3.0,71.1,264.12
7601,2023-02-04,28.0,Clothing,9.0,154.46,195.3
7602,2023-04-20,28.0,Sports,8.0,328.58,72.21
7603,2023-09-02,55.0,Clothing,7.0,291.56,89.03
7604,2023-11-13,48.0,Electronics,6.0,427.19,157.08
7605,2023-03-12,47.0,Beauty,5.0,158.43,114.04
7606,2023-05-14,19.0,Electronics,3.0,392.25,41.33
7607,2023-03-09,43.0,Sports,,139.43,31.52
7608,2023-05-03,,Beauty,6.0,123.81,142.56
7609,2023-04-20,25.0,Beauty,1.0,,93.94
7610,2023-10-27,47.0,Home,4.0,385.29,74.35
7611,2023-08-08,60.0,Sports,5.0,33.81,82.72
7612,2023-09-09,23.0,Clothing,,109.41,149.0
7613,2023-02-03,43.0,Electronics,1.0,461.21,242.13
7614,2023-10-28,58.0,Electronics,9.0,192.74,83.74
7615,2023-02-27,22.0,Clothing,6.0,461.39,134.69
7616,2023-10-02,48.0,Clothing,2.0,306.0,129.02
7617,2023-03-16,24.0,Home,5.0,398.24,282.35
7618,2023-03-15,62.0,Electronics,7.0,286.69,61.99
7619,2023-02-12,,Clothing,4.0,75.89,83.58
7620,2023-08-20,45.0,Sports,7.0,486.73,274.75
7621,,33.0,Home,7.0,473.93,41.0
7622,2023-03-05,,Electronics,7.0,471.1,213.76
7623,2023-05-22,49.0,Electronics,9.0,108.44,34.66
7624,2023-07-26,,Home,9.0,137.69,289.15
7625,2023-12-28,,Beauty,2.0,204.87,258.09
7626,2023-09-08,65.0,Clothing,6.0,178.54,169.68
7627,2023-12-12,28.0,Clothing,1.0,40.41,251.12
7628,2023-02-10,25.0,Beauty,6.0,155.0,163.68
7629,2023-08-28,69.0,Electronics,,464.0,114.55
7630,,39.0,Home,5.0,350.14,
7631,2023-04-27,31.0,Sports,7.0,258.03,150.51
7632,2023-06-27,30.0,Electronics,8.0,488.17,
7633,2023-07-21,42.0,Electronics,3.0,44.51,155.79
7634,2023-07-22,23.0,Electronics,1.0,259.16,47.48
7635,2023-04-15,50.0,Home,Unknown,459.13,61.16
7636,2023-03-01,40.0,Clothing,6.0,139.56,92.81
7637,2023-01-15,25.0,Sports,2.0,415.92,194.38
7638,2023-07-16,43.0,Sports,8.0,58.58,123.82
7639,2023-12-10,28.0,Home,2.0,57.43,116.34
7640,,28.0,Electronics,2.0,105.24,267.93
7641,2023-10-16,57.0,Home,6.0,62.49,120.2
7642,2023-05-25,38.0,Home,4.0,353.85,282.13
7643,2023-12-16,39.0,Electronics,1.0,74.86,10.81
7644,2023-06-23,63.0,Electronics,1.0,301.99,
7645,2023-12-01,43.0,Beauty,7.0,194.85,256.35
7646,,69.0,Clothing,3.0,96.08,270.84
7647,2023-06-29,59.0,Beauty,6.0,389.95,262.31
7648,2023-11-21,18.0,Clothing,9.0,180.04,252.85
7649,2023-05-25,42.0,Sports,4.0,356.43,121.14
7650,2023-05-22,35.0,Beauty,6.0,,50.6
7651,2023-08-14,,Sports,6.0,68.85,272.68
7652,2023-10-12,44.0,Clothing,7.0,406.79,49.39
7653,2023-06-14,51.0,Sports,7.0,314.71,290.25
7654,2023-11-05,40.0,Clothing,6.0,337.26,252.81
7655,2023-12-10,49.0,Clothing,9.0,482.75,126.05
7656,2023-02-21,37.0,Electronics,7.0,415.11,22.14
7657,2023-05-25,25.0,Clothing,7.0,94.18,154.19
7658,2023-03-12,22.0,Electronics,9.0,,174.27
7659,2023-01-03,64.0,Clothing,5.0,384.35,98.77
7660,2023-06-15,49.0,Home,5.0,416.89,11.7
7661,2023-09-03,48.0,Home,,236.02,73.82
7662,2023-06-07,43.0,Home,2.0,295.23,123.07
7663,2023-08-01,25.0,Home,6.0,16.49,128.86
7664,2023-09-03,66.0,Electronics,2.0,72.9,285.78
7665,2023-10-03,30.0,Beauty,4.0,367.42,66.19
7666,,20.0,Electronics,3.0,,202.63
7667,,67.0,Home,2.0,87.86,275.43
7668,2023-01-17,43.0,Electronics,6.0,,16.93
7669,,19.0,Beauty,7.0,305.46,224.87
7670,2023-03-24,56.0,Home,9.0,312.93,67.28
7671,2023-10-17,33.0,Sports,6.0,244.52,252.38
7672,2023-02-18,25.0,Clothing,7.0,51.02,199.6
7673,2023-04-28,56.0,Beauty,9.0,348.74,241.29
7674,2023-12-19,53.0,Home,5.0,139.48,291.64
7675,2023-05-09,30.0,Sports,5.0,480.32,75.59
7676,2023-01-27,,Sports,6.0,289.28,77.49
7677,2023-11-10,56.0,Electronics,8.0,317.14,133.58
7678,2023-01-17,62.0,Sports,8.0,415.21,144.91
7679,2023-04-11,65.0,Home,5.0,394.42,250.25
7680,2023-08-03,33.0,Electronics,,105.18,
7681,2023-01-29,60.0,Sports,4.0,286.26,119.59
7682,2023-02-23,19.0,Beauty,3.0,266.49,298.82
7683,2023-04-27,26.0,Sports,7.0,448.14,99.71
7684,2023-04-24,31.0,Beauty,5.0,278.12,145.31
7685,2023-06-13,65.0,Beauty,3.0,397.5,76.25
7686,2023-10-20,50.0,Home,4.0,81.8,20.24
7687,2023-09-18,37.0,Clothing,7.0,121.32,5.15
7688,2023-02-21,21.0,Clothing,2.0,93.94,215.96
7689,2023-08-12,23.0,Electronics,8.0,333.86,131.2
7690,2023-05-25,,Sports,9.0,472.77,
7691,2023-10-27,22.0,Beauty,6.0,81.13,76.41
7692,2023-06-21,52.0,Sports,,246.72,
7693,2023-08-02,28.0,Beauty,3.0,17.26,159.46
7694,,44.0,Sports,3.0,209.54,260.55
7695,2023-05-31,64.0,Electronics,6.0,490.5,233.88
7696,2023-04-28,51.0,Beauty,8.0,187.47,185.79
7697,2023-09-13,37.0,Sports,6.0,387.27,131.32
7698,2023-03-08,65.0,,9.0,355.35,72.0
7699,2023-07-25,,Electronics,6.0,,243.17
7700,2023-06-28,63.0,Home,6.0,118.62,32.36
7701,2023-03-15,18.0,Home,6.0,57.13,289.26
7702,2023-03-14,50.0,Home,2.0,177.24,245.31
7703,2023-06-28,32.0,Sports,5.0,466.45,74.22
7704,2023-04-23,21.0,,3.0,232.35,135.36
7705,2023-11-05,56.0,Beauty,6.0,154.47,109.17
7706,2023-09-25,64.0,Electronics,3.0,98.29,258.49
7707,2023-04-07,23.0,,1.0,163.31,277.92
7708,2023-01-07,56.0,Sports,5.0,194.1,
7709,2023-09-16,43.0,,8.0,,12.99
7710,2023-12-24,50.0,Beauty,6.0,173.67,41.74
7711,2023-12-13,25.0,Beauty,4.0,191.56,234.48
7712,2023-05-26,66.0,Clothing,4.0,254.15,33.89
7713,2023-04-30,65.0,Sports,5.0,398.33,65.84
7714,2023-01-26,42.0,Electronics,6.0,81.22,231.42
7715,2023-02-09,24.0,Clothing,3.0,23.41,
7716,2023-05-16,45.0,Home,9.0,425.3,129.01
7717,2023-10-26,47.0,Beauty,7.0,87.1,242.31
7718,2023-01-31,52.0,Home,6.0,246.41,
7719,2023-01-27,46.0,Home,1.0,19.54,213.12
7720,2023-04-07,18.0,Beauty,8.0,404.18,175.26
7721,2023-10-27,22.0,Clothing,1.0,318.67,18.71
7722,2023-07-31,46.0,Home,3.0,286.93,217.46
7723,2023-05-23,68.0,Clothing,7.0,112.99,
7724,2023-12-02,41.0,,9.0,26.46,232.38
7725,2023-04-08,44.0,Electronics,8.0,390.87,117.43
7726,2023-01-28,55.0,Home,,203.95,131.98
7727,2023-09-30,30.0,Electronics,3.0,108.54,84.72
7728,2023-07-21,28.0,Clothing,9.0,158.92,32.67
7729,2023-03-29,50.0,Electronics,1.0,395.38,26.89
7730,2023-03-22,23.0,,5.0,261.84,45.27
7731,2023-11-07,30.0,,9.0,106.69,103.4
7732,2023-04-22,28.0,Clothing,6.0,53.14,19.11
7733,2023-09-01,47.0,Home,9.0,365.41,215.69
7734,2023-01-03,62.0,Clothing,3.0,335.24,143.81
7735,2023-01-21,66.0,Beauty,5.0,31.7,187.25
7736,2023-12-09,59.0,Sports,8.0,401.13,50.7
7737,2023-07-21,58.0,Sports,2.0,,140.62
7738,2023-10-27,39.0,Electronics,4.0,397.24,278.91
7739,2023-01-25,52.0,,9.0,265.06,110.03
7740,2023-05-01,56.0,Clothing,6.0,167.42,44.8
7741,2023-07-19,51.0,,3.0,276.18,19.51
7742,2023-12-11,,Home,4.0,161.13,151.44
7743,2023-05-17,21.0,Clothing,8.0,169.63,
7744,2023-01-10,65.0,Beauty,9.0,453.47,125.4
7745,2023-12-12,51.0,Sports,7.0,381.03,10.39
7746,2023-03-01,37.0,Clothing,6.0,129.14,28.94
7747,2023-04-17,29.0,Beauty,6.0,88.67,
7748,2023-08-09,45.0,Home,8.0,135.43,119.01
7749,2023-05-13,27.0,Beauty,2.0,310.11,42.85
7750,2023-03-03,35.0,Clothing,3.0,106.37,82.75
7751,2023-11-04,34.0,Beauty,8.0,74.13,132.07
7752,2023-08-04,62.0,Clothing,1.0,197.85,229.97
7753,2023-12-13,20.0,Electronics,1.0,366.86,
7754,2023-05-25,58.0,Home,1.0,195.44,105.38
7755,2023-03-05,31.0,Beauty,8.0,113.56,8.15
7756,2023-06-05,64.0,Clothing,4.0,311.49,265.41
7757,2023-11-16,50.0,Electronics,2.0,49.0,197.64
7758,2023-02-25,24.0,Beauty,1.0,46.19,53.45
7759,2023-08-08,21.0,Sports,8.0,289.33,246.33
7760,2023-04-12,55.0,,5.0,,
7761,2023-08-24,46.0,Electronics,7.0,384.03,146.02
7762,2023-11-05,69.0,Electronics,9.0,175.29,161.05
7763,2023-03-18,42.0,Electronics,8.0,346.73,214.55
7764,2023-07-24,53.0,Electronics,4.0,373.7,295.92
7765,2023-08-18,35.0,Sports,7.0,161.57,243.02
7766,2023-04-18,42.0,Home,5.0,55.78,287.62
7767,2023-09-08,68.0,Electronics,5.0,297.27,107.11
7768,2023-03-20,57.0,Sports,7.0,406.94,116.23
7769,2023-10-25,64.0,Home,6.0,150.48,169.13
7770,2023-04-12,19.0,Sports,,380.33,102.38
7771,2023-04-22,49.0,Clothing,,187.36,53.08
7772,2023-01-16,47.0,Beauty,7.0,73.94,138.03
7773,2023-05-26,42.0,Sports,7.0,253.41,147.89
7774,2023-01-02,60.0,Home,6.0,13.57,
7775,2023-04-04,68.0,Electronics,4.0,377.32,284.52
7776,2023-04-21,25.0,Beauty,9.0,207.2,13.47
7777,2023-12-27,35.0,,8.0,279.2,135.94
7778,2023-08-08,47.0,Electronics,6.0,491.65,87.63
7779,2023-08-12,52.0,Beauty,1.0,469.78,295.91
7780,2023-03-06,53.0,Clothing,5.0,371.51,265.99
7781,2023-09-17,26.0,Electronics,5.0,30.12,50.44
7782,2023-10-13,25.0,Home,8.0,113.77,42.75
7783,2023-07-30,24.0,Clothing,1.0,388.94,159.53
7784,2023-11-06,54.0,Beauty,7.0,477.02,121.99
7785,2023-09-28,65.0,Clothing,4.0,330.73,122.77
7786,2023-06-29,54.0,Sports,7.0,287.36,289.61
7787,2023-11-09,21.0,Beauty,3.0,466.07,119.14
7788,2023-06-12,28.0,Beauty,,349.94,165.41
7789,2023-12-13,33.0,Beauty,6.0,142.8,124.37
7790,2023-01-14,56.0,Home,Unknown,210.89,234.88
7791,2023-09-14,48.0,Electronics,4.0,433.36,
7792,2023-06-01,22.0,Electronics,1.0,211.09,84.71
7793,,64.0,Beauty,5.0,,232.84
7794,2023-11-10,37.0,Home,5.0,314.66,285.8
7795,,57.0,Home,2.0,142.88,191.79
7796,2023-08-30,59.0,Clothing,8.0,349.0,212.13
7797,2023-07-21,46.0,Sports,Unknown,496.27,231.74
7798,2023-10-05,33.0,Clothing,2.0,79.43,246.89
7799,2023-11-27,,Clothing,4.0,279.47,149.5
7800,2023-06-25,34.0,Sports,1.0,484.34,194.13
7801,2023-05-23,66.0,Electronics,1.0,152.74,169.04
7802,2023-03-08,48.0,Sports,4.0,291.0,96.76
7803,2023-09-26,,Beauty,5.0,235.42,16.76
7804,,47.0,Clothing,5.0,468.29,266.08
7805,2023-10-02,66.0,Electronics,3.0,25.37,172.78
7806,2023-03-27,23.0,Beauty,7.0,,125.86
7807,2023-07-11,45.0,Home,8.0,309.09,263.34
7808,2023-01-31,23.0,Sports,3.0,262.32,152.66
7809,2023-04-17,68.0,Clothing,2.0,127.81,25.94
7810,2023-10-03,55.0,Beauty,2.0,135.85,156.29
7811,2023-03-27,39.0,Home,8.0,201.67,213.61
7812,2023-03-23,57.0,Sports,9.0,,181.37
7813,2023-12-09,49.0,Sports,9.0,457.99,98.34
7814,2023-03-15,41.0,Home,9.0,288.57,41.58
7815,2023-09-13,68.0,Electronics,9.0,487.33,139.75
7816,2023-05-17,67.0,Electronics,3.0,188.49,246.19
7817,,60.0,Electronics,3.0,325.0,294.46
7818,2023-04-22,42.0,Sports,2.0,180.02,26.47
7819,2023-05-26,42.0,Beauty,6.0,296.85,289.18
7820,2023-02-02,41.0,Beauty,8.0,29.39,165.45
7821,2023-11-27,60.0,Home,6.0,87.58,188.99
7822,2023-11-16,55.0,Beauty,3.0,,296.61
7823,2023-08-20,55.0,Clothing,6.0,276.17,233.03
7824,2023-05-09,47.0,Home,4.0,89.89,230.74
7825,2023-06-19,32.0,Beauty,2.0,39.46,257.9
7826,2023-01-26,59.0,Electronics,3.0,60.51,202.69
7827,2023-03-08,34.0,Electronics,3.0,310.94,174.25
7828,2023-01-26,39.0,Home,,444.91,189.07
7829,2023-12-30,66.0,Electronics,1.0,435.39,162.42
7830,2023-02-08,28.0,Electronics,3.0,74.58,177.15
7831,2023-10-04,47.0,Beauty,2.0,41.67,144.49
7832,2023-10-31,69.0,Home,8.0,331.99,21.92
7833,2023-10-19,54.0,Electronics,3.0,325.32,46.12
7834,2023-08-21,26.0,Sports,6.0,53.86,164.69
7835,2023-05-26,41.0,Home,4.0,107.85,240.81
7836,2023-05-14,47.0,Clothing,8.0,57.02,283.57
7837,2023-01-28,64.0,Sports,5.0,351.31,140.41
7838,2023-08-29,54.0,Electronics,3.0,483.08,198.85
7839,2023-08-16,32.0,Electronics,1.0,396.39,158.1
7840,2023-10-30,66.0,Beauty,2.0,472.11,49.05
7841,2023-12-28,42.0,Clothing,1.0,251.59,33.03
7842,2023-11-24,39.0,Beauty,2.0,97.89,267.68
7843,2023-07-23,,Beauty,1.0,,204.27
7844,2023-12-12,31.0,Sports,5.0,86.62,210.85
7845,2023-11-30,22.0,Electronics,3.0,146.4,224.86
7846,2023-09-08,58.0,Home,7.0,447.58,182.25
7847,2023-02-19,18.0,Electronics,9.0,,25.71
7848,2023-11-06,59.0,Beauty,8.0,127.74,188.28
7849,2023-08-08,37.0,Clothing,3.0,,166.24
7850,2023-01-20,51.0,Clothing,4.0,409.28,247.76
7851,2023-12-21,41.0,Electronics,9.0,,20.18
7852,2023-11-08,25.0,Electronics,5.0,,165.99
7853,2023-06-17,33.0,Electronics,3.0,53.57,46.64
7854,2023-12-31,59.0,Clothing,7.0,11.05,
7855,2023-07-13,69.0,Beauty,,165.84,73.24
7856,2023-07-26,25.0,Clothing,5.0,254.56,189.95
7857,2023-11-13,50.0,Sports,6.0,468.57,245.12
7858,2023-04-12,25.0,Home,4.0,467.44,207.01
7859,2023-07-18,20.0,Sports,1.0,495.27,218.17
7860,2023-11-17,50.0,Beauty,Unknown,145.59,99.68
7861,,23.0,Beauty,4.0,393.82,33.06
7862,2023-08-26,,Home,9.0,281.58,105.58
7863,2023-05-18,61.0,Clothing,3.0,114.89,89.21
7864,2023-07-20,44.0,Clothing,3.0,189.22,71.47
7865,2023-05-18,45.0,Beauty,5.0,426.61,208.67
7866,2023-04-09,22.0,Beauty,6.0,300.45,230.4
7867,2023-11-23,42.0,Home,2.0,462.5,147.89
7868,,62.0,Sports,3.0,172.73,83.09
7869,2023-11-25,54.0,Home,4.0,166.26,271.07
7870,2023-08-19,68.0,Beauty,6.0,247.75,48.97
7871,2023-07-26,48.0,Sports,2.0,455.5,278.62
7872,2023-10-06,56.0,Home,4.0,352.77,271.99
7873,2023-01-21,55.0,Sports,2.0,407.3,78.81
7874,2023-08-06,44.0,Sports,2.0,206.67,88.73
7875,2023-06-11,56.0,Electronics,4.0,13.22,55.79
7876,2023-08-13,24.0,Sports,9.0,75.75,83.2
7877,2023-04-17,25.0,Sports,,434.77,178.45
7878,2023-04-13,19.0,Home,2.0,288.18,47.86
7879,2023-05-14,38.0,Electronics,2.0,262.51,278.9
7880,2023-06-04,29.0,Clothing,3.0,366.38,146.74
7881,2023-09-07,32.0,Clothing,6.0,244.81,297.84
7882,2023-03-28,34.0,Sports,6.0,358.29,253.08
7883,2023-03-29,35.0,Clothing,5.0,233.41,273.42
7884,2023-11-20,35.0,Clothing,2.0,473.09,98.31
7885,2023-01-17,,Clothing,1.0,49.37,32.93
7886,2023-11-06,52.0,Sports,1.0,68.72,121.14
7887,2023-08-22,63.0,Home,1.0,86.34,6.07
7888,2023-02-21,26.0,Electronics,Unknown,112.45,125.76
7889,2023-04-22,30.0,Electronics,8.0,367.64,65.85
7890,2023-12-26,63.0,Home,2.0,478.67,89.46
7891,2023-11-10,68.0,Sports,5.0,289.64,7.9
7892,2023-12-31,59.0,Home,9.0,199.16,28.71
7893,2023-07-05,28.0,Beauty,3.0,61.14,201.95
7894,2023-04-02,42.0,Sports,8.0,142.6,268.29
7895,2023-05-26,66.0,Home,5.0,58.13,217.33
7896,2023-07-22,61.0,Sports,9.0,122.17,34.01
7897,2023-06-01,66.0,Home,,453.9,60.16
7898,2023-06-06,44.0,Clothing,9.0,399.0,46.7
7899,2023-05-13,57.0,Sports,1.0,388.39,156.38
7900,2023-07-02,39.0,Electronics,8.0,466.43,158.64
7901,2023-02-13,31.0,Beauty,9.0,199.21,152.9
7902,2023-11-14,62.0,Beauty,,345.81,228.13
7903,,40.0,Sports,1.0,495.82,
7904,2023-06-03,,Home,8.0,419.2,173.55
7905,2023-01-05,57.0,Beauty,5.0,181.89,17.27
7906,2023-03-27,67.0,Home,4.0,238.18,64.46
7907,2023-08-08,36.0,Beauty,8.0,105.18,10.93
7908,2023-08-23,24.0,Electronics,5.0,11.1,226.94
7909,2023-10-21,25.0,Beauty,2.0,306.68,260.4
7910,2023-06-21,46.0,Home,1.0,483.88,7.65
7911,2023-03-06,18.0,Home,8.0,128.93,276.05
7912,2023-09-01,45.0,Electronics,4.0,262.74,61.1
7913,2023-05-11,57.0,Clothing,8.0,145.06,288.59
7914,2023-07-28,30.0,Beauty,,156.72,176.49
7915,,56.0,Clothing,1.0,186.17,62.15
7916,2023-06-15,37.0,Electronics,1.0,362.92,268.3
7917,2023-11-23,31.0,Clothing,8.0,325.15,150.73
7918,2023-12-25,52.0,Sports,,41.61,222.8
7919,2023-06-07,38.0,Electronics,,238.58,217.43
7920,2023-01-14,58.0,Home,1.0,368.85,215.97
7921,2023-03-31,60.0,Sports,5.0,426.99,120.15
7922,2023-02-10,61.0,Home,8.0,314.92,67.49
7923,2023-05-18,21.0,Home,5.0,373.13,66.67
7924,,45.0,Electronics,5.0,181.68,225.35
7925,2023-06-29,34.0,Home,5.0,252.65,84.9
7926,2023-01-06,69.0,Home,2.0,101.88,195.91
7927,2023-09-29,24.0,Beauty,5.0,435.91,57.46
7928,2023-07-19,50.0,Beauty,6.0,117.38,82.51
7929,2023-08-30,35.0,Clothing,9.0,380.31,32.42
7930,2023-06-05,60.0,Home,,340.61,299.7
7931,2023-08-13,55.0,Clothing,2.0,416.83,249.09
7932,2023-07-14,21.0,Electronics,2.0,308.87,104.43
7933,2023-05-31,31.0,,2.0,54.05,10.57
7934,2023-11-05,39.0,Sports,1.0,79.19,166.2
7935,2023-01-30,,Sports,6.0,208.88,278.56
7936,,65.0,,8.0,264.05,148.05
7937,2023-06-17,46.0,Sports,1.0,188.15,127.14
7938,2023-05-25,26.0,Beauty,2.0,15.65,257.88
7939,2023-11-02,39.0,,1.0,451.54,256.8
7940,2023-06-26,40.0,Clothing,,432.57,124.04
7941,2023-10-29,65.0,Electronics,7.0,97.52,141.74
7942,2023-01-17,44.0,Clothing,4.0,214.28,
7943,2023-09-18,41.0,Beauty,6.0,128.04,16.43
7944,2023-05-05,50.0,Sports,7.0,367.53,178.03
7945,2023-03-22,57.0,Electronics,6.0,135.31,34.4
7946,2023-11-24,,Sports,8.0,26.83,
7947,2023-08-23,49.0,Beauty,4.0,480.67,121.76
7948,2023-10-21,18.0,Clothing,7.0,278.6,108.85
7949,2023-01-15,48.0,Beauty,2.0,256.45,205.57
7950,2023-08-18,43.0,Clothing,6.0,391.27,
7951,2023-09-22,50.0,,5.0,92.13,89.01
7952,2023-11-03,49.0,Sports,3.0,431.37,100.26
7953,2023-07-04,39.0,Sports,,245.68,237.88
7954,2023-04-12,37.0,Home,7.0,483.58,141.86
7955,2023-12-05,66.0,Electronics,6.0,99.57,144.52
7956,2023-09-23,52.0,Electronics,6.0,129.05,48.39
7957,2023-10-13,66.0,Sports,5.0,157.58,245.31
7958,2023-08-04,31.0,Clothing,3.0,,43.18
7959,2023-10-30,59.0,Beauty,1.0,29.78,224.48
7960,2023-10-06,60.0,Electronics,3.0,244.89,83.89
7961,2023-11-02,20.0,Electronics,6.0,,222.76
7962,2023-09-26,,Electronics,9.0,,246.8
7963,2023-05-01,63.0,,Unknown,236.75,50.59
7964,2023-05-28,32.0,Electronics,,55.77,97.06
7965,2023-01-14,39.0,Beauty,7.0,253.57,85.74
7966,2023-10-07,31.0,Home,2.0,26.73,166.76
7967,2023-07-12,26.0,Sports,6.0,345.53,192.4
7968,2023-08-30,64.0,Sports,7.0,282.48,109.84
7969,2023-09-16,66.0,Beauty,9.0,,22.24
7970,2023-08-06,41.0,Home,3.0,471.74,188.51
7971,2023-11-07,33.0,Home,7.0,,48.45
7972,2023-03-21,63.0,Electronics,3.0,97.67,101.58
7973,2023-01-10,57.0,Sports,7.0,134.67,145.07
7974,2023-11-08,,Electronics,7.0,383.26,75.8
7975,2023-04-23,54.0,Beauty,4.0,42.19,292.38
7976,2023-06-24,19.0,Sports,6.0,35.8,191.95
7977,2023-01-04,34.0,Clothing,1.0,402.12,210.6
7978,2023-08-09,67.0,Home,3.0,449.45,145.21
7979,2023-08-01,46.0,Electronics,7.0,282.08,199.89
7980,2023-05-08,31.0,Beauty,3.0,56.48,36.24
7981,2023-03-26,39.0,Sports,5.0,353.21,177.88
7982,2023-11-14,68.0,Home,3.0,,134.76
7983,2023-08-31,45.0,Clothing,,,194.53
7984,2023-09-04,,Home,7.0,434.87,182.25
7985,2023-05-26,26.0,Electronics,2.0,328.42,197.94
7986,2023-02-11,27.0,Clothing,3.0,425.36,102.06
7987,2023-03-30,57.0,Sports,5.0,207.94,180.34
7988,2023-08-16,53.0,Beauty,7.0,84.14,186.99
7989,2023-03-08,64.0,Beauty,1.0,380.63,
7990,2023-04-09,59.0,Clothing,1.0,463.71,13.4
7991,2023-12-08,24.0,,7.0,117.68,272.17
7992,2023-10-28,68.0,,2.0,346.74,233.7
7993,2023-04-16,28.0,Home,9.0,126.25,128.18
7994,2023-05-02,60.0,Beauty,1.0,216.48,140.78
7995,2023-04-22,64.0,Beauty,1.0,279.0,151.94
7996,2023-06-19,28.0,Clothing,5.0,193.48,148.66
7997,2023-04-08,46.0,,6.0,325.83,246.25
7998,2023-08-18,25.0,Sports,8.0,18.31,149.35
7999,2023-09-22,,Home,9.0,98.7,161.95
8000,2023-12-26,,Home,1.0,292.24,206.88
8001,2023-01-19,62.0,Beauty,4.0,35.83,76.37
8002,2023-02-18,22.0,Electronics,5.0,426.81,36.87
8003,2023-12-04,34.0,Home,Unknown,52.87,233.79
8004,2023-03-07,55.0,,6.0,382.66,270.2
8005,2023-02-28,61.0,Electronics,2.0,433.93,166.05
8006,2023-12-03,47.0,Electronics,2.0,171.77,249.34
8007,,22.0,Clothing,5.0,327.4,296.14
8008,2023-09-18,63.0,Beauty,7.0,435.15,141.38
8009,2023-02-25,64.0,Sports,3.0,249.58,57.51
8010,2023-04-24,64.0,Home,3.0,,41.78
8011,2023-12-23,58.0,Electronics,6.0,74.63,19.2
8012,2023-11-02,24.0,Home,1.0,67.15,244.2
8013,2023-03-09,23.0,Sports,3.0,141.89,15.52
8014,2023-01-24,64.0,Electronics,5.0,228.3,242.28
8015,2023-08-18,57.0,,7.0,383.25,21.23
8016,,21.0,Clothing,8.0,495.19,280.55
8017,2023-08-09,48.0,Sports,8.0,,155.44
8018,2023-01-02,22.0,Beauty,7.0,68.72,200.05
8019,,22.0,Beauty,9.0,121.15,268.14
8020,2023-09-21,61.0,Beauty,2.0,489.74,261.32
8021,2023-10-06,68.0,Home,5.0,33.13,97.31
8022,2023-12-15,,Home,6.0,,264.5
8023,2023-11-01,36.0,Beauty,4.0,44.48,68.82
8024,2023-01-18,55.0,Home,1.0,463.06,144.7
8025,2023-11-26,30.0,Sports,2.0,,79.85
8026,2023-01-17,37.0,Sports,1.0,21.36,7.26
8027,2023-11-04,62.0,Home,5.0,271.7,177.52
8028,2023-11-16,52.0,,7.0,244.94,174.85
8029,2023-10-17,,Clothing,,111.29,291.3
8030,2023-07-18,42.0,Beauty,,295.37,292.13
8031,2023-06-10,40.0,Home,3.0,208.24,142.55
8032,2023-03-17,55.0,,3.0,35.54,30.01
8033,2023-11-26,18.0,Clothing,2.0,175.95,98.92
8034,2023-08-20,27.0,Electronics,3.0,460.51,44.93
8035,,,Home,5.0,183.98,93.87
8036,,25.0,Electronics,7.0,280.37,31.52
8037,2023-01-15,42.0,Beauty,1.0,397.67,
8038,2023-10-19,24.0,Beauty,2.0,16.2,10.09
8039,2023-09-07,34.0,Sports,9.0,188.14,264.71
8040,2023-04-08,33.0,Clothing,7.0,122.55,150.96
8041,2023-02-08,48.0,Sports,3.0,236.42,113.05
8042,2023-06-28,50.0,Clothing,6.0,451.88,220.89
8043,2023-10-09,,Home,8.0,186.02,109.26
8044,2023-04-07,68.0,Sports,2.0,418.0,169.42
8045,2023-09-19,,Sports,8.0,155.06,128.59
8046,2023-09-06,28.0,Electronics,3.0,481.5,226.31
8047,2023-05-03,,Clothing,9.0,394.68,120.05
8048,2023-06-18,63.0,Electronics,4.0,,
8049,2023-06-24,19.0,Sports,6.0,,231.51
8050,2023-11-21,60.0,Clothing,5.0,236.64,63.45
8051,2023-11-20,,,9.0,195.35,140.82
8052,2023-09-23,27.0,Electronics,4.0,178.95,153.38
8053,2023-08-06,62.0,Electronics,,174.5,29.45
8054,2023-05-18,41.0,Clothing,,343.63,83.67
8055,2023-03-30,21.0,Clothing,6.0,249.11,226.62
8056,2023-05-16,30.0,Electronics,2.0,451.25,223.63
8057,2023-04-20,62.0,Clothing,8.0,176.09,153.26
8058,2023-04-01,18.0,Sports,,384.13,49.91
8059,2023-07-09,28.0,,6.0,26.54,299.28
8060,2023-02-04,66.0,Home,7.0,398.19,273.84
8061,2023-05-13,,Electronics,3.0,88.15,193.63
8062,2023-07-17,67.0,Sports,8.0,105.03,
8063,,69.0,Sports,5.0,357.32,25.42
8064,2023-12-25,47.0,Beauty,8.0,408.55,10.1
8065,2023-11-30,24.0,Home,2.0,39.53,
8066,2023-02-13,,Clothing,3.0,491.03,294.76
8067,2023-01-28,49.0,Sports,4.0,464.45,121.83
8068,2023-06-09,49.0,Electronics,3.0,131.52,298.2
8069,2023-01-18,,Sports,2.0,412.86,16.41
8070,2023-04-29,52.0,Beauty,1.0,210.93,105.79
8071,2023-08-20,33.0,Electronics,5.0,465.88,210.86
8072,2023-08-31,,Beauty,4.0,401.76,190.43
8073,,69.0,Clothing,2.0,310.15,176.28
8074,2023-08-27,31.0,Beauty,2.0,127.11,111.49
8075,2023-04-21,59.0,Electronics,5.0,154.48,159.95
8076,2023-08-14,64.0,Electronics,5.0,217.06,93.0
8077,2023-09-17,55.0,Beauty,7.0,387.76,137.85
8078,2023-04-02,69.0,Electronics,8.0,217.59,
8079,2023-11-27,51.0,Home,,36.37,149.83
8080,2023-06-02,47.0,Electronics,8.0,41.12,14.67
8081,2023-10-07,53.0,Beauty,9.0,156.96,
8082,2023-04-27,25.0,,9.0,339.44,151.99
8083,2023-06-13,32.0,Beauty,9.0,407.41,269.21
8084,2023-11-18,61.0,,5.0,159.81,181.28
8085,2023-03-13,61.0,Beauty,1.0,,28.7
8086,,44.0,Clothing,6.0,72.45,229.94
8087,2023-11-22,26.0,Beauty,6.0,123.43,164.62
8088,2023-06-25,38.0,Clothing,9.0,412.78,186.25
8089,2023-09-12,,Beauty,5.0,181.86,292.74
8090,2023-09-03,21.0,Electronics,9.0,192.61,189.32
8091,2023-11-25,30.0,Electronics,6.0,341.1,255.63
8092,2023-08-17,52.0,Sports,,279.14,183.05
8093,2023-10-24,,Electronics,7.0,274.02,6.21
8094,2023-09-17,41.0,Electronics,1.0,445.3,82.27
8095,2023-07-23,,Sports,3.0,211.25,277.46
8096,2023-01-21,47.0,Sports,Unknown,453.36,58.01
8097,2023-07-14,52.0,Clothing,3.0,91.17,156.03
8098,2023-09-04,54.0,Clothing,,85.89,27.43
8099,2023-11-20,66.0,Beauty,5.0,313.71,132.43
8100,2023-04-20,36.0,Home,7.0,434.7,175.18
8101,2023-09-11,34.0,Clothing,1.0,464.65,87.32
8102,2023-04-28,25.0,Clothing,8.0,20.08,236.92
8103,2023-07-29,34.0,,3.0,422.81,216.32
8104,2023-04-01,22.0,Home,3.0,493.7,174.72
8105,2023-08-10,41.0,Clothing,8.0,379.0,10.65
8106,2023-04-08,57.0,Clothing,4.0,62.85,178.57
8107,2023-10-24,52.0,Electronics,2.0,334.1,81.12
8108,2023-03-05,62.0,Beauty,8.0,428.44,196.13
8109,,53.0,Beauty,2.0,214.13,93.37
8110,2023-04-12,22.0,Electronics,1.0,260.26,218.6
8111,2023-08-25,38.0,Home,,,136.02
8112,2023-04-10,36.0,Beauty,2.0,392.09,
8113,2023-08-16,51.0,Electronics,1.0,309.34,185.6
8114,2023-01-19,41.0,Beauty,6.0,196.01,64.95
8115,2023-05-21,49.0,Clothing,3.0,,58.06
8116,2023-03-30,22.0,Electronics,,239.54,188.74
8117,2023-02-11,58.0,Sports,,20.33,135.14
8118,2023-03-22,24.0,Electronics,8.0,,279.65
8119,2023-04-21,69.0,Beauty,7.0,,18.13
8120,2023-08-19,,Sports,6.0,123.42,20.23
8121,2023-05-01,29.0,Electronics,9.0,319.74,294.37
8122,2023-07-27,36.0,Sports,4.0,340.24,88.94
8123,2023-09-14,49.0,Clothing,4.0,198.55,269.76
8124,2023-12-29,67.0,Beauty,5.0,61.02,276.09
8125,2023-02-17,31.0,Sports,7.0,344.49,298.54
8126,2023-01-19,35.0,Clothing,3.0,311.62,
8127,2023-02-25,27.0,Home,6.0,163.71,21.31
8128,2023-04-02,68.0,Electronics,6.0,329.92,283.47
8129,2023-03-20,21.0,Electronics,5.0,240.3,104.97
8130,2023-10-10,64.0,Home,2.0,126.51,132.23
8131,2023-06-09,23.0,Beauty,8.0,383.11,173.7
8132,2023-06-05,60.0,Electronics,2.0,21.7,187.25
8133,,31.0,Electronics,5.0,477.87,191.48
8134,2023-12-07,68.0,Sports,8.0,249.06,162.75
8135,2023-04-27,30.0,Electronics,9.0,407.83,133.7
8136,2023-11-27,64.0,Electronics,9.0,51.95,130.46
8137,2023-09-20,67.0,Beauty,1.0,126.71,241.94
8138,2023-05-28,37.0,Clothing,7.0,345.55,154.02
8139,2023-08-24,58.0,Beauty,6.0,418.97,145.28
8140,2023-06-28,61.0,Home,6.0,101.88,127.14
8141,2023-02-20,,Clothing,7.0,376.4,77.59
8142,2023-12-09,66.0,Electronics,4.0,426.66,62.6
8143,2023-11-28,21.0,Beauty,3.0,119.34,100.12
8144,2023-11-19,24.0,Sports,,86.25,208.9
8145,2023-12-24,42.0,Clothing,3.0,408.09,266.17
8146,2023-12-15,64.0,Electronics,3.0,15.55,102.24
8147,2023-12-04,51.0,Home,Unknown,98.49,260.88
8148,2023-01-02,61.0,Home,2.0,18.1,276.77
8149,,64.0,Electronics,6.0,285.33,43.15
8150,2023-06-18,55.0,Clothing,6.0,34.71,91.3
8151,2023-01-23,30.0,Clothing,1.0,392.83,91.24
8152,2023-11-19,63.0,Home,6.0,46.83,211.74
8153,2023-10-13,31.0,Electronics,3.0,103.81,58.05
8154,2023-07-12,65.0,Beauty,5.0,,97.65
8155,2023-04-28,18.0,Home,1.0,291.2,113.83
8156,2023-05-12,,Beauty,,34.11,17.41
8157,2023-01-10,48.0,Beauty,6.0,36.75,135.27
8158,2023-10-21,42.0,Beauty,2.0,221.93,64.48
8159,2023-09-06,24.0,Home,1.0,495.7,216.75
8160,2023-03-24,37.0,Electronics,6.0,,110.63
8161,,67.0,Electronics,2.0,255.66,74.83
8162,2023-10-14,18.0,Beauty,4.0,331.81,264.37
8163,2023-10-18,,Electronics,8.0,106.78,99.78
8164,2023-05-24,,Clothing,3.0,,
8165,2023-08-31,37.0,Sports,1.0,195.61,241.17
8166,2023-09-25,38.0,Electronics,9.0,168.62,261.32
8167,2023-10-16,40.0,Clothing,8.0,44.13,70.26
8168,2023-06-26,58.0,Electronics,9.0,446.6,227.77
8169,2023-02-21,,Sports,5.0,79.51,81.78
8170,,22.0,Sports,7.0,435.21,203.94
8171,2023-05-03,67.0,Beauty,7.0,123.36,
8172,2023-04-10,34.0,Beauty,9.0,338.31,53.95
8173,2023-11-23,60.0,Electronics,9.0,376.06,24.2
8174,2023-11-14,25.0,Sports,9.0,432.75,97.48
8175,2023-10-07,40.0,Home,1.0,332.12,262.71
8176,,56.0,Sports,,490.77,225.15
8177,2023-05-16,,Electronics,2.0,82.58,61.4
8178,2023-09-16,55.0,Beauty,9.0,376.81,203.67
8179,,56.0,Sports,8.0,,130.93
8180,2023-07-15,,Home,3.0,270.93,75.04
8181,2023-01-16,56.0,Electronics,8.0,437.84,291.35
8182,2023-08-06,50.0,Home,6.0,478.85,204.26
8183,2023-05-19,27.0,Beauty,1.0,48.85,253.04
8184,2023-12-01,20.0,Home,7.0,398.29,36.96
8185,2023-01-15,48.0,Clothing,2.0,128.08,201.43
8186,2023-10-17,44.0,Beauty,1.0,246.21,163.39
8187,2023-01-02,64.0,Sports,3.0,208.59,16.58
8188,2023-01-19,,Beauty,5.0,311.2,102.15
8189,2023-03-19,57.0,Home,7.0,363.14,181.44
8190,2023-02-17,36.0,Clothing,4.0,447.0,297.82
8191,2023-12-31,40.0,Electronics,6.0,170.52,231.94
8192,2023-12-22,46.0,Sports,7.0,142.5,226.4
8193,2023-06-06,66.0,Clothing,7.0,48.16,111.8
8194,2023-10-06,38.0,,5.0,457.24,289.37
8195,2023-01-07,50.0,Home,4.0,288.19,232.54
8196,2023-04-19,43.0,Electronics,1.0,483.56,229.51
8197,,51.0,Sports,4.0,221.04,24.71
8198,2023-07-06,53.0,Electronics,8.0,18.19,133.55
8199,2023-11-25,63.0,Clothing,6.0,45.09,274.88
8200,2023-01-08,55.0,Clothing,5.0,360.65,186.19
8201,2023-07-18,43.0,Sports,4.0,170.69,275.67
8202,,48.0,Beauty,5.0,401.04,191.72
8203,2023-06-21,62.0,Home,7.0,24.12,223.14
8204,2023-12-12,39.0,Electronics,3.0,441.85,242.47
8205,2023-01-09,21.0,Clothing,9.0,387.33,168.85
8206,2023-05-10,40.0,Clothing,3.0,95.12,31.78
8207,2023-10-17,,Home,6.0,280.81,244.52
8208,2023-09-26,39.0,Sports,5.0,451.88,171.84
8209,2023-01-23,22.0,Electronics,3.0,305.25,
8210,2023-03-29,24.0,Beauty,6.0,438.15,48.43
8211,2023-04-21,45.0,Clothing,3.0,50.63,176.09
8212,2023-02-26,66.0,Clothing,7.0,292.83,156.41
8213,2023-04-23,63.0,Electronics,8.0,210.03,34.82
8214,2023-08-26,43.0,,7.0,350.1,272.6
8215,2023-07-06,65.0,Beauty,9.0,65.24,232.42
8216,2023-06-26,65.0,Sports,8.0,266.37,293.42
8217,2023-10-20,52.0,Sports,4.0,366.47,197.72
8218,2023-11-04,,Home,8.0,407.6,178.37
8219,2023-08-13,23.0,Sports,9.0,401.79,98.82
8220,2023-05-31,67.0,Home,7.0,68.52,160.78
8221,2023-05-10,24.0,Clothing,2.0,449.42,164.87
8222,2023-12-09,58.0,Sports,1.0,332.96,137.27
8223,2023-04-14,42.0,Beauty,,,40.57
8224,2023-11-11,57.0,Sports,7.0,110.91,140.34
8225,2023-06-07,61.0,Sports,8.0,266.85,278.49
8226,2023-11-17,52.0,,3.0,134.33,116.96
8227,2023-07-11,39.0,,6.0,305.35,292.24
8228,2023-05-26,47.0,Electronics,8.0,320.29,269.56
8229,2023-12-18,58.0,Beauty,9.0,261.17,222.07
8230,2023-10-15,,Beauty,4.0,190.32,213.6
8231,2023-10-28,55.0,Electronics,1.0,90.46,190.99
8232,2023-04-10,23.0,Clothing,3.0,70.52,202.33
8233,2023-06-14,41.0,Home,,113.11,286.54
8234,2023-05-06,61.0,Clothing,7.0,56.96,76.12
8235,2023-05-01,51.0,Sports,2.0,435.03,
8236,2023-03-02,19.0,Electronics,3.0,391.76,275.24
8237,2023-07-09,42.0,Electronics,3.0,163.52,127.31
8238,2023-06-19,49.0,Sports,,431.4,241.08
8239,2023-07-15,24.0,Sports,2.0,250.33,106.3
8240,2023-06-07,26.0,Clothing,9.0,382.38,131.62
8241,2023-10-06,,Electronics,9.0,273.04,290.72
8242,2023-09-26,39.0,Beauty,3.0,,119.9
8243,2023-08-12,66.0,Beauty,8.0,375.45,
8244,2023-06-15,29.0,Clothing,4.0,316.7,284.68
8245,2023-07-11,,Clothing,9.0,454.78,64.52
8246,2023-10-11,23.0,Sports,8.0,228.57,178.49
8247,2023-04-08,50.0,Electronics,6.0,404.43,177.26
8248,2023-08-18,30.0,Sports,Unknown,363.75,27.0
8249,2023-08-30,31.0,Clothing,6.0,,174.21
8250,2023-09-11,65.0,Beauty,1.0,486.26,200.7
8251,2023-11-03,62.0,Electronics,4.0,246.48,219.68
8252,2023-06-16,27.0,Home,7.0,487.8,252.26
8253,2023-06-10,45.0,Beauty,5.0,46.19,236.02
8254,2023-08-14,29.0,Sports,3.0,215.33,142.23
8255,2023-09-05,55.0,Clothing,,158.64,78.51
8256,2023-01-31,27.0,Sports,8.0,402.04,221.85
8257,2023-10-23,,Electronics,4.0,182.48,150.82
8258,,,Electronics,8.0,58.8,76.89
8259,2023-01-13,39.0,Beauty,1.0,308.48,
8260,2023-06-27,53.0,Electronics,6.0,322.64,
8261,2023-05-20,31.0,Electronics,3.0,476.51,20.07
8262,2023-12-29,37.0,Beauty,8.0,171.13,215.55
8263,2023-01-17,39.0,Beauty,,205.19,208.16
8264,2023-07-31,68.0,,8.0,83.94,99.4
8265,2023-10-17,66.0,Home,8.0,63.0,176.23
8266,2023-08-22,62.0,Beauty,2.0,53.5,232.11
8267,2023-05-26,47.0,Beauty,1.0,225.89,33.76
8268,2023-04-13,19.0,Beauty,4.0,154.21,175.73
8269,2023-03-30,62.0,Beauty,1.0,,251.74
8270,2023-12-07,62.0,Beauty,6.0,298.49,267.44
8271,2023-09-23,,Sports,1.0,168.28,158.73
8272,2023-06-02,,Home,7.0,69.68,159.37
8273,2023-11-18,51.0,Home,6.0,17.27,280.74
8274,2023-01-15,54.0,,5.0,430.07,94.8
8275,2023-04-24,52.0,Electronics,6.0,60.19,299.28
8276,2023-05-22,68.0,Home,3.0,324.11,
8277,2023-10-17,47.0,Sports,5.0,51.26,173.14
8278,2023-01-25,57.0,Clothing,8.0,421.44,290.51
8279,,52.0,Beauty,3.0,217.95,120.94
8280,,44.0,Clothing,,113.19,240.11
8281,2023-09-07,69.0,Clothing,9.0,350.83,70.13
8282,2023-02-22,31.0,Home,3.0,456.94,152.51
8283,2023-06-15,59.0,Electronics,7.0,108.98,222.48
8284,2023-06-25,,Beauty,6.0,198.06,45.55
8285,,68.0,Electronics,6.0,459.63,146.77
8286,2023-12-16,22.0,Beauty,9.0,212.12,160.76
8287,2023-10-14,50.0,Beauty,1.0,368.14,278.18
8288,2023-10-11,30.0,Sports,1.0,151.08,42.09
8289,2023-06-28,,Clothing,2.0,452.88,251.94
8290,2023-10-30,18.0,Clothing,7.0,105.38,144.5
8291,2023-01-09,18.0,Electronics,7.0,494.59,66.99
8292,2023-05-24,,Clothing,Unknown,129.5,28.8
8293,2023-03-05,54.0,Electronics,9.0,,19.66
8294,2023-07-06,22.0,Beauty,4.0,240.42,53.72
8295,2023-04-28,66.0,Electronics,5.0,313.64,39.22
8296,2023-12-22,32.0,Sports,2.0,348.95,281.37
8297,2023-06-10,63.0,Beauty,7.0,114.58,209.74
8298,2023-06-18,,Sports,2.0,155.64,17.23
8299,2023-02-18,60.0,Clothing,5.0,,162.87
8300,2023-10-10,27.0,Sports,7.0,332.44,289.42
8301,2023-03-29,58.0,Clothing,Unknown,159.96,
8302,2023-11-12,18.0,Beauty,3.0,282.72,132.11
8303,2023-03-20,33.0,,7.0,106.85,229.24
8304,2023-02-01,58.0,,2.0,140.92,44.95
8305,,48.0,Clothing,4.0,328.86,
8306,2023-07-16,58.0,Sports,3.0,389.36,102.62
8307,2023-04-22,49.0,Sports,8.0,153.04,51.35
8308,2023-07-04,,Sports,4.0,323.45,282.63
8309,2023-06-14,54.0,Sports,8.0,166.15,138.26
8310,2023-11-26,61.0,Clothing,7.0,117.76,42.16
8311,2023-11-07,24.0,Sports,2.0,56.46,173.99
8312,2023-12-19,,Home,2.0,490.34,
8313,2023-06-17,31.0,Sports,7.0,473.83,
8314,2023-11-14,44.0,Beauty,3.0,154.4,198.07
8315,2023-10-02,20.0,Clothing,4.0,110.96,96.58
8316,2023-07-10,51.0,Electronics,9.0,92.74,180.37
8317,2023-01-10,54.0,Electronics,5.0,23.24,158.41
8318,2023-09-04,39.0,Clothing,,285.2,65.86
8319,2023-08-09,19.0,Sports,5.0,214.01,123.8
8320,2023-02-27,59.0,Sports,6.0,419.32,199.46
8321,2023-05-08,36.0,Electronics,6.0,220.64,
8322,2023-03-27,19.0,Home,4.0,192.86,283.07
8323,2023-07-24,31.0,,6.0,176.81,37.04
8324,2023-02-07,31.0,Home,2.0,68.46,34.46
8325,2023-04-19,35.0,Home,2.0,44.73,264.97
8326,2023-01-01,56.0,Clothing,5.0,200.63,238.41
8327,2023-08-23,26.0,Clothing,2.0,101.96,153.65
8328,2023-08-02,68.0,Electronics,8.0,232.25,95.36
8329,2023-08-31,46.0,Clothing,1.0,311.31,253.72
8330,2023-06-05,55.0,Sports,3.0,460.94,94.9
8331,2023-01-08,64.0,Home,6.0,415.92,190.04
8332,2023-07-01,23.0,Electronics,9.0,411.83,41.25
8333,2023-09-30,23.0,Electronics,1.0,230.77,95.57
8334,,,Home,5.0,303.97,46.75
8335,2023-03-19,52.0,Electronics,9.0,,188.46
8336,2023-08-09,,Electronics,9.0,220.63,140.23
8337,2023-12-13,40.0,Electronics,3.0,208.91,260.81
8338,2023-12-20,46.0,,2.0,418.66,
8339,2023-01-03,57.0,Home,9.0,415.97,92.37
8340,2023-04-22,41.0,Home,8.0,397.94,201.44
8341,2023-02-16,23.0,Home,8.0,174.79,210.83
8342,2023-08-09,31.0,Beauty,7.0,,240.08
8343,2023-07-16,64.0,Electronics,5.0,100.47,187.86
8344,2023-08-09,40.0,Electronics,5.0,312.97,
8345,2023-08-20,34.0,,3.0,131.14,23.22
8346,2023-06-02,23.0,Home,1.0,162.93,67.08
8347,,45.0,,6.0,365.01,233.14
8348,2023-03-06,62.0,Beauty,7.0,260.86,
8349,2023-06-22,34.0,Clothing,,478.14,276.23
8350,2023-04-26,52.0,Sports,2.0,250.93,183.13
8351,2023-03-10,69.0,Sports,1.0,397.38,238.11
8352,2023-05-06,40.0,Home,1.0,,50.26
8353,2023-02-22,37.0,Home,4.0,347.07,31.88
8354,2023-08-28,24.0,Electronics,6.0,359.61,109.13
8355,2023-04-23,18.0,Clothing,7.0,24.29,166.45
8356,2023-05-18,66.0,Home,5.0,399.34,168.54
8357,2023-10-31,20.0,Home,9.0,187.03,288.35
8358,2023-04-18,26.0,Home,3.0,401.92,255.83
8359,2023-11-22,59.0,Beauty,5.0,309.75,170.96
8360,,,Electronics,5.0,,92.12
8361,2023-01-25,24.0,Clothing,8.0,17.56,174.52
8362,2023-10-21,21.0,Clothing,9.0,132.13,242.4
8363,2023-12-20,64.0,Electronics,5.0,463.93,227.45
8364,2023-08-23,67.0,Electronics,Unknown,,298.66
8365,2023-04-10,65.0,Clothing,7.0,127.84,257.81
8366,2023-03-23,40.0,Clothing,Unknown,357.94,210.69
8367,2023-08-17,36.0,Clothing,5.0,350.48,36.85
8368,2023-01-01,23.0,Electronics,9.0,91.75,204.6
8369,2023-07-16,,Clothing,5.0,451.44,284.88
8370,2023-05-21,,Electronics,1.0,387.84,79.23
8371,2023-02-19,31.0,Sports,3.0,334.56,155.13
8372,2023-03-21,21.0,Clothing,7.0,66.86,
8373,2023-11-03,32.0,Electronics,7.0,234.47,171.7
8374,2023-02-02,56.0,Clothing,9.0,214.66,149.37
8375,2023-08-09,30.0,Home,6.0,286.16,151.04
8376,2023-05-06,58.0,Sports,6.0,45.55,56.93
8377,2023-10-24,22.0,Beauty,,463.82,132.34
8378,2023-02-11,31.0,Beauty,8.0,,123.13
8379,2023-02-02,69.0,Beauty,6.0,359.26,38.19
8380,2023-03-31,66.0,Clothing,,183.16,257.86
8381,,55.0,Clothing,2.0,311.23,224.72
8382,2023-07-15,51.0,Electronics,4.0,309.5,208.22
8383,2023-09-19,63.0,Beauty,,301.97,43.22
8384,2023-03-10,34.0,Electronics,1.0,158.25,189.7
8385,,48.0,Electronics,6.0,366.08,212.63
8386,2023-08-02,,Beauty,1.0,78.01,73.36
8387,2023-05-26,38.0,,8.0,334.97,74.27
8388,2023-08-22,34.0,Electronics,3.0,315.84,213.23
8389,2023-03-02,59.0,,2.0,440.13,154.02
8390,,67.0,Beauty,9.0,147.86,179.58
8391,2023-11-26,65.0,Beauty,6.0,38.35,
8392,2023-08-01,36.0,,1.0,318.22,246.97
8393,2023-12-18,25.0,Clothing,6.0,296.13,25.62
8394,2023-12-09,35.0,Sports,6.0,222.76,215.72
8395,2023-03-24,24.0,Electronics,4.0,334.34,178.39
8396,2023-07-25,,Beauty,9.0,27.04,130.13
8397,2023-03-18,,Sports,7.0,348.42,131.88
8398,2023-04-02,48.0,Sports,1.0,342.09,196.8
8399,2023-04-10,65.0,Home,7.0,317.85,259.96
8400,2023-07-14,34.0,Beauty,2.0,70.23,194.36
8401,2023-08-30,63.0,Clothing,4.0,398.18,271.99
8402,2023-01-10,29.0,Beauty,,351.49,237.51
8403,2023-11-16,61.0,Clothing,7.0,,111.02
8404,2023-02-28,44.0,Sports,4.0,377.97,26.75
8405,2023-02-19,29.0,Home,7.0,311.48,197.92
8406,2023-04-07,18.0,Sports,3.0,378.94,187.44
8407,2023-09-03,41.0,Electronics,,161.86,94.55
8408,2023-03-18,53.0,Beauty,6.0,360.06,132.0
8409,2023-05-26,40.0,Clothing,6.0,380.16,202.69
8410,2023-04-21,25.0,Electronics,5.0,258.83,146.63
8411,2023-09-10,29.0,Home,1.0,54.04,210.64
8412,2023-05-17,64.0,Sports,6.0,160.25,272.01
8413,2023-01-11,,Sports,6.0,,287.52
8414,,,Electronics,6.0,265.86,92.24
8415,2023-10-13,38.0,Sports,7.0,132.22,91.13
8416,2023-04-12,25.0,Sports,1.0,238.91,273.16
8417,2023-07-08,20.0,Home,3.0,24.88,135.15
8418,2023-06-15,55.0,Home,6.0,275.63,141.66
8419,2023-03-02,56.0,Home,8.0,93.97,179.62
8420,2023-04-23,38.0,,,238.61,
8421,2023-06-10,52.0,Beauty,6.0,124.89,211.47
8422,2023-12-05,20.0,Home,8.0,115.22,293.2
8423,2023-07-05,,Home,9.0,51.04,262.13
8424,2023-09-14,40.0,Home,3.0,52.56,258.68
8425,2023-11-21,,Electronics,2.0,260.43,192.09
8426,2023-04-16,19.0,Clothing,3.0,446.64,244.36
8427,,58.0,Beauty,1.0,51.5,249.16
8428,2023-01-29,26.0,Beauty,9.0,59.45,57.6
8429,2023-03-14,28.0,Sports,5.0,354.85,290.67
8430,2023-01-04,35.0,Sports,9.0,289.03,286.91
8431,2023-01-20,67.0,Clothing,8.0,255.32,190.54
8432,2023-05-16,46.0,Beauty,2.0,236.9,11.87
8433,2023-09-05,45.0,Electronics,3.0,348.35,53.67
8434,2023-02-02,37.0,,2.0,365.58,124.62
8435,2023-10-05,31.0,Beauty,1.0,201.42,120.35
8436,2023-01-15,57.0,Beauty,1.0,72.76,81.16
8437,2023-12-11,43.0,Beauty,9.0,105.68,292.63
8438,2023-02-19,21.0,Clothing,8.0,82.48,18.2
8439,2023-11-02,34.0,Electronics,1.0,144.9,252.44
8440,2023-04-26,,Electronics,5.0,92.01,124.2
8441,2023-06-22,45.0,Clothing,9.0,325.12,213.14
8442,2023-03-29,23.0,Home,Unknown,,203.47
8443,2023-11-07,67.0,Clothing,Unknown,447.56,227.76
8444,2023-07-01,,Clothing,8.0,153.02,33.1
8445,2023-06-30,63.0,Sports,4.0,313.37,37.09
8446,2023-05-10,,Home,8.0,399.72,180.62
8447,2023-11-02,,Home,6.0,204.94,216.85
8448,2023-05-17,19.0,Clothing,3.0,401.84,280.13
8449,2023-07-30,59.0,Electronics,,129.76,190.07
8450,2023-01-30,27.0,Beauty,3.0,190.45,176.11
8451,2023-01-24,31.0,Home,5.0,425.72,230.73
8452,2023-07-30,30.0,Sports,1.0,,169.49
8453,2023-04-16,28.0,Home,9.0,117.83,244.67
8454,2023-08-18,64.0,Clothing,9.0,165.5,242.82
8455,2023-03-09,66.0,Sports,,171.23,68.97
8456,2023-12-19,65.0,Beauty,5.0,265.89,51.45
8457,,42.0,Sports,,69.17,213.9
8458,2023-02-19,32.0,Home,4.0,323.42,116.71
8459,2023-02-15,,Beauty,5.0,392.61,151.52
8460,2023-09-25,26.0,Home,8.0,56.1,274.06
8461,2023-01-08,68.0,Electronics,7.0,149.16,17.44
8462,2023-03-19,57.0,Beauty,6.0,317.61,299.87
8463,2023-09-15,22.0,Sports,1.0,179.83,
8464,2023-11-26,29.0,Sports,7.0,76.79,158.01
8465,2023-12-09,59.0,Home,6.0,420.03,213.14
8466,2023-06-20,24.0,Home,1.0,340.65,200.14
8467,2023-05-29,28.0,Electronics,2.0,107.23,49.2
8468,2023-01-28,19.0,Sports,3.0,105.84,168.05
8469,2023-10-07,65.0,Sports,3.0,118.4,111.57
8470,2023-01-17,26.0,Clothing,5.0,271.31,170.93
8471,,65.0,Sports,6.0,179.08,41.64
8472,2023-11-26,47.0,Beauty,9.0,100.1,113.11
8473,2023-03-02,44.0,Home,3.0,371.03,102.9
8474,2023-02-02,49.0,Sports,8.0,315.81,289.28
8475,2023-04-22,47.0,Home,7.0,225.04,56.28
8476,2023-04-10,68.0,Sports,,407.32,165.79
8477,2023-08-06,,Clothing,5.0,386.61,141.32
8478,2023-09-28,35.0,Beauty,6.0,172.73,213.28
8479,2023-07-28,62.0,Electronics,5.0,223.54,143.7
8480,2023-07-25,45.0,Clothing,6.0,327.75,33.31
8481,2023-11-24,26.0,Clothing,2.0,60.27,234.89
8482,2023-12-31,57.0,Sports,1.0,132.32,26.64
8483,2023-12-02,30.0,Beauty,7.0,41.2,296.23
8484,2023-02-07,65.0,Electronics,1.0,97.73,178.98
8485,2023-08-16,61.0,Sports,6.0,387.26,
8486,2023-07-15,33.0,Beauty,9.0,294.34,20.7
8487,2023-10-09,23.0,Clothing,9.0,429.87,165.3
8488,2023-03-16,51.0,Clothing,6.0,326.06,263.24
8489,2023-07-27,49.0,Home,5.0,284.92,234.56
8490,2023-05-23,51.0,Electronics,3.0,318.13,61.46
8491,2023-12-27,36.0,Electronics,9.0,345.94,63.07
8492,2023-07-30,69.0,,7.0,316.23,268.02
8493,2023-02-27,55.0,Sports,5.0,71.61,214.13
8494,2023-09-23,22.0,Sports,8.0,221.32,97.38
8495,2023-09-28,51.0,,7.0,55.41,173.85
8496,2023-08-22,,Electronics,1.0,154.65,269.47
8497,2023-04-23,,Sports,,418.91,119.92
8498,2023-07-03,45.0,Sports,Unknown,376.74,279.05
8499,2023-08-31,56.0,Beauty,2.0,121.95,143.87
8500,2023-03-22,52.0,Sports,3.0,24.79,
8501,2023-11-17,56.0,Home,5.0,448.69,200.06
8502,2023-10-20,20.0,Electronics,5.0,388.45,91.39
8503,2023-03-10,36.0,Clothing,1.0,356.59,287.73
8504,2023-07-23,47.0,Sports,2.0,22.83,271.63
8505,,22.0,Beauty,7.0,392.9,116.53
8506,2023-08-31,51.0,Beauty,1.0,362.77,88.55
8507,2023-01-15,,Sports,7.0,99.88,206.7
8508,2023-11-05,25.0,Clothing,1.0,328.37,257.25
8509,2023-07-04,58.0,Beauty,4.0,432.08,149.49
8510,2023-01-04,55.0,Clothing,Unknown,191.88,196.26
8511,2023-08-18,,Beauty,,66.4,111.88
8512,2023-05-18,26.0,Sports,3.0,69.13,166.03
8513,2023-01-07,,Beauty,3.0,103.61,238.34
8514,2023-12-31,57.0,Clothing,8.0,231.63,27.2
8515,2023-04-06,54.0,Sports,5.0,27.45,106.5
8516,2023-06-26,21.0,Home,4.0,251.76,16.97
8517,2023-02-05,28.0,Sports,6.0,,110.12
8518,2023-10-26,48.0,Clothing,5.0,421.06,
8519,2023-10-16,,Sports,6.0,,49.79
8520,2023-04-07,19.0,Electronics,4.0,26.53,
8521,2023-10-28,62.0,Sports,6.0,88.8,296.12
8522,2023-12-17,51.0,Sports,4.0,430.27,265.24
8523,2023-09-11,24.0,Beauty,3.0,56.75,92.37
8524,2023-12-12,65.0,Clothing,7.0,355.74,57.77
8525,2023-04-24,23.0,Clothing,8.0,172.74,144.2
8526,2023-06-28,28.0,,2.0,477.87,289.99
8527,2023-11-09,38.0,Clothing,2.0,204.56,296.78
8528,,39.0,Sports,6.0,47.32,141.74
8529,2023-12-24,18.0,Beauty,7.0,120.97,201.48
8530,2023-05-27,37.0,Sports,2.0,305.92,
8531,2023-12-29,46.0,Home,9.0,219.12,182.3
8532,2023-01-03,62.0,Clothing,2.0,99.59,239.32
8533,2023-01-25,20.0,Sports,7.0,46.7,207.74
8534,2023-07-03,34.0,Beauty,4.0,123.52,75.06
8535,2023-05-03,66.0,Electronics,4.0,58.22,191.26
8536,2023-06-12,62.0,Electronics,4.0,39.88,168.49
8537,2023-02-08,63.0,Beauty,,188.93,203.83
8538,2023-07-14,30.0,Home,1.0,475.89,205.07
8539,2023-04-23,21.0,,7.0,363.28,242.69
8540,,66.0,Electronics,5.0,263.57,201.42
8541,2023-10-10,59.0,Clothing,8.0,86.75,89.84
8542,2023-10-14,68.0,Clothing,7.0,179.54,72.9
8543,2023-07-01,50.0,Home,6.0,499.3,196.85
8544,2023-12-05,18.0,Home,7.0,274.11,269.86
8545,2023-09-23,23.0,Clothing,8.0,105.93,46.79
8546,2023-11-06,29.0,,5.0,40.82,247.34
8547,2023-09-17,44.0,Home,7.0,241.68,22.01
8548,2023-06-25,42.0,Sports,8.0,,159.97
8549,2023-11-25,61.0,Beauty,4.0,59.06,
8550,2023-07-18,54.0,Sports,7.0,477.14,251.16
8551,2023-03-18,22.0,Electronics,8.0,219.61,43.44
8552,2023-11-23,36.0,Home,7.0,86.34,
8553,2023-09-07,66.0,Electronics,,412.31,155.54
8554,2023-02-27,62.0,Home,3.0,454.46,248.77
8555,2023-07-23,49.0,Electronics,4.0,180.17,53.3
8556,2023-11-28,44.0,Home,3.0,226.53,16.55
8557,2023-09-09,28.0,Clothing,,12.44,140.15
8558,2023-07-18,30.0,Home,6.0,19.67,18.65
8559,2023-08-28,47.0,Electronics,5.0,50.32,291.02
8560,2023-02-18,54.0,Clothing,1.0,163.99,206.85
8561,2023-12-09,,Electronics,6.0,479.27,255.33
8562,2023-01-07,33.0,Sports,8.0,362.45,47.26
8563,2023-06-28,21.0,Home,5.0,435.77,267.01
8564,2023-06-03,,Clothing,9.0,37.48,50.21
8565,2023-05-30,44.0,Sports,3.0,187.56,54.63
8566,2023-09-25,52.0,Home,8.0,457.91,251.04
8567,2023-06-10,53.0,Sports,8.0,269.09,167.18
8568,2023-09-08,56.0,Beauty,2.0,368.2,95.76
8569,2023-10-26,50.0,,1.0,,260.34
8570,2023-10-24,25.0,Home,9.0,445.36,
8571,2023-04-25,59.0,Sports,8.0,346.74,286.79
8572,,44.0,Beauty,7.0,375.15,149.81
8573,2023-03-29,44.0,Home,8.0,123.7,14.01
8574,2023-03-29,56.0,Home,6.0,87.25,185.62
8575,2023-12-01,25.0,Beauty,1.0,463.99,182.54
8576,2023-03-12,41.0,Electronics,7.0,295.17,249.19
8577,2023-04-09,,Electronics,3.0,,193.13
8578,,53.0,Beauty,4.0,388.48,166.08
8579,2023-12-09,59.0,Electronics,2.0,94.31,280.09
8580,2023-08-12,21.0,Sports,,279.6,95.71
8581,2023-11-26,32.0,Clothing,8.0,417.16,65.68
8582,2023-03-08,,Clothing,9.0,79.24,55.4
8583,2023-11-10,68.0,Sports,3.0,,20.32
8584,,65.0,Home,2.0,29.74,
8585,2023-02-26,,Beauty,1.0,149.04,119.42
8586,2023-09-29,,Electronics,2.0,,189.84
8587,2023-09-26,52.0,Home,2.0,204.8,88.34
8588,2023-10-26,23.0,Clothing,9.0,497.45,136.03
8589,2023-07-21,24.0,Clothing,5.0,416.98,146.36
8590,2023-06-08,62.0,Home,7.0,314.31,110.77
8591,2023-03-14,46.0,Sports,2.0,463.01,154.16
8592,2023-09-24,39.0,Electronics,,92.31,166.9
8593,2023-01-19,21.0,Clothing,4.0,261.75,237.29
8594,,,Clothing,8.0,236.18,109.47
8595,2023-10-07,34.0,Clothing,2.0,154.96,112.86
8596,2023-04-26,40.0,Electronics,2.0,426.48,120.71
8597,,41.0,Electronics,3.0,36.64,167.15
8598,2023-06-13,64.0,Electronics,7.0,213.65,133.58
8599,2023-08-10,53.0,Home,2.0,140.85,7.77
8600,2023-06-25,,Home,3.0,281.67,294.7
8601,2023-06-01,29.0,Sports,9.0,66.8,164.04
8602,2023-12-13,21.0,Home,7.0,279.8,213.4
8603,2023-12-30,63.0,Sports,2.0,235.82,231.87
8604,2023-05-01,42.0,Clothing,8.0,288.93,27.3
8605,2023-01-06,52.0,Sports,8.0,100.36,56.49
8606,2023-02-07,20.0,Home,8.0,266.3,228.57
8607,2023-04-12,43.0,Beauty,8.0,455.0,24.66
8608,2023-07-26,34.0,Sports,5.0,59.75,291.29
8609,2023-02-24,67.0,Electronics,9.0,42.85,149.5
8610,2023-08-16,58.0,Home,8.0,81.63,72.12
8611,,28.0,Beauty,9.0,213.51,256.4
8612,2023-10-17,60.0,,2.0,255.74,212.73
8613,2023-11-13,47.0,Sports,8.0,353.76,205.66
8614,2023-12-01,37.0,,7.0,491.66,15.0
8615,2023-06-24,51.0,,6.0,418.89,91.98
8616,2023-10-26,69.0,Sports,1.0,,134.34
8617,2023-09-05,42.0,Beauty,6.0,280.16,6.67
8618,2023-11-21,64.0,Beauty,3.0,192.71,139.72
8619,2023-07-23,20.0,Beauty,7.0,466.79,
8620,2023-02-27,21.0,Home,1.0,61.83,118.23
8621,,51.0,Sports,3.0,257.53,28.24
8622,2023-04-22,64.0,Clothing,1.0,391.13,184.49
8623,2023-08-22,41.0,Sports,4.0,319.38,272.21
8624,2023-04-25,34.0,Clothing,6.0,38.67,
8625,2023-08-11,45.0,Electronics,9.0,450.13,286.06
8626,2023-06-09,50.0,Home,7.0,102.41,144.28
8627,2023-04-06,21.0,Sports,3.0,414.32,212.69
8628,,41.0,Clothing,6.0,431.57,46.02
8629,2023-06-15,64.0,Beauty,1.0,44.08,115.18
8630,2023-02-01,47.0,Sports,9.0,361.07,204.09
8631,2023-06-28,,Electronics,5.0,318.86,93.78
8632,2023-02-06,62.0,Beauty,2.0,303.72,54.99
8633,,22.0,Home,1.0,466.72,251.77
8634,2023-06-17,54.0,Clothing,2.0,23.67,236.64
8635,2023-10-25,,Sports,1.0,34.76,265.38
8636,2023-01-11,,Sports,2.0,248.43,105.81
8637,2023-10-24,40.0,Electronics,2.0,22.67,195.85
8638,2023-10-23,60.0,Sports,1.0,120.84,54.72
8639,,27.0,Sports,3.0,254.12,49.41
8640,2023-11-23,44.0,Clothing,7.0,186.22,10.12
8641,,19.0,Home,6.0,61.99,5.79
8642,2023-04-19,,Beauty,8.0,354.36,166.67
8643,2023-02-09,37.0,Clothing,9.0,70.11,23.68
8644,,37.0,Electronics,9.0,,108.32
8645,2023-03-09,30.0,Sports,2.0,,288.95
8646,2023-07-28,34.0,Sports,4.0,255.44,206.36
8647,2023-09-15,42.0,Clothing,1.0,179.84,
8648,2023-05-02,45.0,Electronics,7.0,341.15,29.64
8649,2023-06-20,25.0,Beauty,5.0,324.28,274.62
8650,,32.0,Sports,4.0,,213.03
8651,2023-01-28,40.0,Sports,1.0,53.08,52.69
8652,2023-03-04,59.0,Beauty,3.0,194.23,124.79
8653,2023-02-10,21.0,Beauty,2.0,246.04,156.97
8654,2023-10-06,27.0,Home,5.0,416.83,56.92
8655,2023-02-20,53.0,Beauty,2.0,76.99,283.99
8656,2023-10-28,61.0,Sports,8.0,129.27,101.16
8657,2023-05-30,,Home,4.0,,138.34
8658,2023-05-15,33.0,Electronics,7.0,411.33,9.73
8659,2023-01-15,61.0,Beauty,4.0,240.34,27.69
8660,2023-06-23,61.0,Clothing,1.0,,95.61
8661,2023-12-09,52.0,Beauty,1.0,178.42,151.66
8662,2023-08-08,56.0,Clothing,7.0,211.38,
8663,2023-06-15,64.0,Clothing,3.0,298.85,273.33
8664,2023-03-18,62.0,Beauty,3.0,154.07,
8665,2023-03-07,18.0,Clothing,5.0,413.24,211.38
8666,2023-07-23,35.0,Electronics,3.0,266.84,73.91
8667,2023-07-25,41.0,Sports,1.0,478.45,
8668,2023-08-30,57.0,Beauty,,60.22,245.37
8669,2023-07-30,29.0,Sports,1.0,147.45,37.88
8670,2023-08-30,44.0,Beauty,4.0,80.62,260.6
8671,2023-07-15,22.0,Sports,6.0,488.39,69.28
8672,2023-09-26,69.0,Beauty,3.0,71.84,105.77
8673,2023-06-19,,Beauty,5.0,335.5,164.85
8674,2023-12-23,55.0,Electronics,6.0,173.27,242.06
8675,2023-08-20,,Home,3.0,177.49,276.54
8676,2023-10-02,54.0,Home,9.0,406.46,240.73
8677,2023-02-01,,Home,5.0,290.67,61.82
8678,2023-03-06,58.0,Clothing,6.0,16.45,73.15
8679,2023-05-31,22.0,Home,7.0,421.7,67.9
8680,2023-09-25,32.0,Sports,5.0,313.98,139.57
8681,2023-03-07,61.0,Sports,6.0,208.08,232.05
8682,2023-03-23,,Clothing,2.0,389.61,156.06
8683,2023-11-24,,Sports,3.0,302.64,159.24
8684,2023-11-23,41.0,Electronics,4.0,81.83,17.95
8685,2023-07-29,34.0,Sports,2.0,14.78,283.57
8686,2023-08-01,21.0,Electronics,9.0,78.02,214.65
8687,2023-06-06,27.0,Clothing,9.0,61.79,222.68
8688,2023-12-29,,Home,6.0,,168.44
8689,,46.0,Beauty,7.0,437.65,74.93
8690,2023-03-24,65.0,Beauty,8.0,59.26,182.54
8691,2023-08-22,36.0,Electronics,4.0,442.73,12.12
8692,2023-07-07,,Clothing,3.0,73.76,82.65
8693,2023-06-11,21.0,Sports,6.0,220.97,94.09
8694,2023-01-02,36.0,Sports,3.0,405.87,204.48
8695,2023-05-23,57.0,Sports,1.0,482.68,123.81
8696,2023-12-07,67.0,Home,1.0,127.05,
8697,2023-08-12,31.0,Beauty,4.0,203.76,212.46
8698,,33.0,Electronics,8.0,309.65,46.92
8699,2023-12-21,61.0,Clothing,3.0,27.34,103.8
8700,2023-10-24,56.0,Clothing,5.0,122.15,253.46
8701,,44.0,Home,2.0,348.26,273.33
8702,2023-04-20,43.0,Home,3.0,477.66,127.17
8703,2023-03-26,52.0,Home,2.0,82.86,39.87
8704,2023-08-28,38.0,Beauty,2.0,443.55,5.1
8705,2023-12-20,,Clothing,2.0,,82.26
8706,2023-11-21,37.0,Clothing,8.0,232.65,
8707,2023-06-07,22.0,Clothing,6.0,440.58,21.67
8708,2023-04-22,35.0,Electronics,4.0,295.91,
8709,2023-01-18,60.0,,,65.64,8.84
8710,2023-10-14,44.0,Home,4.0,94.79,64.61
8711,2023-10-08,38.0,Beauty,9.0,269.6,228.46
8712,2023-07-12,21.0,Clothing,6.0,95.17,91.33
8713,2023-01-07,54.0,Beauty,9.0,61.26,69.88
8714,,29.0,,5.0,154.49,182.18
8715,2023-06-26,63.0,Sports,5.0,,67.38
8716,2023-02-10,37.0,Sports,5.0,240.52,231.41
8717,2023-06-29,44.0,Beauty,6.0,139.06,48.8
8718,2023-12-14,58.0,Electronics,5.0,29.43,118.4
8719,2023-11-19,52.0,Home,8.0,390.58,259.67
8720,2023-04-26,66.0,Home,6.0,101.22,
8721,,29.0,Sports,2.0,492.52,
8722,2023-09-09,25.0,Home,6.0,453.65,38.03
8723,2023-06-30,54.0,Sports,2.0,438.47,284.11
8724,2023-04-26,47.0,Sports,2.0,308.27,252.59
8725,2023-01-13,33.0,Home,2.0,450.32,205.64
8726,2023-09-24,27.0,Beauty,3.0,341.09,221.97
8727,2023-09-01,43.0,Clothing,6.0,71.36,45.41
8728,2023-09-30,57.0,Home,8.0,99.96,205.97
8729,2023-07-10,26.0,Electronics,3.0,338.06,10.17
8730,2023-11-27,40.0,Beauty,8.0,467.37,47.73
8731,2023-05-17,30.0,,5.0,336.91,
8732,2023-02-06,56.0,Electronics,5.0,352.03,71.64
8733,2023-10-30,35.0,Electronics,8.0,197.32,216.56
8734,2023-05-22,61.0,Home,8.0,410.41,105.79
8735,2023-09-12,38.0,Sports,6.0,99.31,53.27
8736,2023-07-27,58.0,Clothing,5.0,327.89,247.79
8737,2023-02-15,,Clothing,9.0,99.72,135.61
8738,2023-05-16,27.0,Electronics,5.0,256.8,69.89
8739,2023-01-04,36.0,Sports,1.0,219.17,200.1
8740,2023-10-17,34.0,Home,8.0,135.18,172.46
8741,2023-03-04,31.0,Clothing,2.0,41.22,152.69
8742,2023-05-18,51.0,Beauty,1.0,113.08,180.03
8743,2023-09-19,41.0,Home,3.0,81.83,47.72
8744,2023-06-01,23.0,Sports,8.0,88.62,243.63
8745,2023-08-22,62.0,Clothing,1.0,59.71,135.78
8746,2023-12-27,,Beauty,4.0,253.98,104.67
8747,2023-08-14,23.0,Electronics,5.0,113.44,153.93
8748,2023-03-12,62.0,Electronics,1.0,415.78,81.51
8749,2023-03-30,31.0,Clothing,8.0,,219.53
8750,2023-07-07,,Home,1.0,100.29,90.46
8751,2023-08-27,22.0,Beauty,,436.55,131.7
8752,2023-05-30,65.0,Home,8.0,100.38,203.07
8753,2023-11-15,19.0,Sports,1.0,44.1,103.72
8754,2023-10-01,35.0,Clothing,9.0,388.44,58.61
8755,2023-05-19,,Beauty,2.0,189.41,82.68
8756,2023-04-27,20.0,Clothing,Unknown,411.07,232.2
8757,2023-01-17,38.0,Home,5.0,176.08,23.49
8758,,,Electronics,7.0,298.51,188.2
8759,2023-11-09,26.0,Clothing,,222.41,214.73
8760,2023-04-24,41.0,Clothing,2.0,185.57,45.65
8761,2023-05-19,31.0,Home,,298.84,
8762,2023-04-02,29.0,Electronics,1.0,136.03,88.99
8763,2023-07-26,60.0,Clothing,9.0,44.08,48.99
8764,2023-11-17,45.0,Home,6.0,356.94,21.0
8765,2023-06-07,18.0,Clothing,2.0,77.73,172.23
8766,2023-08-13,18.0,Electronics,7.0,125.91,168.98
8767,2023-07-27,51.0,Home,7.0,236.89,85.73
8768,,40.0,Electronics,6.0,101.24,243.97
8769,2023-10-14,67.0,Clothing,7.0,350.91,85.83
8770,2023-02-17,40.0,Sports,5.0,448.76,138.97
8771,2023-06-07,60.0,Clothing,8.0,269.02,
8772,2023-09-05,48.0,Home,8.0,326.78,17.46
8773,2023-04-16,,Clothing,4.0,436.31,255.61
8774,2023-04-08,65.0,Electronics,6.0,499.51,187.24
8775,2023-11-04,23.0,Beauty,7.0,247.8,169.01
8776,2023-05-20,69.0,Beauty,1.0,283.41,75.99
8777,2023-07-09,34.0,Clothing,9.0,23.14,270.08
8778,2023-06-12,39.0,Clothing,7.0,183.76,274.14
8779,2023-01-31,22.0,Beauty,1.0,310.64,269.5
8780,2023-08-31,,Sports,1.0,460.44,83.53
8781,2023-07-09,27.0,Beauty,3.0,364.72,170.5
8782,2023-11-11,64.0,Clothing,6.0,430.67,41.36
8783,2023-06-26,47.0,Home,9.0,494.63,98.7
8784,2023-10-21,22.0,Clothing,7.0,90.79,249.41
8785,2023-08-03,,Home,4.0,438.61,
8786,2023-03-26,52.0,Electronics,4.0,173.11,149.99
8787,2023-05-08,60.0,Home,5.0,344.88,132.76
8788,2023-01-23,43.0,Sports,1.0,276.17,149.39
8789,2023-04-17,59.0,Home,5.0,407.58,262.55
8790,2023-05-25,59.0,Beauty,3.0,262.36,234.44
8791,2023-07-10,33.0,Home,,103.52,273.03
8792,2023-04-22,30.0,Sports,5.0,159.16,229.59
8793,2023-07-19,31.0,Clothing,3.0,,272.21
8794,2023-01-07,35.0,Home,5.0,242.6,286.49
8795,2023-03-21,37.0,Beauty,6.0,255.08,264.13
8796,2023-09-29,29.0,Beauty,1.0,,169.16
8797,2023-05-30,60.0,,7.0,93.83,281.21
8798,2023-10-23,21.0,Beauty,9.0,228.44,129.3
8799,2023-11-30,62.0,Home,6.0,189.09,165.71
8800,2023-11-15,62.0,Sports,4.0,50.57,136.19
8801,2023-09-05,53.0,Sports,1.0,335.09,250.86
8802,2023-05-17,32.0,Sports,9.0,202.41,192.78
8803,2023-02-13,44.0,Electronics,2.0,272.95,192.7
8804,2023-04-29,40.0,Electronics,9.0,155.44,35.91
8805,2023-12-02,50.0,Beauty,9.0,36.44,172.9
8806,2023-03-24,,Sports,8.0,403.32,122.44
8807,2023-10-01,18.0,Home,2.0,384.59,27.78
8808,2023-09-09,,Beauty,4.0,23.26,131.42
8809,2023-08-27,33.0,Beauty,5.0,98.87,224.17
8810,2023-11-10,58.0,Clothing,6.0,245.56,91.25
8811,2023-06-29,61.0,Electronics,5.0,294.77,55.63
8812,2023-10-22,65.0,Home,5.0,286.59,76.81
8813,2023-07-22,21.0,Clothing,9.0,286.54,83.95
8814,,47.0,Sports,2.0,67.36,282.78
8815,2023-12-10,34.0,Beauty,7.0,16.0,164.24
8816,2023-07-25,47.0,Beauty,8.0,182.96,
8817,2023-06-20,51.0,Clothing,8.0,13.02,41.49
8818,,26.0,,2.0,468.67,82.45
8819,2023-06-28,48.0,Sports,7.0,223.16,270.37
8820,2023-03-03,48.0,Clothing,6.0,281.86,258.51
8821,2023-05-13,40.0,Beauty,3.0,296.53,51.14
8822,2023-07-08,19.0,Home,4.0,284.72,259.03
8823,2023-09-20,45.0,Electronics,7.0,77.73,109.96
8824,2023-08-12,66.0,Sports,6.0,334.68,24.44
8825,2023-03-17,46.0,Home,6.0,298.5,71.96
8826,,,Clothing,6.0,324.55,141.89
8827,2023-04-12,30.0,,1.0,41.0,247.91
8828,2023-03-06,46.0,Sports,7.0,226.86,145.89
8829,2023-03-03,45.0,Home,3.0,221.03,29.34
8830,2023-07-22,68.0,Beauty,,451.84,54.93
8831,2023-07-14,58.0,Sports,7.0,,69.18
8832,2023-04-17,51.0,Clothing,5.0,242.13,72.85
8833,2023-09-24,42.0,Home,5.0,290.08,12.7
8834,2023-07-21,69.0,Sports,1.0,328.92,214.79
8835,2023-10-29,,Electronics,9.0,406.95,247.89
8836,2023-12-03,38.0,,3.0,463.45,263.41
8837,2023-04-08,35.0,Home,5.0,282.1,111.53
8838,2023-09-18,,Clothing,,452.31,141.25
8839,2023-02-17,22.0,Home,,476.14,215.59
8840,2023-08-14,67.0,Beauty,6.0,222.28,277.98
8841,2023-11-24,45.0,Sports,3.0,86.14,70.6
8842,2023-10-29,61.0,Sports,,335.71,135.0
8843,2023-01-23,50.0,Beauty,1.0,98.96,247.88
8844,2023-04-04,56.0,Home,4.0,,63.05
8845,2023-10-17,32.0,Electronics,5.0,163.93,294.69
8846,2023-10-12,62.0,Clothing,8.0,81.61,133.15
8847,2023-07-04,27.0,Sports,2.0,123.1,200.05
8848,2023-04-20,52.0,Sports,7.0,120.5,59.53
8849,2023-04-06,22.0,Beauty,3.0,385.15,202.46
8850,2023-10-01,32.0,Clothing,2.0,,21.77
8851,2023-12-04,43.0,Electronics,4.0,358.87,206.25
8852,2023-08-25,56.0,,8.0,373.25,24.95
8853,2023-05-18,52.0,Clothing,7.0,441.99,52.09
8854,2023-02-13,65.0,Sports,3.0,,78.6
8855,2023-05-06,52.0,Home,,290.38,215.9
8856,2023-03-05,24.0,Beauty,4.0,81.4,273.61
8857,2023-02-20,,Beauty,5.0,395.15,242.97
8858,2023-02-25,65.0,Beauty,2.0,268.4,20.45
8859,2023-11-22,67.0,Beauty,6.0,249.74,286.43
8860,2023-11-13,66.0,Electronics,5.0,182.04,96.04
8861,2023-12-23,58.0,,8.0,28.19,285.12
8862,,56.0,Home,1.0,166.5,
8863,2023-05-06,30.0,Beauty,4.0,118.66,175.97
8864,,56.0,Home,1.0,235.24,71.13
8865,2023-03-24,29.0,Beauty,6.0,437.81,126.69
8866,2023-05-21,,Beauty,,175.13,103.54
8867,2023-04-05,59.0,,8.0,463.26,197.14
8868,2023-04-20,25.0,Sports,7.0,,99.92
8869,2023-04-11,45.0,Home,2.0,22.65,
8870,2023-11-15,,Home,6.0,15.46,263.52
8871,2023-08-05,60.0,Home,7.0,,118.76
8872,2023-01-28,24.0,Sports,4.0,336.72,84.38
8873,2023-01-17,42.0,Electronics,6.0,306.89,292.23
8874,2023-03-18,49.0,Beauty,2.0,399.84,237.93
8875,2023-06-14,28.0,Beauty,8.0,87.99,258.42
8876,2023-01-24,,Electronics,7.0,297.98,150.93
8877,2023-01-02,61.0,Clothing,8.0,62.61,191.02
8878,2023-12-08,19.0,Clothing,,462.24,212.21
8879,2023-12-03,60.0,Electronics,8.0,,15.64
8880,2023-07-16,31.0,Beauty,8.0,113.32,20.17
8881,2023-09-22,61.0,Home,6.0,433.16,239.01
8882,2023-03-04,51.0,Sports,6.0,299.04,66.73
8883,2023-01-30,64.0,Home,1.0,303.27,75.88
8884,2023-01-21,59.0,,6.0,212.3,119.7
8885,2023-05-15,,Clothing,1.0,480.56,188.22
8886,2023-03-28,42.0,Beauty,,108.29,42.0
8887,2023-03-10,28.0,Sports,1.0,39.49,282.58
8888,2023-11-11,61.0,Home,1.0,455.8,285.52
8889,2023-05-26,18.0,Home,2.0,218.6,11.0
8890,2023-09-20,,Home,5.0,189.81,32.88
8891,2023-03-27,43.0,Electronics,7.0,259.69,95.41
8892,2023-04-26,23.0,Sports,6.0,207.77,254.65
8893,2023-12-09,42.0,Clothing,,255.07,131.88
8894,2023-04-14,45.0,Electronics,6.0,476.02,219.79
8895,2023-10-27,40.0,Sports,7.0,33.22,190.15
8896,2023-09-29,49.0,Clothing,5.0,52.93,223.02
8897,2023-06-05,50.0,Home,7.0,364.66,7.56
8898,2023-05-01,36.0,Home,7.0,,29.18
8899,,34.0,Beauty,6.0,56.01,
8900,2023-02-18,31.0,Beauty,2.0,463.41,100.88
8901,2023-12-06,63.0,Electronics,2.0,321.02,162.18
8902,2023-12-12,56.0,Clothing,1.0,368.41,20.34
8903,2023-03-14,56.0,Clothing,5.0,77.64,115.18
8904,2023-06-26,23.0,Home,5.0,199.31,214.4
8905,2023-11-05,23.0,,1.0,87.33,263.63
8906,2023-09-12,43.0,Sports,2.0,260.65,5.43
8907,2023-03-16,19.0,Sports,2.0,173.98,28.01
8908,2023-07-14,38.0,Sports,7.0,,181.21
8909,2023-01-03,61.0,Home,4.0,120.24,61.02
8910,2023-09-30,53.0,Clothing,8.0,427.95,10.2
8911,2023-09-20,60.0,Home,6.0,113.35,290.28
8912,2023-08-13,68.0,Sports,5.0,467.45,60.85
8913,2023-12-31,47.0,,1.0,249.42,96.09
8914,2023-07-14,50.0,Clothing,6.0,210.24,
8915,2023-10-30,65.0,Electronics,6.0,494.57,203.6
8916,2023-05-01,40.0,Sports,8.0,475.36,163.79
8917,2023-02-19,37.0,Home,7.0,241.99,159.85
8918,2023-01-22,47.0,Home,7.0,435.96,208.75
8919,2023-01-05,47.0,Clothing,4.0,207.17,289.76
8920,2023-03-19,18.0,Beauty,1.0,173.77,
8921,2023-12-14,31.0,Beauty,5.0,498.14,152.06
8922,2023-06-12,,Home,9.0,408.95,217.38
8923,2023-08-25,41.0,Clothing,5.0,51.0,
8924,2023-12-15,63.0,Electronics,1.0,50.74,257.4
8925,2023-08-15,,Electronics,3.0,139.95,64.89
8926,,33.0,Sports,1.0,218.55,113.07
8927,2023-03-12,29.0,Home,4.0,134.99,255.32
8928,2023-02-24,55.0,Beauty,2.0,406.19,128.44
8929,2023-07-28,64.0,Home,8.0,63.61,217.03
8930,2023-09-06,33.0,Clothing,4.0,302.84,103.16
8931,2023-10-23,18.0,Electronics,6.0,414.55,275.89
8932,2023-01-20,61.0,Home,5.0,258.34,26.54
8933,2023-11-26,55.0,Sports,4.0,274.68,182.72
8934,2023-04-30,34.0,Sports,3.0,100.14,
8935,2023-01-25,,Electronics,5.0,330.71,36.37
8936,2023-09-17,65.0,Beauty,,45.65,147.48
8937,2023-05-23,,Clothing,,26.95,187.19
8938,2023-12-01,,Beauty,2.0,391.55,163.66
8939,2023-11-23,,Clothing,2.0,127.21,75.87
8940,2023-04-09,66.0,Sports,2.0,462.92,108.35
8941,2023-02-01,45.0,Sports,3.0,27.0,29.63
8942,2023-01-13,50.0,Beauty,7.0,85.45,134.14
8943,2023-12-18,,Beauty,5.0,493.43,281.97
8944,2023-07-21,26.0,Electronics,2.0,167.91,129.83
8945,2023-04-03,47.0,,5.0,472.84,92.78
8946,2023-11-12,,Beauty,8.0,446.18,272.02
8947,2023-08-02,,Beauty,9.0,213.18,190.52
8948,2023-02-12,30.0,Beauty,9.0,203.58,190.25
8949,2023-07-11,33.0,Electronics,1.0,250.48,265.6
8950,2023-06-25,,Home,7.0,93.76,245.78
8951,2023-06-07,22.0,Beauty,9.0,493.76,275.59
8952,2023-12-06,32.0,Home,9.0,42.81,
8953,2023-03-12,58.0,Home,9.0,193.44,166.1
8954,2023-10-12,18.0,Home,5.0,290.02,108.05
8955,2023-05-23,28.0,Clothing,1.0,420.07,129.98
8956,2023-11-16,63.0,Sports,1.0,492.97,288.3
8957,2023-07-04,,Clothing,6.0,248.85,238.79
8958,2023-08-04,49.0,Beauty,9.0,434.71,223.32
8959,2023-10-20,,Clothing,,332.29,155.72
8960,2023-03-19,30.0,Beauty,8.0,211.07,40.57
8961,2023-07-21,52.0,Sports,8.0,317.46,257.46
8962,2023-03-16,65.0,Home,7.0,437.71,140.96
8963,2023-06-02,69.0,Home,9.0,153.97,51.19
8964,2023-03-19,37.0,Clothing,2.0,209.74,249.57
8965,2023-07-14,57.0,Beauty,6.0,18.19,227.2
8966,2023-02-23,,Electronics,5.0,231.98,68.11
8967,2023-11-05,58.0,Home,9.0,167.27,52.2
8968,2023-06-05,57.0,Sports,7.0,198.2,122.21
8969,2023-11-07,,Electronics,,364.09,
8970,2023-04-22,64.0,Electronics,1.0,210.14,72.94
8971,2023-01-20,43.0,Clothing,2.0,145.38,
8972,2023-03-22,47.0,Home,5.0,262.35,67.83
8973,2023-03-10,22.0,Clothing,2.0,40.85,281.82
8974,2023-07-24,21.0,Home,4.0,142.62,195.5
8975,2023-04-04,38.0,Clothing,4.0,438.49,38.5
8976,2023-12-09,43.0,Sports,8.0,323.93,257.31
8977,2023-03-26,28.0,Beauty,6.0,366.0,221.54
8978,2023-04-21,39.0,Electronics,3.0,227.95,145.12
8979,2023-03-24,54.0,Electronics,,138.7,35.55
8980,2023-03-19,59.0,Clothing,,339.64,257.15
8981,2023-05-20,32.0,,3.0,132.19,110.48
8982,2023-09-28,53.0,Beauty,1.0,379.52,
8983,2023-06-18,42.0,Electronics,6.0,252.19,81.81
8984,2023-09-19,64.0,Sports,1.0,166.59,226.88
8985,2023-08-17,21.0,Home,2.0,96.67,28.74
8986,2023-05-02,,Beauty,7.0,356.05,94.7
8987,2023-07-12,46.0,Sports,9.0,124.73,12.38
8988,2023-05-25,36.0,Sports,2.0,300.28,151.81
8989,2023-03-05,62.0,Electronics,7.0,254.73,
8990,2023-10-11,19.0,Home,6.0,492.43,99.02
8991,2023-08-24,40.0,Sports,3.0,82.06,111.47
8992,2023-06-02,43.0,Beauty,7.0,432.55,69.1
8993,2023-05-31,,Home,7.0,475.77,264.86
8994,2023-07-01,56.0,,7.0,173.38,19.58
8995,2023-03-17,27.0,Electronics,7.0,286.31,216.42
8996,2023-07-22,63.0,Clothing,3.0,134.71,131.27
8997,2023-09-20,29.0,Clothing,5.0,470.8,127.86
8998,2023-05-11,61.0,Electronics,3.0,160.37,
8999,2023-10-26,40.0,Home,5.0,52.68,79.7
9000,2023-01-01,34.0,Clothing,7.0,197.23,168.65
9001,2023-08-07,55.0,Beauty,8.0,187.7,77.69
9002,2023-07-23,49.0,Home,5.0,433.61,77.59
9003,2023-10-07,37.0,Home,6.0,450.26,170.27
9004,2023-10-05,53.0,Home,7.0,50.01,224.64
9005,2023-01-13,60.0,Clothing,6.0,37.65,162.01
9006,2023-11-14,51.0,Home,2.0,102.19,30.98
9007,2023-03-19,54.0,Clothing,5.0,396.01,111.29
9008,2023-12-13,26.0,,4.0,37.91,278.1
9009,2023-07-04,46.0,Electronics,6.0,229.94,271.28
9010,2023-02-02,69.0,Clothing,9.0,72.08,107.71
9011,2023-07-17,30.0,Sports,1.0,127.58,16.11
9012,2023-08-16,27.0,Electronics,1.0,441.72,46.9
9013,,35.0,Home,4.0,27.51,294.41
9014,2023-03-16,61.0,Electronics,2.0,252.01,82.11
9015,2023-06-10,44.0,Beauty,8.0,280.19,164.39
9016,2023-08-27,,Beauty,9.0,360.29,219.08
9017,2023-04-08,,Electronics,9.0,157.56,144.41
9018,2023-09-19,62.0,Electronics,7.0,377.38,69.16
9019,2023-07-12,57.0,Home,8.0,50.74,219.52
9020,2023-08-10,41.0,Sports,2.0,334.74,59.53
9021,2023-01-10,41.0,Sports,8.0,483.77,28.61
9022,2023-09-22,,,7.0,344.71,104.47
9023,2023-05-19,47.0,Sports,7.0,200.1,181.06
9024,,46.0,Electronics,5.0,207.54,101.4
9025,2023-04-13,43.0,Beauty,2.0,284.71,163.38
9026,2023-04-12,32.0,Electronics,4.0,234.13,180.55
9027,2023-06-10,47.0,Electronics,2.0,128.01,
9028,2023-10-02,,Electronics,8.0,364.51,250.96
9029,2023-05-19,,Sports,7.0,322.88,138.5
9030,2023-11-13,69.0,Beauty,9.0,139.83,81.42
9031,2023-10-18,,Sports,,101.06,185.69
9032,2023-12-25,,Home,1.0,10.06,92.42
9033,2023-05-15,35.0,Clothing,3.0,391.58,216.52
9034,2023-02-24,57.0,Beauty,4.0,240.62,48.02
9035,2023-09-09,45.0,Clothing,7.0,27.52,132.05
9036,2023-06-12,47.0,Clothing,5.0,55.54,181.0
9037,2023-03-09,,Beauty,3.0,44.09,243.73
9038,2023-03-08,61.0,Clothing,2.0,89.8,111.53
9039,2023-01-02,19.0,Home,1.0,208.76,149.04
9040,2023-01-01,,Home,6.0,486.85,182.16
9041,2023-03-29,48.0,Home,1.0,,18.79
9042,2023-04-02,54.0,Home,7.0,267.99,227.6
9043,2023-06-09,33.0,Sports,4.0,68.82,162.0
9044,,50.0,Clothing,3.0,164.47,18.54
9045,2023-07-15,38.0,Clothing,Unknown,279.1,31.39
9046,2023-11-05,23.0,Clothing,5.0,295.48,103.24
9047,2023-12-02,66.0,Beauty,7.0,372.83,279.54
9048,2023-05-18,31.0,,4.0,66.07,226.57
9049,2023-02-05,38.0,Home,3.0,126.14,100.1
9050,2023-05-26,47.0,Home,6.0,241.24,252.37
9051,2023-02-10,41.0,Electronics,5.0,25.85,23.61
9052,2023-05-06,21.0,Electronics,6.0,,194.32
9053,2023-12-16,30.0,Home,3.0,396.19,
9054,2023-11-20,63.0,Electronics,6.0,406.74,282.71
9055,2023-11-19,23.0,Beauty,1.0,78.77,
9056,2023-01-18,,Beauty,2.0,366.64,35.48
9057,2023-02-04,43.0,Sports,3.0,445.0,114.02
9058,2023-10-09,20.0,Beauty,4.0,267.65,241.13
9059,2023-03-02,52.0,Beauty,5.0,312.51,194.45
9060,2023-12-13,59.0,Clothing,2.0,143.62,55.41
9061,2023-05-13,43.0,Sports,5.0,479.45,195.74
9062,2023-09-13,37.0,Electronics,7.0,269.99,
9063,2023-08-19,66.0,Electronics,6.0,36.84,251.81
9064,2023-02-04,,Home,7.0,277.0,260.22
9065,2023-05-21,54.0,Electronics,5.0,,163.97
9066,2023-10-12,,Sports,2.0,437.85,198.46
9067,2023-06-05,22.0,Beauty,8.0,412.96,298.3
9068,2023-04-23,64.0,Electronics,,79.51,79.26
9069,2023-07-28,44.0,Home,9.0,,89.68
9070,2023-03-27,66.0,Clothing,1.0,356.51,150.2
9071,2023-02-23,21.0,Home,2.0,400.45,64.51
9072,2023-09-22,42.0,Clothing,6.0,166.35,64.32
9073,2023-11-29,53.0,Electronics,2.0,61.39,52.73
9074,2023-07-22,48.0,Electronics,4.0,390.99,156.84
9075,2023-09-13,54.0,Beauty,6.0,214.75,185.99
9076,2023-06-29,47.0,Home,9.0,450.21,158.82
9077,2023-02-04,59.0,Home,8.0,173.78,22.71
9078,2023-06-10,39.0,Clothing,4.0,344.98,110.55
9079,2023-07-02,60.0,Electronics,7.0,431.19,136.51
9080,2023-08-14,35.0,Home,5.0,324.05,60.99
9081,,,Electronics,7.0,154.46,249.43
9082,2023-03-18,39.0,Electronics,3.0,,103.88
9083,2023-04-21,41.0,Home,2.0,246.38,217.63
9084,2023-01-14,21.0,Sports,3.0,479.2,97.51
9085,2023-07-08,22.0,Home,6.0,242.49,34.43
9086,2023-11-30,33.0,Home,7.0,191.69,86.65
9087,2023-04-01,36.0,Sports,,355.1,279.47
9088,2023-01-17,41.0,Beauty,9.0,344.34,231.02
9089,2023-06-15,24.0,Beauty,2.0,21.33,188.38
9090,2023-10-09,39.0,Electronics,2.0,322.64,83.65
9091,2023-03-11,59.0,Clothing,3.0,313.89,265.64
9092,2023-06-19,69.0,Home,5.0,51.45,205.59
9093,2023-12-12,49.0,Clothing,7.0,486.91,285.92
9094,2023-10-24,48.0,Electronics,5.0,171.97,285.3
9095,2023-09-30,62.0,Home,8.0,371.52,76.56
9096,2023-08-09,46.0,Clothing,8.0,269.13,229.08
9097,2023-12-31,30.0,Clothing,7.0,194.51,70.63
9098,2023-05-16,32.0,,9.0,286.86,27.05
9099,2023-12-02,37.0,Clothing,4.0,302.02,186.3
9100,2023-01-18,23.0,Home,6.0,320.63,152.76
9101,2023-07-24,21.0,Home,1.0,120.49,102.88
9102,2023-03-24,53.0,Clothing,5.0,86.13,164.23
9103,2023-06-15,29.0,Home,4.0,445.81,98.61
9104,2023-06-13,58.0,Beauty,6.0,434.67,299.01
9105,2023-02-08,25.0,Clothing,2.0,99.96,40.43
9106,2023-05-02,28.0,Beauty,6.0,149.1,184.02
9107,2023-07-27,21.0,Sports,5.0,397.54,36.49
9108,2023-08-27,,Sports,4.0,395.14,256.99
9109,2023-08-12,26.0,Electronics,7.0,279.7,235.64
9110,2023-08-08,,Clothing,1.0,357.7,
9111,2023-08-21,19.0,Home,1.0,270.34,248.1
9112,2023-03-21,66.0,Home,4.0,361.57,38.73
9113,2023-05-05,40.0,Sports,2.0,124.11,59.63
9114,2023-10-04,19.0,Home,3.0,405.6,26.36
9115,2023-09-24,63.0,,3.0,,93.66
9116,2023-11-09,59.0,Sports,1.0,489.12,270.39
9117,2023-06-07,24.0,Clothing,4.0,99.58,256.89
9118,2023-10-28,,,6.0,175.7,158.52
9119,2023-04-28,39.0,Beauty,3.0,138.7,206.93
9120,2023-07-01,18.0,Home,4.0,499.23,162.95
9121,2023-12-25,20.0,Electronics,7.0,52.22,171.26
9122,2023-10-12,,Electronics,5.0,298.4,228.29
9123,2023-12-27,30.0,Clothing,9.0,455.27,20.33
9124,2023-12-07,,Clothing,8.0,249.97,252.73
9125,2023-03-30,23.0,Electronics,2.0,50.91,
9126,2023-08-09,35.0,Beauty,7.0,474.2,268.36
9127,2023-08-29,43.0,Beauty,9.0,124.91,178.52
9128,2023-02-22,50.0,Sports,7.0,400.75,269.89
9129,2023-01-31,34.0,Clothing,2.0,109.81,156.7
9130,2023-09-23,39.0,Beauty,,307.65,254.01
9131,2023-02-13,66.0,Sports,,,6.94
9132,2023-12-01,,Home,Unknown,414.43,63.02
9133,2023-03-31,45.0,Clothing,7.0,336.75,292.49
9134,,30.0,Clothing,5.0,410.04,54.04
9135,,64.0,Electronics,6.0,100.05,243.96
9136,2023-08-02,38.0,Home,Unknown,427.96,58.45
9137,,35.0,Sports,4.0,166.45,189.77
9138,2023-10-18,30.0,Clothing,4.0,97.96,207.06
9139,2023-02-22,49.0,Home,7.0,62.42,
9140,2023-08-20,47.0,Clothing,1.0,15.97,175.89
9141,2023-05-02,27.0,Home,5.0,316.7,231.04
9142,2023-11-29,23.0,Home,1.0,411.05,53.75
9143,2023-01-16,36.0,Sports,4.0,32.76,171.14
9144,,56.0,Beauty,4.0,77.83,94.58
9145,2023-09-19,69.0,Home,1.0,173.66,6.98
9146,2023-01-15,20.0,Clothing,9.0,232.29,285.21
9147,2023-03-04,23.0,,4.0,145.05,257.44
9148,2023-05-01,57.0,,8.0,386.73,129.15
9149,2023-04-17,66.0,Home,,115.18,237.08
9150,2023-01-16,47.0,Beauty,3.0,159.31,108.03
9151,2023-11-05,56.0,Beauty,6.0,289.85,111.94
9152,2023-08-13,45.0,Sports,1.0,152.7,105.53
9153,2023-06-23,22.0,Beauty,2.0,135.6,67.58
9154,2023-08-07,51.0,Sports,3.0,310.44,250.65
9155,2023-10-09,,Home,9.0,402.48,67.76
9156,2023-02-16,31.0,Home,8.0,371.13,207.02
9157,2023-03-25,37.0,Clothing,7.0,294.56,48.57
9158,2023-12-02,52.0,Sports,9.0,478.11,89.82
9159,2023-02-13,35.0,Electronics,,283.26,155.2
9160,2023-09-27,50.0,Home,8.0,98.64,64.36
9161,2023-06-05,42.0,Clothing,3.0,360.55,252.44
9162,2023-12-24,62.0,Beauty,3.0,232.41,22.24
9163,,52.0,Sports,4.0,449.92,245.68
9164,2023-03-20,,Home,2.0,244.4,131.39
9165,2023-04-08,28.0,Clothing,8.0,342.81,299.1
9166,2023-07-17,45.0,Electronics,2.0,122.01,160.8
9167,2023-02-19,38.0,Clothing,7.0,58.78,143.36
9168,2023-01-10,59.0,Home,1.0,281.89,254.21
9169,2023-06-11,42.0,Electronics,7.0,29.08,71.49
9170,2023-04-17,,Clothing,9.0,66.13,179.32
9171,2023-10-16,45.0,Electronics,7.0,253.66,25.23
9172,2023-05-09,66.0,Clothing,,358.17,233.54
9173,2023-03-28,51.0,Sports,2.0,379.06,203.4
9174,2023-09-14,47.0,Clothing,2.0,200.57,194.04
9175,2023-01-04,26.0,Sports,4.0,114.17,250.63
9176,2023-07-21,64.0,Sports,5.0,201.07,214.7
9177,2023-09-01,62.0,Sports,2.0,340.64,191.37
9178,2023-06-29,55.0,Beauty,3.0,441.03,
9179,2023-04-21,26.0,Beauty,9.0,119.54,16.39
9180,2023-06-02,32.0,Clothing,,379.05,132.59
9181,2023-12-22,22.0,Home,5.0,494.3,27.09
9182,2023-08-28,41.0,Sports,Unknown,69.36,154.66
9183,2023-02-17,48.0,Clothing,3.0,302.82,98.49
9184,2023-07-27,58.0,Beauty,2.0,410.59,
9185,2023-05-24,64.0,Sports,6.0,,34.62
9186,2023-11-14,55.0,Sports,9.0,88.04,
9187,,44.0,Clothing,7.0,183.45,145.82
9188,2023-04-23,31.0,Home,5.0,304.26,213.4
9189,2023-03-30,62.0,Beauty,2.0,347.09,213.87
9190,2023-03-16,19.0,Home,8.0,436.72,47.39
9191,2023-01-07,37.0,,1.0,115.97,115.11
9192,2023-09-23,60.0,Sports,3.0,249.13,249.0
9193,2023-08-11,18.0,Clothing,6.0,453.75,179.63
9194,2023-08-29,31.0,Electronics,8.0,479.43,228.43
9195,2023-04-12,26.0,,7.0,279.29,17.42
9196,2023-06-18,69.0,Electronics,7.0,201.33,211.67
9197,2023-07-10,33.0,Sports,,296.07,77.75
9198,2023-02-02,40.0,Home,3.0,485.19,53.01
9199,2023-01-06,54.0,Sports,2.0,,69.92
9200,2023-08-18,63.0,,6.0,402.68,231.25
9201,2023-08-04,61.0,Sports,6.0,400.67,217.79
9202,2023-12-30,32.0,Home,1.0,339.97,224.36
9203,2023-10-09,40.0,Beauty,9.0,293.2,143.52
9204,2023-05-22,39.0,Sports,6.0,281.28,283.54
9205,2023-04-13,49.0,Electronics,5.0,143.91,231.44
9206,2023-02-11,49.0,Beauty,,128.35,189.79
9207,2023-03-07,30.0,Beauty,4.0,271.96,178.59
9208,2023-10-25,,Electronics,6.0,136.98,14.06
9209,2023-05-21,65.0,Clothing,2.0,302.29,164.46
9210,2023-06-01,34.0,Beauty,4.0,280.5,
9211,2023-11-22,26.0,Clothing,1.0,266.12,206.47
9212,2023-04-18,18.0,Electronics,8.0,307.8,254.01
9213,2023-03-15,,Home,4.0,269.61,89.24
9214,2023-12-01,22.0,Beauty,7.0,208.71,221.42
9215,2023-10-19,38.0,Beauty,8.0,408.4,112.81
9216,2023-09-11,,Beauty,8.0,286.4,224.96
9217,2023-09-16,,Beauty,7.0,74.89,194.07
9218,,24.0,Home,2.0,97.76,88.06
9219,2023-11-22,49.0,Home,,384.49,123.61
9220,2023-06-28,23.0,Beauty,3.0,296.1,69.54
9221,2023-01-29,,Sports,1.0,282.5,279.84
9222,2023-08-20,53.0,Electronics,9.0,34.84,237.76
9223,2023-12-01,18.0,Beauty,6.0,232.96,96.31
9224,2023-07-04,30.0,Home,4.0,229.22,281.27
9225,2023-11-19,61.0,Home,5.0,389.13,
9226,2023-03-16,27.0,Electronics,8.0,137.82,100.13
9227,2023-10-11,26.0,Sports,7.0,448.8,296.85
9228,2023-09-12,,Beauty,8.0,143.66,
9229,2023-07-22,50.0,Beauty,9.0,460.21,12.25
9230,2023-11-01,,Home,3.0,331.38,213.14
9231,2023-11-28,22.0,Beauty,6.0,363.44,185.17
9232,,55.0,Electronics,3.0,209.98,263.05
9233,2023-02-02,,Sports,8.0,368.8,62.09
9234,2023-06-06,59.0,Beauty,3.0,17.35,237.34
9235,2023-07-21,42.0,Home,5.0,410.24,90.94
9236,2023-09-01,54.0,,6.0,336.03,196.32
9237,2023-03-15,,Beauty,2.0,40.76,139.55
9238,2023-06-22,67.0,Sports,5.0,367.31,133.31
9239,2023-06-04,25.0,Sports,5.0,111.56,105.87
9240,2023-10-16,47.0,Beauty,9.0,364.61,154.21
9241,2023-06-23,53.0,Beauty,8.0,220.48,225.74
9242,2023-09-04,29.0,Home,,94.39,196.97
9243,2023-07-05,52.0,Sports,7.0,434.28,17.26
9244,2023-10-09,40.0,Clothing,3.0,256.69,204.2
9245,2023-06-15,18.0,Sports,3.0,21.44,279.99
9246,2023-05-15,65.0,Home,3.0,377.61,146.66
9247,2023-01-21,26.0,Electronics,3.0,375.57,228.45
9248,2023-04-04,32.0,Electronics,7.0,54.06,141.41
9249,2023-12-05,65.0,Electronics,3.0,462.01,154.37
9250,2023-02-05,59.0,,9.0,384.51,194.2
9251,2023-02-11,52.0,,3.0,428.31,26.18
9252,2023-05-26,65.0,Electronics,5.0,,174.75
9253,2023-11-02,42.0,Electronics,8.0,434.02,298.63
9254,2023-10-22,65.0,Clothing,7.0,498.21,266.96
9255,2023-08-14,24.0,Sports,4.0,50.02,225.91
9256,2023-08-04,52.0,Sports,6.0,76.09,25.1
9257,2023-10-31,37.0,Home,2.0,217.77,222.5
9258,2023-11-01,53.0,Sports,,,244.24
9259,2023-11-29,21.0,Home,3.0,400.37,194.86
9260,2023-12-27,24.0,Electronics,3.0,11.08,77.99
9261,2023-09-29,,Electronics,1.0,10.73,161.24
9262,2023-10-11,49.0,Home,7.0,414.18,23.7
9263,2023-03-21,31.0,Clothing,Unknown,18.49,152.41
9264,,69.0,Clothing,6.0,338.83,130.38
9265,2023-08-26,56.0,Clothing,6.0,473.98,214.87
9266,2023-03-25,47.0,Sports,2.0,188.9,282.93
9267,2023-05-07,50.0,Home,2.0,235.96,105.41
9268,2023-12-15,,Sports,5.0,312.88,
9269,2023-12-06,66.0,Home,2.0,255.34,189.6
9270,2023-06-09,48.0,Home,,82.55,220.94
9271,2023-06-17,23.0,Clothing,9.0,172.93,133.65
9272,2023-12-19,41.0,Electronics,4.0,408.23,288.73
9273,2023-10-01,21.0,Beauty,3.0,,241.97
9274,2023-12-11,42.0,Home,5.0,72.86,280.6
9275,2023-01-04,45.0,Home,2.0,497.64,145.95
9276,2023-07-12,65.0,Clothing,8.0,103.96,145.54
9277,2023-10-27,39.0,Home,9.0,106.91,132.21
9278,2023-10-30,60.0,Electronics,8.0,167.38,139.47
9279,2023-08-06,54.0,Sports,4.0,406.69,72.48
9280,2023-08-30,31.0,Sports,7.0,485.22,168.51
9281,2023-09-29,69.0,Electronics,1.0,130.61,175.33
9282,2023-06-29,69.0,Beauty,1.0,436.82,286.91
9283,2023-02-07,40.0,Clothing,9.0,,69.96
9284,2023-03-15,29.0,Home,9.0,121.01,85.5
9285,2023-08-14,,Sports,5.0,188.39,182.77
9286,2023-12-14,31.0,Home,7.0,96.24,77.42
9287,2023-01-13,24.0,Home,7.0,368.24,
9288,2023-02-19,66.0,Beauty,5.0,61.32,84.7
9289,2023-09-06,63.0,Home,2.0,458.09,140.76
9290,2023-07-01,69.0,Sports,2.0,474.74,201.38
9291,2023-04-16,25.0,Clothing,8.0,164.2,78.7
9292,2023-07-07,45.0,Clothing,5.0,451.72,248.01
9293,2023-11-15,54.0,Beauty,4.0,195.48,293.1
9294,2023-05-11,32.0,Home,8.0,160.52,248.55
9295,2023-02-21,51.0,Home,9.0,124.33,135.48
9296,2023-04-29,23.0,Home,6.0,462.35,191.09
9297,2023-08-27,47.0,Home,4.0,331.47,33.01
9298,2023-09-12,39.0,Beauty,9.0,41.05,176.96
9299,2023-08-25,46.0,Electronics,6.0,292.29,190.74
9300,2023-12-03,36.0,Home,1.0,468.03,242.87
9301,2023-03-08,30.0,Sports,Unknown,290.21,219.15
9302,2023-05-18,28.0,,4.0,440.9,75.47
9303,2023-08-20,68.0,Electronics,6.0,360.42,41.87
9304,2023-02-18,49.0,Electronics,5.0,51.35,
9305,2023-09-24,55.0,Home,5.0,79.63,
9306,2023-03-29,25.0,Beauty,1.0,93.96,18.21
9307,2023-06-02,57.0,Beauty,6.0,472.03,21.93
9308,2023-09-25,28.0,Electronics,9.0,77.77,149.35
9309,2023-06-15,59.0,Beauty,2.0,24.95,182.98
9310,2023-07-21,32.0,Clothing,6.0,270.53,49.7
9311,2023-10-19,43.0,Beauty,8.0,127.76,117.62
9312,2023-04-17,,Home,5.0,267.86,16.4
9313,,69.0,Home,8.0,32.5,156.55
9314,2023-11-19,21.0,Beauty,8.0,199.63,146.05
9315,2023-04-20,44.0,Home,,127.5,107.66
9316,2023-08-16,,Electronics,8.0,407.08,76.31
9317,2023-04-24,,Home,7.0,462.15,108.81
9318,2023-10-02,26.0,Electronics,5.0,442.01,242.25
9319,2023-03-11,,Electronics,3.0,229.5,241.37
9320,2023-12-30,65.0,Electronics,9.0,303.0,180.58
9321,2023-10-03,,Sports,8.0,138.41,177.76
9322,2023-05-10,33.0,Clothing,6.0,420.46,250.24
9323,2023-10-19,28.0,Home,5.0,175.8,60.82
9324,2023-09-20,47.0,Home,8.0,49.49,213.27
9325,2023-10-05,,Beauty,3.0,382.08,49.07
9326,2023-06-17,60.0,Home,3.0,166.93,295.45
9327,2023-02-15,68.0,Clothing,1.0,193.13,262.26
9328,2023-03-28,53.0,Beauty,2.0,212.85,271.11
9329,2023-06-06,31.0,Home,1.0,333.37,164.29
9330,2023-01-22,,Beauty,8.0,471.89,139.77
9331,2023-08-20,22.0,Sports,3.0,115.14,46.3
9332,2023-07-02,23.0,Electronics,,122.11,264.27
9333,2023-07-21,36.0,,9.0,171.17,
9334,2023-02-12,,Sports,9.0,476.93,235.59
9335,2023-11-20,31.0,Home,9.0,325.96,199.14
9336,2023-02-13,22.0,Sports,2.0,280.96,
9337,2023-07-07,61.0,Sports,6.0,394.46,220.1
9338,2023-09-20,41.0,Clothing,1.0,318.1,116.45
9339,2023-02-23,30.0,Sports,8.0,37.11,283.84
9340,2023-09-17,,Electronics,7.0,55.38,88.82
9341,2023-12-13,39.0,Clothing,2.0,43.03,224.77
9342,2023-06-15,36.0,Home,8.0,63.5,193.88
9343,2023-04-21,24.0,Sports,5.0,360.72,283.15
9344,2023-01-03,63.0,Home,9.0,,83.16
9345,2023-06-11,65.0,Sports,8.0,484.96,254.9
9346,2023-11-28,21.0,Home,8.0,151.86,
9347,2023-09-22,28.0,Clothing,4.0,69.29,97.34
9348,,,Clothing,3.0,189.01,36.8
9349,2023-05-26,45.0,Beauty,3.0,206.68,155.21
9350,2023-06-10,40.0,Beauty,8.0,,144.9
9351,2023-03-30,39.0,Beauty,8.0,,267.36
9352,2023-08-03,29.0,Clothing,7.0,256.14,202.15
9353,2023-08-01,57.0,Clothing,6.0,138.99,249.2
9354,2023-04-10,66.0,Clothing,7.0,494.05,80.89
9355,2023-02-13,,Sports,5.0,,47.89
9356,2023-08-15,61.0,Electronics,,59.81,162.07
9357,2023-06-18,36.0,Sports,2.0,151.16,41.78
9358,2023-12-02,55.0,Electronics,2.0,456.52,261.71
9359,2023-12-11,20.0,Sports,7.0,282.88,34.72
9360,2023-01-27,55.0,Electronics,7.0,341.54,139.61
9361,2023-08-10,55.0,Sports,7.0,129.62,170.64
9362,2023-10-02,52.0,Electronics,8.0,303.11,196.27
9363,2023-05-21,29.0,Beauty,6.0,483.21,219.64
9364,,65.0,Home,3.0,369.1,185.74
9365,2023-04-05,44.0,,5.0,60.29,72.84
9366,2023-02-26,47.0,Beauty,9.0,231.72,174.91
9367,2023-06-18,46.0,Sports,3.0,,129.59
9368,2023-12-04,32.0,Sports,7.0,132.54,193.24
9369,2023-12-13,43.0,Home,1.0,356.96,237.65
9370,2023-07-21,20.0,Home,8.0,475.97,112.95
9371,2023-02-26,30.0,Electronics,6.0,88.68,17.54
9372,2023-10-19,49.0,Home,1.0,65.42,232.21
9373,2023-08-15,53.0,Clothing,6.0,149.72,282.89
9374,2023-05-28,39.0,Sports,9.0,18.98,
9375,2023-12-31,39.0,Clothing,,347.1,200.06
9376,2023-12-24,63.0,,4.0,125.04,216.84
9377,2023-11-12,53.0,Electronics,5.0,200.27,109.06
9378,2023-02-23,53.0,Beauty,5.0,97.46,125.55
9379,2023-10-20,38.0,Clothing,5.0,403.72,93.97
9380,2023-12-17,,Clothing,4.0,,8.3
9381,,,,,204.31,221.76
9382,2023-12-24,44.0,Sports,8.0,353.67,57.9
9383,2023-01-01,32.0,Sports,2.0,42.44,102.72
9384,2023-10-11,65.0,Beauty,2.0,438.98,85.32
9385,2023-07-07,,Beauty,6.0,26.37,
9386,2023-02-18,67.0,Sports,3.0,368.53,161.43
9387,2023-02-08,45.0,Clothing,6.0,,202.66
9388,2023-09-19,23.0,Clothing,3.0,,256.65
9389,2023-10-08,64.0,Beauty,9.0,269.44,272.94
9390,,,Beauty,1.0,16.9,37.24
9391,2023-09-21,44.0,Sports,6.0,150.48,35.3
9392,2023-02-12,33.0,Beauty,3.0,180.62,70.86
9393,2023-09-04,69.0,Beauty,5.0,330.57,268.54
9394,2023-12-15,37.0,Home,2.0,38.57,263.86
9395,2023-11-08,28.0,Sports,7.0,332.35,56.73
9396,2023-01-03,19.0,Electronics,8.0,415.65,211.0
9397,2023-02-25,46.0,Electronics,3.0,,189.7
9398,2023-06-25,63.0,Beauty,4.0,194.25,258.06
9399,2023-06-08,56.0,Electronics,5.0,26.82,266.1
9400,2023-03-07,46.0,Electronics,4.0,276.41,267.78
9401,2023-07-18,,Beauty,5.0,217.04,52.23
9402,2023-11-03,44.0,Clothing,4.0,46.37,271.64
9403,2023-02-23,18.0,Electronics,8.0,475.01,29.33
9404,2023-01-09,50.0,Electronics,8.0,457.07,151.78
9405,2023-10-22,56.0,Home,7.0,322.49,68.72
9406,2023-06-02,34.0,Electronics,8.0,483.43,184.91
9407,2023-09-23,39.0,Beauty,2.0,33.72,48.6
9408,2023-03-24,45.0,Beauty,1.0,413.85,18.79
9409,2023-05-14,,Sports,3.0,27.74,
9410,2023-02-08,56.0,Electronics,7.0,413.75,70.32
9411,2023-11-11,37.0,Electronics,8.0,332.16,
9412,2023-09-05,26.0,,3.0,385.15,69.49
9413,2023-02-04,62.0,Beauty,2.0,122.95,79.77
9414,2023-12-03,68.0,Beauty,6.0,456.66,161.58
9415,2023-03-17,57.0,Electronics,9.0,,186.11
9416,2023-08-22,43.0,Electronics,2.0,135.31,140.41
9417,2023-10-10,48.0,Home,6.0,439.81,139.03
9418,2023-10-01,58.0,Beauty,5.0,195.4,135.5
9419,2023-02-24,23.0,Home,8.0,103.91,244.13
9420,,61.0,Clothing,9.0,123.3,136.88
9421,2023-04-30,,Clothing,4.0,172.55,113.11
9422,2023-09-12,51.0,Electronics,1.0,179.43,202.01
9423,2023-05-26,24.0,Electronics,1.0,219.39,143.38
9424,2023-09-19,24.0,Clothing,1.0,421.45,73.17
9425,,22.0,Clothing,7.0,96.32,171.44
9426,2023-07-16,55.0,Electronics,1.0,36.24,291.6
9427,2023-10-30,40.0,Beauty,,338.06,98.6
9428,2023-10-29,53.0,Home,1.0,58.61,264.12
9429,2023-08-04,31.0,Sports,Unknown,310.14,15.8
9430,2023-03-02,,Home,3.0,172.77,135.89
9431,2023-01-20,21.0,Electronics,5.0,239.59,75.32
9432,2023-06-11,47.0,Beauty,8.0,25.51,28.49
9433,2023-04-04,37.0,Electronics,3.0,235.08,239.22
9434,2023-04-17,51.0,Beauty,4.0,129.43,118.88
9435,2023-03-25,62.0,Home,1.0,69.83,289.27
9436,2023-08-27,38.0,Electronics,9.0,188.01,171.23
9437,,47.0,Beauty,2.0,133.25,227.1
9438,2023-07-25,38.0,Beauty,9.0,278.29,169.16
9439,2023-12-13,36.0,Sports,5.0,117.71,168.35
9440,2023-04-24,44.0,Clothing,5.0,23.24,292.73
9441,2023-12-08,26.0,Beauty,6.0,148.65,210.65
9442,,59.0,Clothing,8.0,294.55,99.2
9443,2023-09-15,41.0,Beauty,4.0,216.37,34.68
9444,2023-03-03,36.0,Clothing,7.0,430.58,244.9
9445,2023-08-10,47.0,Beauty,3.0,298.57,57.09
9446,2023-04-14,54.0,Electronics,1.0,116.3,160.57
9447,2023-06-08,42.0,Home,3.0,,237.24
9448,2023-03-26,,Sports,5.0,479.59,61.38
9449,2023-08-15,,,3.0,127.17,143.82
9450,2023-08-04,64.0,Clothing,2.0,346.7,95.03
9451,2023-05-24,60.0,Electronics,3.0,216.0,154.65
9452,2023-03-08,46.0,Electronics,3.0,229.87,112.28
9453,2023-04-15,47.0,Clothing,7.0,276.27,
9454,2023-07-07,,Sports,3.0,11.83,37.49
9455,2023-02-20,61.0,Clothing,4.0,180.16,74.43
9456,2023-07-02,48.0,Beauty,4.0,44.0,92.95
9457,2023-06-19,27.0,Clothing,,438.97,253.51
9458,2023-10-31,,Sports,3.0,371.19,120.52
9459,2023-07-17,34.0,Home,3.0,299.25,285.69
9460,2023-01-11,24.0,Clothing,3.0,183.41,41.65
9461,2023-05-13,34.0,Sports,2.0,305.28,104.27
9462,2023-05-28,43.0,Home,8.0,221.86,198.4
9463,2023-03-20,33.0,Sports,8.0,,270.44
9464,,,Clothing,1.0,328.89,232.15
9465,2023-01-30,37.0,Beauty,8.0,311.43,154.98
9466,2023-07-20,66.0,Sports,2.0,49.56,260.2
9467,2023-12-22,28.0,Home,1.0,36.2,257.68
9468,2023-05-30,48.0,Electronics,5.0,417.23,89.85
9469,2023-01-29,22.0,Sports,8.0,169.36,
9470,2023-08-28,23.0,Electronics,4.0,79.97,193.73
9471,2023-10-10,,Sports,6.0,483.75,225.78
9472,2023-06-05,47.0,Beauty,4.0,91.8,277.76
9473,2023-12-02,41.0,Electronics,9.0,228.12,19.76
9474,2023-03-22,62.0,Electronics,3.0,398.71,256.87
9475,2023-09-15,56.0,Sports,,22.88,14.74
9476,2023-06-29,,Electronics,2.0,88.66,279.26
9477,2023-04-06,65.0,Home,1.0,89.53,193.83
9478,2023-01-02,39.0,Sports,7.0,27.56,175.15
9479,2023-11-01,19.0,Home,3.0,378.74,271.22
9480,2023-10-12,22.0,Electronics,7.0,447.54,178.13
9481,2023-12-27,43.0,Clothing,9.0,344.53,122.7
9482,2023-03-03,26.0,Beauty,2.0,404.96,31.26
9483,2023-01-31,56.0,Sports,8.0,298.71,294.89
9484,2023-09-25,,Clothing,2.0,148.8,107.2
9485,2023-01-25,45.0,Electronics,9.0,381.28,230.61
9486,2023-03-29,38.0,Home,3.0,409.97,16.63
9487,2023-10-01,47.0,Clothing,5.0,231.58,211.73
9488,2023-03-21,28.0,Home,1.0,,241.79
9489,2023-08-02,42.0,Sports,4.0,221.67,212.55
9490,2023-02-23,38.0,Sports,4.0,132.57,157.19
9491,2023-10-10,51.0,Home,5.0,,135.15
9492,2023-08-28,68.0,Home,5.0,17.82,250.88
9493,2023-12-10,36.0,,2.0,183.49,44.72
9494,2023-02-23,26.0,Clothing,7.0,,254.22
9495,2023-08-24,55.0,Sports,9.0,457.3,235.63
9496,2023-02-23,41.0,Electronics,9.0,259.3,291.7
9497,2023-07-16,22.0,Electronics,9.0,361.56,265.11
9498,2023-12-31,,Electronics,5.0,195.8,90.52
9499,2023-05-12,52.0,Clothing,3.0,412.67,274.6
9500,2023-11-17,,Sports,4.0,20.03,217.62
9501,2023-02-06,65.0,Clothing,7.0,335.55,35.84
9502,2023-08-07,19.0,Home,8.0,302.16,121.32
9503,2023-03-28,47.0,Beauty,9.0,329.23,
9504,2023-06-28,31.0,,3.0,,224.27
9505,2023-01-13,26.0,Home,2.0,227.96,14.9
9506,2023-05-05,26.0,Sports,8.0,325.8,243.47
9507,,50.0,Home,5.0,234.4,
9508,2023-05-06,24.0,Electronics,7.0,275.81,240.08
9509,,22.0,Home,2.0,,18.13
9510,2023-07-05,,Home,1.0,200.13,34.58
9511,2023-07-13,41.0,Sports,2.0,159.65,230.34
9512,2023-10-14,36.0,Beauty,7.0,183.86,284.53
9513,2023-07-30,42.0,Electronics,3.0,,73.44
9514,2023-07-20,59.0,Electronics,8.0,299.2,280.94
9515,2023-10-27,63.0,Home,2.0,186.32,274.04
9516,2023-10-24,25.0,Sports,7.0,396.04,25.06
9517,2023-10-25,33.0,Clothing,8.0,45.0,
9518,2023-02-09,,Clothing,8.0,430.86,253.12
9519,2023-12-06,34.0,Beauty,4.0,400.12,275.56
9520,2023-04-18,49.0,Home,,47.68,142.44
9521,2023-06-16,62.0,Home,7.0,418.05,135.13
9522,,31.0,Beauty,8.0,299.85,187.25
9523,,29.0,Electronics,5.0,356.56,
9524,2023-07-17,27.0,Beauty,2.0,31.58,295.5
9525,,56.0,Home,7.0,114.46,233.18
9526,2023-10-10,23.0,,3.0,342.98,63.65
9527,2023-01-12,67.0,Clothing,4.0,361.22,
9528,2023-05-24,40.0,Home,8.0,436.32,140.89
9529,2023-05-16,47.0,Electronics,9.0,251.97,261.01
9530,2023-08-09,19.0,Electronics,2.0,256.75,117.08
9531,2023-12-25,26.0,Home,5.0,383.86,126.53
9532,2023-05-03,65.0,Sports,9.0,17.76,151.22
9533,2023-09-27,59.0,Clothing,9.0,32.24,37.16
9534,2023-12-15,47.0,Electronics,6.0,451.8,197.38
9535,2023-11-15,29.0,Sports,7.0,129.47,44.25
9536,2023-10-12,60.0,Electronics,8.0,397.62,213.83
9537,2023-07-30,60.0,Home,4.0,217.68,217.68
9538,2023-05-22,,Beauty,4.0,133.73,288.54
9539,2023-05-13,59.0,Clothing,2.0,309.85,133.01
9540,2023-03-29,32.0,Beauty,5.0,219.13,222.56
9541,2023-04-05,36.0,Electronics,4.0,110.46,235.55
9542,2023-09-13,55.0,Home,1.0,385.67,16.13
9543,2023-12-28,37.0,Electronics,4.0,303.2,78.48
9544,2023-06-13,,Beauty,4.0,243.34,29.83
9545,2023-11-10,56.0,Beauty,9.0,441.82,196.42
9546,2023-12-15,55.0,Beauty,1.0,25.37,230.74
9547,2023-11-23,68.0,Home,9.0,,209.24
9548,2023-10-16,44.0,Sports,,29.52,120.7
9549,2023-04-29,,,2.0,478.35,183.16
9550,2023-06-13,36.0,Sports,2.0,274.67,158.83
9551,2023-12-24,23.0,Electronics,2.0,265.01,195.38
9552,2023-09-19,65.0,Clothing,6.0,294.8,131.18
9553,2023-03-02,18.0,Beauty,6.0,90.86,254.41
9554,2023-05-14,67.0,Home,9.0,192.28,69.46
9555,2023-02-14,39.0,Electronics,5.0,,30.72
9556,2023-12-24,,Home,9.0,29.38,139.26
9557,2023-01-29,19.0,Home,5.0,102.97,14.35
9558,2023-04-06,20.0,Sports,5.0,43.89,280.6
9559,2023-10-18,34.0,Home,6.0,297.56,164.4
9560,2023-08-07,47.0,Clothing,6.0,394.04,206.49
9561,,64.0,Clothing,3.0,92.19,208.52
9562,2023-01-04,,Electronics,3.0,,236.98
9563,2023-03-08,42.0,Home,6.0,18.56,82.43
9564,2023-03-06,45.0,Electronics,3.0,320.93,200.29
9565,2023-06-30,67.0,Sports,3.0,85.08,212.7
9566,2023-04-15,52.0,Electronics,7.0,198.78,211.79
9567,2023-01-28,28.0,Electronics,2.0,,207.02
9568,2023-01-16,24.0,Electronics,4.0,389.17,21.3
9569,2023-10-25,35.0,Beauty,8.0,401.08,19.19
9570,2023-04-24,67.0,Electronics,3.0,492.99,195.35
9571,2023-08-18,55.0,Home,6.0,337.72,146.01
9572,2023-07-24,38.0,Home,7.0,230.91,256.81
9573,2023-12-25,66.0,Clothing,1.0,180.29,119.55
9574,2023-11-05,33.0,Sports,4.0,81.55,129.5
9575,2023-05-01,32.0,Beauty,9.0,143.7,138.29
9576,2023-11-06,68.0,Electronics,6.0,414.1,243.06
9577,2023-03-09,55.0,Sports,3.0,232.34,199.31
9578,2023-08-08,43.0,Beauty,7.0,348.32,35.41
9579,2023-08-25,32.0,,5.0,278.64,41.13
9580,2023-10-25,19.0,Clothing,3.0,102.85,211.43
9581,2023-09-10,46.0,Electronics,1.0,265.16,194.24
9582,2023-12-23,18.0,Home,4.0,481.59,145.26
9583,2023-09-15,49.0,Beauty,6.0,337.34,263.34
9584,2023-11-11,31.0,Sports,5.0,466.49,68.23
9585,2023-01-16,55.0,Sports,1.0,135.5,104.56
9586,,67.0,,9.0,459.21,238.36
9587,2023-04-18,32.0,Electronics,8.0,81.61,64.89
9588,2023-02-06,23.0,Clothing,8.0,199.92,246.0
9589,2023-06-14,36.0,Clothing,7.0,128.26,73.7
9590,2023-01-06,38.0,Electronics,9.0,263.12,
9591,2023-05-25,44.0,Clothing,2.0,113.15,137.11
9592,2023-10-20,48.0,Home,8.0,470.22,212.85
9593,2023-06-26,23.0,Sports,6.0,469.26,211.14
9594,2023-03-27,47.0,Clothing,1.0,412.34,63.2
9595,2023-03-26,41.0,Beauty,6.0,123.6,275.57
9596,2023-09-16,24.0,Home,4.0,205.0,281.16
9597,2023-12-07,59.0,Home,8.0,242.94,118.94
9598,2023-08-12,29.0,Clothing,5.0,408.9,178.47
9599,2023-05-09,25.0,Home,8.0,190.72,67.47
9600,2023-08-17,26.0,Beauty,8.0,447.66,115.64
9601,2023-08-16,44.0,Electronics,1.0,348.09,
9602,,61.0,Electronics,4.0,60.13,269.91
9603,,49.0,Home,5.0,152.59,240.12
9604,2023-07-25,23.0,Electronics,1.0,368.22,118.59
9605,2023-01-31,41.0,Home,2.0,161.93,137.56
9606,2023-03-07,55.0,,2.0,336.47,267.7
9607,2023-08-23,,Beauty,7.0,282.67,228.42
9608,2023-12-16,47.0,Electronics,3.0,62.47,207.9
9609,,53.0,Sports,5.0,331.56,282.65
9610,2023-07-05,,Home,6.0,101.1,
9611,2023-09-03,59.0,Home,,375.38,58.57
9612,2023-12-18,62.0,Beauty,8.0,301.9,273.1
9613,2023-04-15,69.0,Sports,2.0,158.96,121.78
9614,2023-10-28,37.0,Electronics,1.0,396.24,245.11
9615,,28.0,Home,2.0,369.27,66.84
9616,2023-03-07,,Beauty,4.0,315.72,236.67
9617,2023-02-27,61.0,Sports,,78.39,138.69
9618,2023-05-14,25.0,Clothing,7.0,,224.19
9619,2023-06-27,69.0,Clothing,1.0,141.91,235.2
9620,2023-10-21,64.0,Sports,8.0,336.87,20.41
9621,2023-04-22,32.0,Electronics,8.0,223.37,138.49
9622,2023-02-23,25.0,Electronics,6.0,,79.18
9623,2023-08-28,47.0,Sports,4.0,30.12,112.82
9624,2023-03-29,58.0,Beauty,4.0,183.61,87.4
9625,2023-10-31,61.0,Sports,1.0,383.11,46.2
9626,2023-07-27,,Clothing,3.0,263.17,
9627,2023-10-01,47.0,Beauty,4.0,370.63,26.98
9628,2023-08-08,66.0,Beauty,1.0,356.56,251.43
9629,,,Electronics,4.0,227.1,
9630,2023-12-15,23.0,Home,1.0,487.09,128.85
9631,,43.0,Beauty,4.0,350.6,49.46
9632,2023-03-30,64.0,Sports,,378.25,89.76
9633,,32.0,Clothing,,277.04,110.6
9634,2023-12-05,67.0,Sports,4.0,473.84,47.33
9635,2023-05-28,25.0,Clothing,9.0,202.7,10.63
9636,2023-12-04,48.0,Beauty,8.0,85.34,144.61
9637,2023-02-07,,Home,5.0,,78.36
9638,2023-07-29,45.0,Home,6.0,372.34,185.62
9639,2023-03-06,49.0,Beauty,8.0,,
9640,2023-11-12,54.0,,8.0,73.56,176.55
9641,2023-02-19,55.0,Sports,3.0,257.54,266.87
9642,,67.0,Beauty,3.0,221.85,124.13
9643,2023-02-02,34.0,,5.0,30.24,161.06
9644,2023-01-26,52.0,Home,2.0,285.61,149.02
9645,2023-03-02,,Clothing,7.0,72.18,96.53
9646,2023-05-10,,Beauty,2.0,375.68,287.76
9647,2023-07-17,48.0,Home,7.0,90.68,252.63
9648,2023-07-23,40.0,Beauty,7.0,427.36,60.15
9649,2023-07-26,60.0,Sports,9.0,375.06,
9650,2023-02-17,39.0,Sports,1.0,,231.48
9651,2023-06-21,41.0,Electronics,6.0,23.01,91.06
9652,2023-11-11,,Clothing,9.0,211.06,214.19
9653,2023-12-29,39.0,Home,9.0,52.66,190.41
9654,2023-01-10,53.0,Electronics,4.0,230.88,297.83
9655,2023-05-13,,Clothing,5.0,,121.28
9656,2023-03-21,69.0,Clothing,9.0,378.46,125.01
9657,2023-10-12,36.0,Sports,7.0,182.37,9.3
9658,2023-02-22,44.0,,2.0,,87.67
9659,2023-02-11,18.0,Home,9.0,390.35,53.79
9660,2023-07-03,44.0,Electronics,3.0,194.97,225.5
9661,2023-06-03,37.0,Beauty,7.0,304.83,80.22
9662,2023-12-05,19.0,Sports,6.0,221.12,35.76
9663,2023-10-10,52.0,Home,6.0,439.66,
9664,2023-05-28,36.0,Beauty,1.0,276.71,241.11
9665,2023-04-13,64.0,Beauty,4.0,197.28,156.85
9666,2023-10-13,60.0,Clothing,7.0,291.87,80.27
9667,2023-01-29,23.0,Electronics,7.0,254.8,267.86
9668,2023-01-30,43.0,,1.0,232.37,211.87
9669,2023-10-15,26.0,,7.0,444.35,110.39
9670,2023-02-20,39.0,Electronics,7.0,354.2,
9671,2023-10-19,,Beauty,1.0,184.0,92.79
9672,2023-10-19,46.0,Electronics,3.0,,16.96
9673,2023-02-05,28.0,Clothing,4.0,261.76,232.57
9674,2023-11-14,61.0,Beauty,7.0,,177.95
9675,2023-09-02,23.0,Beauty,2.0,133.09,197.12
9676,2023-08-28,,Electronics,9.0,249.78,16.65
9677,2023-02-26,51.0,Clothing,9.0,470.94,129.51
9678,2023-03-11,29.0,Sports,,37.46,
9679,2023-06-29,69.0,Home,4.0,94.72,287.21
9680,2023-08-20,24.0,Clothing,5.0,420.14,267.22
9681,2023-02-23,46.0,Sports,9.0,38.54,183.14
9682,2023-03-31,51.0,Sports,6.0,334.99,15.8
9683,2023-05-31,54.0,Beauty,6.0,455.9,175.0
9684,2023-09-26,19.0,Sports,4.0,232.89,
9685,2023-12-13,24.0,Sports,8.0,481.33,90.41
9686,2023-06-08,40.0,Clothing,9.0,,196.81
9687,2023-08-13,,Home,8.0,36.44,113.33
9688,2023-04-19,27.0,Home,5.0,16.8,290.03
9689,2023-04-06,45.0,Clothing,7.0,265.25,60.22
9690,2023-12-18,30.0,Electronics,5.0,368.85,293.41
9691,2023-03-05,57.0,Home,6.0,152.48,247.02
9692,2023-05-01,27.0,Electronics,9.0,359.89,28.07
9693,2023-08-02,30.0,Home,2.0,449.86,164.29
9694,2023-05-27,66.0,Electronics,3.0,264.12,122.62
9695,2023-02-06,,Beauty,6.0,354.15,197.31
9696,2023-01-04,43.0,Sports,7.0,420.93,237.02
9697,2023-02-20,33.0,Sports,7.0,177.88,115.04
9698,2023-03-28,64.0,Electronics,3.0,257.33,203.12
9699,2023-08-05,23.0,Sports,5.0,21.88,255.18
9700,2023-12-18,23.0,Electronics,9.0,352.88,294.18
9701,2023-12-12,19.0,Clothing,6.0,243.45,76.1
9702,2023-03-14,54.0,Electronics,2.0,351.38,130.81
9703,2023-06-04,48.0,Beauty,7.0,437.81,167.19
9704,2023-08-06,67.0,Sports,6.0,68.82,87.37
9705,2023-09-10,44.0,Electronics,9.0,484.68,68.18
9706,2023-03-13,42.0,Sports,8.0,411.56,228.36
9707,2023-07-05,47.0,Sports,5.0,144.34,223.45
9708,2023-08-08,21.0,Home,7.0,256.09,129.35
9709,2023-04-22,33.0,Home,8.0,309.31,284.55
9710,2023-01-17,58.0,Sports,7.0,204.7,281.76
9711,2023-03-27,41.0,Sports,8.0,117.42,230.69
9712,2023-05-02,44.0,Home,1.0,403.26,151.3
9713,2023-03-11,37.0,Clothing,8.0,152.24,148.47
9714,2023-02-21,37.0,Clothing,3.0,257.31,
9715,2023-09-16,68.0,Beauty,4.0,383.97,191.27
9716,2023-10-30,34.0,Electronics,5.0,417.73,42.07
9717,2023-02-11,45.0,Home,3.0,256.14,253.41
9718,2023-09-27,42.0,Home,6.0,497.96,175.99
9719,2023-08-21,30.0,Electronics,1.0,321.45,203.27
9720,2023-01-02,59.0,Clothing,1.0,411.62,176.0
9721,2023-01-01,46.0,Beauty,,445.1,187.15
9722,2023-03-06,47.0,Beauty,8.0,184.28,72.54
9723,2023-05-05,,Clothing,6.0,164.71,219.57
9724,2023-11-18,40.0,Clothing,7.0,213.64,90.64
9725,2023-09-03,27.0,Home,1.0,75.17,13.15
9726,2023-10-30,43.0,Sports,4.0,246.64,
9727,2023-02-11,52.0,Beauty,3.0,337.95,285.01
9728,2023-02-10,50.0,,7.0,399.54,
9729,2023-02-26,23.0,Home,7.0,262.72,171.28
9730,2023-08-23,46.0,Sports,9.0,88.84,249.98
9731,2023-11-15,38.0,Beauty,8.0,31.72,
9732,2023-06-25,44.0,Electronics,4.0,498.55,187.46
9733,2023-12-09,35.0,Clothing,4.0,215.41,74.56
9734,2023-04-30,61.0,Clothing,6.0,33.82,255.34
9735,2023-07-28,36.0,Sports,,271.2,160.59
9736,2023-01-24,67.0,Electronics,8.0,324.81,58.24
9737,,61.0,Sports,9.0,207.28,17.79
9738,2023-08-14,52.0,Beauty,9.0,157.81,250.61
9739,2023-01-26,47.0,Beauty,1.0,479.57,11.26
9740,2023-01-02,,Home,4.0,365.5,280.98
9741,2023-05-30,29.0,Electronics,7.0,394.28,8.66
9742,,48.0,Beauty,4.0,476.35,222.45
9743,2023-12-25,18.0,Clothing,1.0,116.64,263.34
9744,2023-07-20,46.0,Beauty,6.0,166.34,283.81
9745,2023-10-14,21.0,Electronics,7.0,388.19,82.63
9746,2023-10-19,61.0,Beauty,7.0,105.86,6.35
9747,2023-05-13,29.0,Home,7.0,237.74,181.79
9748,2023-10-01,44.0,Home,2.0,,238.73
9749,2023-12-19,,Clothing,9.0,28.71,110.14
9750,2023-12-26,22.0,Sports,9.0,476.0,281.56
9751,2023-01-15,42.0,Home,,283.5,73.05
9752,2023-09-10,,Electronics,8.0,19.29,277.29
9753,2023-05-02,21.0,Beauty,9.0,330.64,15.06
9754,2023-08-02,57.0,,,316.84,183.17
9755,2023-07-28,40.0,Sports,9.0,202.26,40.44
9756,2023-07-15,52.0,Home,4.0,478.64,170.93
9757,2023-12-11,33.0,Home,7.0,25.09,134.7
9758,2023-06-17,62.0,Home,5.0,372.11,
9759,,68.0,Beauty,5.0,,27.6
9760,2023-01-23,56.0,,7.0,256.03,238.75
9761,2023-09-01,46.0,Electronics,9.0,226.81,209.53
9762,2023-04-22,39.0,Beauty,4.0,189.8,49.44
9763,2023-03-27,65.0,Home,2.0,446.78,199.44
9764,2023-07-11,20.0,Electronics,,480.85,135.29
9765,2023-04-14,26.0,Electronics,1.0,449.05,85.79
9766,2023-05-02,29.0,Home,4.0,251.0,97.42
9767,2023-11-08,59.0,Clothing,3.0,51.79,99.76
9768,2023-01-13,60.0,Beauty,4.0,431.87,168.96
9769,2023-04-12,19.0,Home,2.0,324.73,86.32
9770,2023-07-22,50.0,Clothing,7.0,268.44,109.56
9771,2023-12-31,46.0,Home,6.0,296.62,116.34
9772,2023-04-21,56.0,,5.0,61.53,164.34
9773,2023-03-10,,Sports,8.0,338.01,150.58
9774,2023-06-17,43.0,Home,8.0,178.72,174.25
9775,2023-02-18,52.0,Electronics,4.0,325.94,200.92
9776,2023-11-27,44.0,Electronics,8.0,240.88,32.74
9777,,,Sports,1.0,339.27,206.71
9778,,48.0,Clothing,2.0,327.45,131.7
9779,2023-11-10,19.0,Clothing,9.0,234.18,168.84
9780,2023-12-18,18.0,Electronics,4.0,294.69,263.22
9781,2023-08-25,,Clothing,6.0,197.1,197.2
9782,2023-05-12,60.0,Sports,7.0,17.68,283.96
9783,2023-02-12,49.0,,8.0,486.88,
9784,2023-09-22,60.0,Home,,334.33,294.88
9785,2023-06-28,60.0,Sports,7.0,431.18,180.03
9786,2023-05-05,35.0,Beauty,5.0,492.12,12.06
9787,2023-05-31,49.0,Sports,,171.78,254.47
9788,2023-02-04,19.0,Electronics,4.0,108.73,294.88
9789,2023-11-10,67.0,Electronics,1.0,172.26,136.86
9790,2023-08-03,39.0,Sports,1.0,326.5,58.29
9791,2023-02-26,62.0,Home,8.0,37.41,258.81
9792,2023-06-05,35.0,Home,3.0,397.02,173.47
9793,2023-12-05,45.0,,2.0,300.6,192.69
9794,2023-03-03,39.0,Home,,190.14,132.78
9795,2023-12-07,20.0,Sports,5.0,,141.14
9796,,37.0,Sports,4.0,18.03,115.81
9797,2023-09-09,24.0,Beauty,7.0,264.66,110.49
9798,2023-10-16,43.0,,8.0,176.95,158.38
9799,2023-11-20,,Home,,232.63,236.51
9800,2023-07-13,57.0,Electronics,,491.78,
9801,2023-11-22,69.0,Sports,9.0,487.47,151.16
9802,2023-04-20,40.0,Beauty,9.0,310.5,26.26
9803,2023-09-22,58.0,Clothing,3.0,186.12,55.17
9804,2023-05-09,50.0,Clothing,9.0,143.81,
9805,2023-03-09,50.0,Electronics,4.0,467.89,263.59
9806,2023-05-24,24.0,Electronics,6.0,350.31,258.89
9807,2023-05-08,50.0,Sports,8.0,,18.94
9808,2023-11-17,46.0,Electronics,1.0,429.85,196.92
9809,2023-08-04,56.0,Electronics,8.0,413.95,175.22
9810,2023-03-03,49.0,Clothing,3.0,82.18,66.48
9811,2023-11-23,46.0,Electronics,6.0,79.1,261.68
9812,2023-02-21,19.0,Electronics,2.0,221.98,22.11
9813,2023-03-06,,Home,3.0,57.2,52.33
9814,2023-10-05,50.0,Home,2.0,77.28,219.74
9815,2023-06-12,45.0,Home,2.0,231.47,171.39
9816,2023-06-01,63.0,Beauty,1.0,154.85,291.99
9817,2023-06-07,39.0,Electronics,6.0,133.61,273.48
9818,2023-11-23,62.0,Sports,5.0,248.2,120.46
9819,2023-09-12,51.0,Home,8.0,15.77,264.34
9820,2023-04-23,33.0,Home,4.0,68.0,40.87
9821,,38.0,Beauty,7.0,347.27,184.97
9822,2023-12-04,28.0,Beauty,1.0,268.27,124.53
9823,,51.0,Beauty,9.0,68.83,87.71
9824,2023-12-19,44.0,Electronics,7.0,275.97,55.33
9825,2023-03-21,59.0,Sports,5.0,236.97,255.25
9826,2023-02-21,61.0,Electronics,7.0,100.73,43.44
9827,,64.0,Home,6.0,430.17,276.25
9828,2023-01-26,53.0,Electronics,4.0,324.27,212.01
9829,2023-11-13,50.0,Beauty,5.0,495.68,231.46
9830,2023-04-05,53.0,Home,4.0,432.29,125.21
9831,2023-02-10,68.0,,8.0,161.79,198.05
9832,2023-07-29,57.0,Sports,3.0,291.1,202.36
9833,2023-06-21,47.0,Sports,9.0,167.85,82.0
9834,2023-02-28,62.0,Sports,1.0,217.71,20.97
9835,2023-06-29,56.0,Electronics,4.0,241.92,280.53
9836,2023-01-12,62.0,Home,8.0,316.0,297.11
9837,2023-11-25,33.0,Sports,7.0,86.54,256.96
9838,2023-01-06,28.0,Home,9.0,260.55,68.06
9839,2023-01-31,,Sports,,133.82,24.08
9840,2023-09-19,27.0,Home,3.0,13.92,212.17
9841,2023-01-21,,Electronics,8.0,198.85,149.34
9842,2023-07-03,55.0,Sports,4.0,28.56,269.53
9843,2023-05-29,,Electronics,9.0,367.09,240.34
9844,2023-02-24,55.0,Sports,7.0,83.32,205.94
9845,2023-03-27,62.0,Clothing,2.0,87.93,20.19
9846,2023-01-22,,,9.0,89.84,170.19
9847,2023-03-01,51.0,Electronics,,319.54,256.42
9848,2023-10-30,21.0,Beauty,Unknown,320.82,65.85
9849,2023-08-20,33.0,Electronics,1.0,131.72,109.41
9850,2023-01-22,25.0,Clothing,7.0,115.02,98.85
9851,2023-02-07,47.0,Beauty,3.0,158.73,161.96
9852,2023-05-23,64.0,Clothing,9.0,490.66,203.5
9853,2023-09-24,42.0,Electronics,,435.36,53.15
9854,2023-12-23,38.0,Sports,7.0,318.53,48.74
9855,2023-10-22,,Beauty,3.0,317.86,207.82
9856,2023-06-09,25.0,Clothing,8.0,468.42,14.42
9857,2023-01-31,44.0,Sports,7.0,482.7,208.73
9858,2023-12-11,53.0,Home,3.0,463.44,217.48
9859,2023-07-29,41.0,Beauty,6.0,25.37,124.65
9860,2023-04-10,60.0,Clothing,8.0,88.52,90.51
9861,2023-12-19,58.0,Clothing,3.0,206.49,291.33
9862,2023-06-20,26.0,Electronics,8.0,408.01,
9863,2023-02-26,27.0,Sports,5.0,48.16,33.96
9864,2023-12-01,46.0,Sports,4.0,44.01,6.35
9865,2023-06-22,21.0,Electronics,,353.16,213.09
9866,2023-01-24,52.0,Clothing,Unknown,52.86,239.27
9867,2023-06-19,45.0,Clothing,2.0,261.44,6.56
9868,2023-03-01,26.0,Beauty,3.0,93.74,59.09
9869,2023-06-14,44.0,Clothing,3.0,43.24,86.04
9870,2023-03-25,26.0,Sports,9.0,13.72,263.74
9871,2023-03-31,38.0,Home,3.0,75.47,238.7
9872,2023-04-30,41.0,Sports,4.0,101.78,143.71
9873,2023-07-07,26.0,Electronics,,,233.25
9874,2023-02-21,69.0,Beauty,3.0,217.73,51.13
9875,2023-03-16,29.0,Electronics,4.0,474.16,239.54
9876,2023-05-10,26.0,Beauty,4.0,180.77,291.51
9877,2023-04-10,66.0,Sports,6.0,495.69,248.76
9878,2023-10-26,43.0,Beauty,8.0,407.99,
9879,2023-12-20,30.0,Home,9.0,159.17,87.26
9880,2023-11-26,63.0,Sports,Unknown,97.23,222.78
9881,2023-11-19,32.0,Sports,8.0,466.49,186.1
9882,2023-08-17,38.0,Electronics,1.0,183.89,163.59
9883,2023-01-05,48.0,,8.0,107.22,188.18
9884,2023-12-30,,Beauty,7.0,264.74,42.43
9885,2023-12-23,52.0,Home,9.0,423.93,280.6
9886,2023-09-28,18.0,Home,2.0,321.71,169.55
9887,2023-02-15,,Clothing,3.0,161.51,
9888,2023-08-20,27.0,Clothing,9.0,37.5,191.05
9889,2023-03-23,64.0,Clothing,5.0,77.99,289.83
9890,2023-07-05,52.0,,5.0,134.78,106.69
9891,,,Electronics,3.0,382.96,6.38
9892,2023-07-06,55.0,Electronics,9.0,74.99,229.83
9893,2023-08-06,56.0,Beauty,4.0,342.76,95.85
9894,2023-02-07,52.0,Clothing,7.0,137.43,259.04
9895,,49.0,Sports,7.0,182.14,87.38
9896,2023-01-10,,Sports,5.0,285.83,175.72
9897,2023-12-13,43.0,Beauty,8.0,390.63,174.95
9898,2023-04-10,55.0,Electronics,,,137.91
9899,2023-10-06,67.0,Home,1.0,390.85,
9900,,,Home,4.0,404.98,299.48
9901,2023-04-05,41.0,Home,8.0,235.1,185.34
9902,2023-01-29,,Electronics,8.0,348.69,171.53
9903,2023-12-07,22.0,Clothing,6.0,202.44,227.21
9904,2023-09-27,57.0,Beauty,6.0,11.17,31.52
9905,2023-05-24,49.0,Clothing,8.0,62.84,99.69
9906,2023-03-16,49.0,Home,2.0,382.01,61.75
9907,2023-04-27,27.0,Sports,3.0,212.99,292.51
9908,2023-06-22,60.0,Beauty,1.0,451.5,275.67
9909,2023-05-28,20.0,Sports,9.0,214.29,168.47
9910,2023-11-17,51.0,Sports,1.0,424.58,
9911,2023-06-16,50.0,Home,7.0,339.96,20.52
9912,2023-04-28,23.0,Home,3.0,431.18,
9913,2023-10-01,48.0,Electronics,8.0,121.42,230.65
9914,2023-08-15,38.0,Beauty,8.0,,205.92
9915,2023-07-17,23.0,Home,6.0,189.01,275.78
9916,2023-07-12,51.0,Home,6.0,115.89,156.17
9917,2023-02-24,39.0,Home,1.0,223.2,
9918,,,Home,Unknown,,175.53
9919,2023-03-12,22.0,Clothing,7.0,48.59,219.12
9920,2023-02-28,30.0,Clothing,6.0,141.3,51.13
9921,2023-02-13,,Clothing,3.0,211.09,220.92
9922,2023-01-14,51.0,Electronics,3.0,135.3,137.53
9923,2023-11-10,54.0,Electronics,9.0,159.68,25.57
9924,2023-06-18,49.0,Clothing,2.0,132.74,216.28
9925,2023-09-03,58.0,Electronics,8.0,161.35,91.0
9926,2023-08-31,58.0,Electronics,6.0,213.1,165.28
9927,2023-10-27,53.0,Beauty,7.0,205.35,125.71
9928,2023-01-18,67.0,,8.0,192.73,226.99
9929,2023-08-19,42.0,Sports,8.0,396.68,268.14
9930,2023-09-10,55.0,Clothing,5.0,33.22,259.33
9931,2023-09-06,36.0,Home,9.0,448.19,288.83
9932,2023-10-13,66.0,Electronics,6.0,382.73,106.43
9933,2023-12-18,45.0,Clothing,1.0,183.1,12.0
9934,2023-12-11,25.0,Electronics,5.0,335.04,283.42
9935,2023-11-02,40.0,Electronics,,256.8,63.78
9936,2023-08-28,63.0,Clothing,4.0,223.36,292.98
9937,2023-08-07,27.0,Sports,9.0,115.84,138.94
9938,2023-05-13,52.0,Electronics,7.0,398.0,210.72
9939,2023-04-16,53.0,Electronics,8.0,487.1,292.66
9940,2023-07-20,63.0,Home,7.0,308.29,148.48
9941,,51.0,Electronics,6.0,251.63,239.19
9942,2023-12-20,42.0,Home,3.0,55.58,140.25
9943,,61.0,Electronics,6.0,150.15,85.06
9944,2023-04-06,26.0,Electronics,8.0,457.17,48.07
9945,,18.0,Electronics,8.0,148.86,35.07
9946,2023-01-01,40.0,Beauty,1.0,126.99,94.28
9947,2023-12-10,49.0,Sports,9.0,171.66,237.45
9948,2023-10-05,28.0,Sports,2.0,264.42,183.04
9949,2023-03-02,28.0,Clothing,6.0,29.17,242.79
9950,2023-10-21,22.0,Electronics,1.0,79.45,197.87
9951,2023-06-19,27.0,Clothing,1.0,285.62,129.27
9952,2023-08-19,44.0,Beauty,1.0,20.11,108.62
9953,2023-05-19,62.0,Home,6.0,379.53,111.91
9954,2023-10-24,29.0,Sports,5.0,192.79,97.7
9955,2023-05-03,30.0,,9.0,81.73,287.42
9956,2023-06-25,57.0,Beauty,5.0,370.25,14.52
9957,2023-05-18,24.0,Home,4.0,149.22,204.02
9958,2023-08-29,68.0,Clothing,5.0,363.89,210.71
9959,2023-07-25,29.0,Clothing,4.0,127.31,68.61
9960,2023-07-02,56.0,Clothing,3.0,284.92,232.61
9961,,50.0,Electronics,2.0,362.63,226.78
9962,2023-04-17,51.0,Electronics,2.0,14.62,168.07
9963,2023-02-05,35.0,Clothing,9.0,42.51,202.77
9964,2023-06-18,35.0,Clothing,4.0,181.37,48.16
9965,2023-02-04,21.0,Sports,,499.78,174.83
9966,2023-04-09,39.0,Beauty,5.0,236.71,164.55
9967,2023-05-02,68.0,Clothing,7.0,238.82,50.08
9968,2023-03-04,48.0,Beauty,7.0,69.11,256.85
9969,2023-05-30,50.0,Sports,7.0,280.36,139.62
9970,2023-03-21,37.0,Home,9.0,173.61,172.94
9971,2023-06-02,59.0,Clothing,2.0,219.41,222.84
9972,2023-11-29,39.0,Sports,9.0,172.96,129.3
9973,2023-07-21,65.0,Electronics,7.0,421.53,35.33
9974,2023-03-29,50.0,Sports,5.0,398.72,270.04
9975,2023-10-27,47.0,Electronics,9.0,445.47,163.58
9976,,53.0,Electronics,7.0,93.01,259.95
9977,2023-05-04,64.0,Home,3.0,,
9978,2023-08-21,21.0,Home,1.0,188.67,131.08
9979,2023-06-29,25.0,Beauty,3.0,380.93,144.96
9980,2023-03-26,,Sports,6.0,361.82,149.6
9981,2023-11-19,42.0,Clothing,8.0,171.1,10.65
9982,2023-02-09,34.0,Home,9.0,305.27,217.38
9983,2023-10-24,65.0,Clothing,2.0,488.7,36.04
9984,2023-03-22,32.0,Sports,7.0,324.41,
9985,2023-02-26,52.0,Home,3.0,156.94,101.99
9986,2023-01-30,56.0,Beauty,9.0,497.11,79.22
9987,2023-08-15,40.0,,2.0,183.03,261.78
9988,2023-10-19,24.0,,6.0,393.44,199.1
9989,2023-01-04,45.0,Beauty,4.0,425.8,182.64
9990,2023-04-01,35.0,Clothing,1.0,298.69,220.75
9991,2023-04-02,68.0,Beauty,7.0,465.14,43.84
9992,2023-08-22,31.0,Electronics,1.0,347.99,276.11
9993,2023-02-28,19.0,Sports,8.0,163.36,10.13
9994,2023-02-13,26.0,Clothing,4.0,95.0,101.33
9995,2023-05-24,65.0,Sports,7.0,436.24,256.3
9996,2023-09-29,36.0,Electronics,6.0,31.43,247.38
9997,2023-07-08,54.0,Beauty,1.0,492.56,48.99
9998,,58.0,Electronics,8.0,320.85,274.72
9999,2023-08-07,64.0,Clothing,6.0,124.5,293.05
10000,2023-05-16,30.0,Clothing,9.0,248.96,187.31
10001,2023-09-23,42.0,Sports,7.0,92.42,294.91
10002,2023-02-12,69.0,Beauty,5.0,315.83,49.11
10003,2023-08-15,42.0,Clothing,4.0,455.57,123.46
10004,,30.0,Sports,6.0,224.81,135.84
10005,2023-12-04,26.0,Home,3.0,345.57,21.37
10006,2023-08-26,53.0,Clothing,6.0,46.08,141.87
10007,2023-02-03,,Beauty,2.0,490.53,17.31
10008,2023-05-10,68.0,Beauty,9.0,354.42,97.21
10009,2023-05-23,48.0,Sports,7.0,,210.73
10010,2023-08-23,49.0,Home,6.0,449.4,282.21
10011,2023-01-14,66.0,Sports,3.0,,208.68
10012,2023-07-23,58.0,Beauty,2.0,231.22,43.63
10013,2023-02-01,61.0,Home,6.0,154.27,213.77
10014,2023-06-11,69.0,Beauty,9.0,279.06,130.15
10015,2023-04-14,55.0,Sports,4.0,469.15,285.48
10016,2023-11-20,22.0,Home,9.0,354.58,221.53
10017,2023-09-01,67.0,Sports,8.0,244.2,238.85
10018,2023-05-05,59.0,Electronics,Unknown,21.26,243.25
10019,2023-11-27,67.0,Beauty,,447.33,82.16
10020,2023-07-11,47.0,Beauty,5.0,225.32,237.66
10021,2023-08-30,53.0,Sports,7.0,206.97,45.41
10022,2023-12-28,45.0,Sports,1.0,359.36,250.76
10023,2023-06-12,43.0,Clothing,7.0,463.99,23.18
10024,2023-06-01,28.0,Clothing,9.0,,11.58
10025,2023-08-02,66.0,Sports,3.0,266.12,
10026,2023-09-27,58.0,Electronics,8.0,350.96,222.94
10027,2023-04-10,19.0,Beauty,6.0,234.64,109.97
10028,2023-11-17,,Sports,3.0,198.1,126.21
10029,2023-08-13,43.0,Electronics,,464.62,134.49
10030,2023-08-14,29.0,Beauty,9.0,446.53,77.4
10031,2023-01-15,59.0,Beauty,1.0,234.36,82.09
10032,2023-02-03,,Electronics,1.0,119.71,226.16
10033,2023-12-21,42.0,Beauty,9.0,359.97,91.48
10034,2023-01-19,32.0,Clothing,,381.13,12.81
10035,2023-11-22,26.0,Electronics,3.0,395.62,56.22
10036,2023-12-18,19.0,Clothing,7.0,194.93,25.15
10037,2023-05-30,43.0,Sports,9.0,79.4,70.53
10038,2023-05-31,45.0,Home,7.0,20.94,97.98
10039,2023-07-07,21.0,Clothing,6.0,54.71,
10040,2023-01-05,64.0,Sports,2.0,457.15,
10041,2023-01-25,44.0,Home,5.0,111.64,25.55
10042,2023-09-25,61.0,Sports,6.0,358.86,49.28
10043,2023-09-09,56.0,Beauty,3.0,148.68,294.46
10044,2023-06-21,54.0,Beauty,5.0,61.13,48.06
10045,2023-01-27,34.0,Sports,3.0,223.02,145.35
10046,2023-05-13,,Electronics,7.0,,214.75
10047,2023-09-10,63.0,,7.0,397.78,111.2
10048,2023-03-20,30.0,Home,4.0,,56.0
10049,2023-09-15,66.0,Clothing,9.0,246.11,170.26
10050,2023-02-16,20.0,Home,9.0,117.17,76.59
10051,2023-03-30,68.0,Beauty,6.0,81.5,290.35
10052,2023-08-28,43.0,Home,1.0,160.28,104.45
10053,,58.0,Electronics,1.0,197.06,180.33
10054,2023-11-11,58.0,Clothing,1.0,,146.54
10055,2023-08-18,,Electronics,8.0,253.11,296.82
10056,2023-08-31,41.0,Home,6.0,228.01,79.8
10057,2023-11-26,62.0,Home,8.0,356.47,243.58
10058,2023-10-06,66.0,Clothing,1.0,,45.2
10059,2023-06-11,50.0,Sports,8.0,498.55,73.9
10060,2023-04-19,24.0,Beauty,1.0,,112.78
10061,2023-04-21,23.0,Clothing,6.0,420.35,
10062,2023-08-20,38.0,Home,1.0,498.35,256.29
10063,2023-07-16,61.0,Sports,8.0,457.86,25.74
10064,2023-10-22,28.0,Home,6.0,204.85,6.91
10065,2023-03-18,22.0,Home,6.0,479.55,33.75
10066,2023-09-14,27.0,Sports,4.0,433.82,100.53
10067,2023-01-19,,Sports,8.0,195.52,61.58
10068,2023-07-15,20.0,Sports,6.0,162.59,9.79
10069,2023-10-11,24.0,Electronics,1.0,56.62,275.26
10070,2023-09-08,41.0,Sports,1.0,260.8,191.84
10071,2023-04-16,25.0,Sports,3.0,470.11,172.54
10072,2023-04-20,22.0,Sports,6.0,260.2,156.29
10073,2023-04-17,43.0,Sports,9.0,353.82,63.76
10074,2023-05-25,27.0,Electronics,1.0,364.93,118.93
10075,2023-04-17,53.0,Sports,4.0,51.16,152.96
10076,2023-10-29,55.0,Home,9.0,,84.82
10077,2023-04-03,62.0,Home,1.0,133.49,193.68
10078,2023-06-12,53.0,Beauty,4.0,87.77,26.25
10079,2023-03-17,41.0,Beauty,9.0,32.74,40.22
10080,2023-02-17,67.0,Electronics,6.0,290.01,160.94
10081,2023-03-15,32.0,Home,2.0,76.37,204.63
10082,2023-01-30,,Clothing,8.0,137.16,104.78
10083,2023-09-23,33.0,Beauty,2.0,111.37,34.01
10084,2023-02-24,34.0,Clothing,7.0,486.13,211.18
10085,,66.0,Electronics,1.0,401.06,199.59
10086,2023-07-28,35.0,Electronics,8.0,310.11,116.93
10087,2023-12-03,22.0,Clothing,2.0,389.22,222.61
10088,2023-02-15,40.0,Electronics,,327.12,150.47
10089,2023-06-05,55.0,Beauty,9.0,105.88,86.66
10090,2023-09-16,49.0,Beauty,8.0,383.26,67.97
10091,2023-07-17,53.0,Clothing,4.0,117.43,6.4
10092,2023-02-27,20.0,Electronics,1.0,490.85,144.72
10093,2023-08-17,57.0,Sports,5.0,40.43,284.86
10094,2023-04-15,48.0,Beauty,5.0,469.47,150.0
10095,,59.0,Sports,7.0,296.86,286.79
10096,2023-04-22,31.0,Sports,5.0,441.54,26.34
10097,2023-11-01,36.0,Home,4.0,188.58,260.31
10098,2023-03-26,48.0,Clothing,7.0,10.05,20.1
10099,2023-08-04,43.0,Sports,7.0,392.9,38.96
10100,2023-10-31,23.0,Electronics,9.0,,288.84
10101,2023-12-02,31.0,Beauty,,367.83,37.12
10102,2023-05-23,42.0,,7.0,493.46,205.43
10103,2023-07-26,63.0,Sports,9.0,75.31,24.72
10104,,29.0,Home,6.0,48.72,37.95
10105,2023-05-12,50.0,Beauty,4.0,288.28,141.89
10106,2023-04-09,32.0,Home,2.0,139.17,163.06
10107,2023-12-23,67.0,Clothing,,435.48,54.46
10108,2023-05-17,64.0,Electronics,7.0,232.85,
10109,2023-04-27,30.0,Electronics,4.0,295.27,119.28
10110,2023-03-10,26.0,Home,9.0,,71.15
10111,2023-12-01,51.0,Electronics,5.0,403.2,173.15
10112,2023-01-16,54.0,Beauty,7.0,207.29,122.34
10113,2023-07-28,27.0,,6.0,474.91,241.11
10114,2023-08-15,57.0,Sports,3.0,19.84,206.45
10115,2023-02-27,67.0,Electronics,4.0,79.49,232.82
10116,2023-11-01,57.0,Home,4.0,25.98,63.78
10117,2023-08-05,55.0,Clothing,5.0,463.38,275.31
10118,2023-08-31,18.0,Beauty,4.0,491.82,133.48
10119,,36.0,Beauty,3.0,342.63,97.78
10120,2023-11-22,18.0,Clothing,8.0,14.16,150.66
10121,2023-12-24,53.0,Sports,7.0,331.43,295.19
10122,2023-06-07,31.0,Beauty,1.0,63.89,154.17
10123,2023-08-04,26.0,Electronics,3.0,33.03,187.09
10124,2023-02-25,65.0,Beauty,9.0,236.41,68.99
10125,2023-06-04,58.0,Clothing,9.0,419.91,37.02
10126,,64.0,Clothing,8.0,,284.94
10127,2023-05-31,62.0,Clothing,8.0,445.02,293.53
10128,2023-04-18,27.0,Electronics,2.0,168.38,76.08
10129,,44.0,Home,1.0,355.47,27.7
10130,2023-12-06,28.0,,8.0,188.06,70.7
10131,2023-07-04,33.0,Home,1.0,462.27,285.0
10132,2023-04-07,,Clothing,7.0,399.86,76.39
10133,2023-05-20,43.0,Clothing,5.0,252.42,102.99
10134,2023-12-06,56.0,Sports,9.0,49.85,55.0
10135,2023-02-18,34.0,Beauty,2.0,478.28,114.24
10136,2023-11-12,36.0,Electronics,2.0,282.36,171.85
10137,2023-10-09,29.0,Beauty,5.0,20.05,40.16
10138,2023-03-15,21.0,Clothing,8.0,455.47,107.19
10139,2023-03-17,28.0,Beauty,4.0,277.21,103.79
10140,2023-01-31,52.0,Clothing,3.0,487.69,239.2
10141,2023-07-31,23.0,,5.0,,218.64
10142,2023-12-20,25.0,Electronics,,165.24,67.66
10143,2023-02-07,37.0,Electronics,4.0,185.04,104.74
10144,2023-03-18,60.0,Beauty,6.0,479.81,159.03
10145,2023-07-19,65.0,Sports,2.0,468.04,11.0
10146,2023-06-22,39.0,Clothing,5.0,371.05,264.7
10147,2023-12-11,30.0,,5.0,219.22,255.46
10148,2023-10-28,41.0,,1.0,,76.63
10149,2023-05-07,31.0,Electronics,7.0,436.5,293.16
10150,2023-07-18,61.0,Sports,9.0,406.1,118.6
10151,2023-06-01,50.0,Sports,7.0,112.92,73.73
10152,2023-04-06,,Clothing,9.0,329.12,280.89
10153,,30.0,Home,9.0,362.63,50.65
10154,2023-03-23,27.0,Home,1.0,444.53,117.72
10155,2023-05-13,,Clothing,8.0,122.68,20.37
10156,2023-09-03,26.0,,9.0,450.12,150.05
10157,2023-07-22,61.0,Home,1.0,218.68,220.07
10158,2023-04-29,,Sports,5.0,149.43,67.12
10159,2023-12-03,53.0,Home,4.0,31.73,179.04
10160,2023-08-24,,Clothing,2.0,464.46,102.88
10161,2023-10-09,18.0,Home,9.0,408.85,166.91
10162,2023-04-26,22.0,Sports,3.0,188.84,163.65
10163,2023-07-20,34.0,Beauty,,283.46,82.27
10164,2023-04-08,48.0,Home,1.0,106.0,89.9
10165,2023-03-14,20.0,Beauty,1.0,464.38,271.07
10166,2023-05-10,28.0,Electronics,5.0,401.16,62.35
10167,2023-01-27,,Beauty,1.0,,15.36
10168,2023-03-09,49.0,Electronics,5.0,159.96,144.12
10169,2023-10-06,61.0,Clothing,7.0,73.19,82.91
10170,2023-09-04,35.0,Clothing,4.0,219.79,108.96
10171,2023-12-18,40.0,Clothing,9.0,,213.55
10172,2023-03-02,20.0,Electronics,,253.3,197.86
10173,2023-08-27,,Home,6.0,,194.11
10174,2023-08-16,23.0,Electronics,Unknown,49.09,32.12
10175,2023-09-28,28.0,Clothing,8.0,497.1,88.39
10176,2023-08-24,45.0,Electronics,8.0,143.37,86.58
10177,2023-07-25,53.0,Clothing,1.0,190.92,261.58
10178,2023-05-13,58.0,Sports,7.0,465.43,158.99
10179,2023-09-12,57.0,Sports,6.0,348.62,58.69
10180,2023-03-15,65.0,Clothing,4.0,69.03,112.85
10181,2023-08-24,36.0,Sports,2.0,188.31,251.69
10182,2023-01-22,60.0,,4.0,412.61,
10183,2023-12-17,58.0,Home,7.0,35.62,176.35
10184,2023-01-03,28.0,Electronics,,485.05,241.82
10185,2023-06-09,62.0,Clothing,7.0,479.78,230.44
10186,2023-12-31,61.0,Electronics,4.0,401.72,8.3
10187,2023-08-07,20.0,Electronics,1.0,169.14,209.66
10188,2023-09-12,,Electronics,7.0,394.65,233.86
10189,2023-11-03,,Sports,,225.75,102.83
10190,2023-03-21,42.0,Clothing,2.0,129.0,194.72
10191,2023-12-02,60.0,Sports,1.0,13.37,63.2
10192,2023-02-03,41.0,Beauty,2.0,154.51,296.08
10193,2023-07-25,40.0,Electronics,7.0,278.78,208.0
10194,2023-10-01,43.0,Electronics,5.0,302.57,255.2
10195,2023-05-15,45.0,Home,5.0,308.92,169.39
10196,2023-08-29,62.0,Clothing,3.0,128.09,40.17
10197,2023-10-18,49.0,Home,3.0,187.84,42.72
10198,2023-10-04,63.0,Sports,4.0,,69.85
10199,2023-12-18,30.0,Electronics,2.0,240.48,229.24
10200,2023-11-08,33.0,Home,4.0,263.66,292.54
10201,2023-08-30,50.0,Home,9.0,353.34,81.85
10202,2023-11-07,49.0,Electronics,9.0,486.91,17.23
10203,2023-09-19,19.0,Electronics,9.0,320.23,
10204,2023-03-03,68.0,Home,2.0,291.9,34.95
10205,,32.0,Electronics,1.0,351.52,118.43
10206,,,Sports,6.0,392.77,247.76
10207,2023-11-26,57.0,Sports,2.0,48.83,292.24
10208,2023-06-18,67.0,Clothing,4.0,25.8,24.3
10209,2023-07-04,55.0,Electronics,6.0,458.01,261.9
10210,2023-06-10,51.0,Clothing,1.0,158.57,225.61
10211,2023-02-17,57.0,Beauty,8.0,293.59,152.21
10212,2023-12-01,63.0,Home,1.0,211.96,70.16
10213,2023-09-17,31.0,Beauty,6.0,444.48,257.92
10214,2023-04-29,35.0,Electronics,3.0,327.39,71.09
10215,2023-09-30,53.0,Clothing,1.0,305.81,238.17
10216,2023-12-18,46.0,Clothing,7.0,410.08,252.31
10217,,,Sports,4.0,426.04,201.71
10218,2023-09-21,66.0,Electronics,3.0,277.74,161.66
10219,2023-06-30,,Home,4.0,140.21,221.42
10220,2023-07-16,38.0,Electronics,5.0,467.02,239.07
10221,2023-02-09,25.0,Home,3.0,165.47,253.71
10222,2023-05-20,27.0,Home,2.0,56.24,222.25
10223,2023-01-28,55.0,Clothing,8.0,158.87,134.69
10224,2023-06-24,30.0,Clothing,5.0,325.0,22.89
10225,,44.0,Clothing,1.0,490.19,81.39
10226,2023-01-27,59.0,Clothing,9.0,,100.21
10227,2023-08-09,54.0,Clothing,1.0,424.35,276.2
10228,2023-03-10,45.0,Electronics,6.0,488.11,74.28
10229,2023-07-06,49.0,Clothing,4.0,377.43,211.51
10230,2023-09-03,50.0,Sports,5.0,25.37,80.61
10231,2023-04-19,69.0,Home,2.0,137.85,207.12
10232,2023-07-01,47.0,Electronics,7.0,443.2,155.38
10233,2023-09-05,22.0,Electronics,7.0,301.01,18.99
10234,2023-10-24,59.0,Sports,4.0,268.88,266.65
10235,2023-01-30,68.0,Electronics,3.0,193.47,160.76
10236,2023-12-27,27.0,Beauty,7.0,390.11,89.66
10237,2023-11-13,61.0,Clothing,9.0,31.43,273.51
10238,2023-03-30,30.0,Electronics,8.0,291.08,52.62
10239,2023-08-19,33.0,Clothing,8.0,186.36,57.9
10240,2023-04-30,43.0,Sports,8.0,245.75,177.41
10241,2023-07-09,63.0,Electronics,,322.49,136.85
10242,2023-02-17,57.0,Beauty,8.0,440.06,248.79
10243,2023-07-04,,Sports,8.0,416.05,298.82
10244,2023-01-11,52.0,Beauty,7.0,284.93,128.8
10245,2023-10-29,23.0,Home,8.0,162.6,296.3
10246,2023-08-25,67.0,Clothing,4.0,198.33,246.83
10247,2023-12-06,55.0,Home,8.0,295.22,140.81
10248,,68.0,Clothing,1.0,80.74,
10249,2023-08-15,,Home,7.0,335.71,26.77
10250,2023-04-26,67.0,Sports,8.0,89.46,88.19
10251,2023-11-28,49.0,Home,6.0,142.49,35.23
10252,2023-10-20,21.0,Sports,5.0,365.85,172.06
10253,2023-01-30,42.0,Sports,2.0,492.45,296.15
10254,2023-03-02,26.0,Sports,9.0,256.99,
10255,2023-10-31,,Electronics,5.0,48.02,59.24
10256,2023-12-15,57.0,Electronics,5.0,227.46,107.61
10257,2023-11-20,41.0,Electronics,9.0,442.82,17.43
10258,2023-01-28,,Sports,4.0,381.7,256.84
10259,2023-05-01,65.0,Electronics,5.0,24.74,50.1
10260,2023-05-27,60.0,Sports,7.0,70.28,72.2
10261,2023-09-30,,Home,4.0,306.21,115.59
10262,2023-03-28,43.0,Sports,5.0,28.09,
10263,2023-11-25,43.0,Sports,6.0,451.04,173.7
10264,2023-02-11,18.0,Home,9.0,303.85,167.6
10265,2023-05-04,24.0,Clothing,,218.54,171.44
10266,2023-04-30,20.0,Electronics,2.0,442.64,111.53
10267,2023-04-02,19.0,Beauty,5.0,267.39,255.03
10268,2023-11-04,34.0,Electronics,6.0,117.67,
10269,2023-12-16,,Home,2.0,468.58,288.02
10270,2023-07-31,35.0,Sports,1.0,91.75,44.78
10271,2023-01-14,58.0,Clothing,4.0,331.61,10.31
10272,2023-06-19,21.0,Beauty,3.0,433.94,35.55
10273,2023-12-29,52.0,Home,4.0,362.61,271.4
10274,2023-06-20,58.0,Beauty,7.0,,101.08
10275,2023-12-06,36.0,Sports,6.0,362.0,191.51
10276,2023-04-04,47.0,Beauty,5.0,52.52,287.9
10277,2023-09-12,22.0,Sports,Unknown,374.96,89.55
10278,,68.0,Clothing,2.0,41.6,30.48
10279,2023-10-23,,Beauty,,400.86,233.46
10280,2023-05-14,56.0,Sports,4.0,388.3,249.27
10281,2023-10-07,27.0,Sports,3.0,484.66,111.25
10282,2023-09-09,31.0,Beauty,3.0,366.34,232.43
10283,2023-01-11,62.0,Sports,9.0,69.93,216.4
10284,2023-11-15,37.0,,9.0,298.08,245.67
10285,2023-12-10,55.0,Beauty,9.0,197.84,96.07
10286,2023-12-25,62.0,Sports,5.0,313.03,225.94
10287,2023-08-17,42.0,Clothing,4.0,289.02,271.49
10288,2023-05-30,30.0,Beauty,9.0,268.36,
10289,2023-07-08,58.0,,9.0,253.18,
10290,2023-09-03,67.0,Beauty,8.0,113.89,249.47
10291,2023-10-21,33.0,Clothing,1.0,,148.2
10292,2023-11-22,31.0,Sports,6.0,422.51,224.73
10293,2023-09-02,45.0,Home,7.0,372.48,180.24
10294,2023-08-01,68.0,Home,6.0,,21.27
10295,2023-04-12,34.0,Electronics,9.0,288.79,66.63
10296,2023-01-19,47.0,Sports,6.0,396.06,99.15
10297,2023-05-27,25.0,Home,1.0,380.77,110.34
10298,2023-06-16,47.0,,1.0,332.51,145.61
10299,2023-12-31,51.0,Beauty,1.0,458.29,
10300,2023-12-01,,Electronics,4.0,275.42,
10301,2023-03-19,42.0,Beauty,,417.35,172.65
10302,2023-08-06,63.0,Sports,,,123.87
10303,2023-05-18,19.0,Home,4.0,24.3,74.55
10304,2023-06-07,,Clothing,2.0,256.27,95.63
10305,2023-12-10,59.0,Home,4.0,73.07,44.7
10306,2023-12-24,24.0,Electronics,9.0,373.66,
10307,2023-11-03,58.0,Electronics,9.0,346.75,109.02
10308,2023-11-23,58.0,,Unknown,344.13,199.48
10309,2023-12-19,48.0,Sports,8.0,275.61,244.83
10310,2023-05-14,41.0,Sports,9.0,477.76,88.66
10311,2023-11-29,45.0,Sports,9.0,161.74,206.51
10312,2023-02-20,35.0,Beauty,1.0,394.07,28.09
10313,2023-05-08,50.0,Electronics,2.0,248.33,156.44
10314,2023-02-20,42.0,Electronics,9.0,339.3,25.42
10315,2023-10-03,67.0,,7.0,15.81,279.66
10316,2023-05-14,22.0,Home,1.0,74.87,116.37
10317,2023-05-16,51.0,Sports,1.0,340.05,113.67
10318,2023-06-26,58.0,Sports,2.0,270.59,290.69
10319,2023-05-29,66.0,Clothing,7.0,416.69,114.45
10320,2023-10-19,60.0,Beauty,2.0,48.66,35.16
10321,2023-11-10,29.0,Sports,7.0,124.0,244.49
10322,2023-01-16,26.0,Clothing,4.0,308.33,59.98
10323,2023-05-02,34.0,Clothing,3.0,175.56,287.07
10324,,44.0,Sports,7.0,,
10325,2023-04-24,61.0,Beauty,5.0,262.35,118.97
10326,2023-05-26,36.0,Clothing,8.0,146.97,140.05
10327,2023-03-27,51.0,Sports,9.0,191.35,163.1
10328,2023-06-14,57.0,Home,5.0,381.48,190.8
10329,2023-05-12,68.0,Home,2.0,161.49,189.85
10330,2023-09-14,62.0,Beauty,8.0,225.44,102.75
10331,2023-06-24,43.0,Home,9.0,119.15,183.78
10332,2023-01-07,65.0,Electronics,6.0,83.74,218.78
10333,2023-09-16,18.0,Sports,3.0,78.1,295.7
10334,,26.0,Electronics,4.0,463.17,20.42
10335,2023-11-14,,Electronics,8.0,450.13,189.05
10336,2023-12-30,66.0,Home,3.0,204.67,76.36
10337,2023-02-13,,Sports,7.0,236.58,104.15
10338,2023-01-30,56.0,Electronics,1.0,397.87,46.43
10339,2023-01-14,59.0,Beauty,9.0,471.19,74.8
10340,2023-04-16,22.0,Clothing,4.0,220.89,265.44
10341,2023-03-16,,Beauty,5.0,40.86,297.14
10342,2023-07-13,27.0,Sports,,383.05,199.79
10343,2023-04-06,19.0,Home,2.0,248.69,61.79
10344,2023-04-17,20.0,Electronics,3.0,18.65,278.12
10345,2023-09-29,45.0,Home,9.0,263.93,250.98
10346,2023-09-04,46.0,Sports,8.0,418.82,38.38
10347,2023-10-19,33.0,Electronics,9.0,86.98,87.91
10348,2023-04-24,30.0,Sports,4.0,,292.11
10349,2023-12-16,52.0,Electronics,,114.04,143.42
10350,2023-01-30,24.0,Sports,6.0,268.34,22.86
10351,2023-04-09,68.0,Electronics,5.0,403.87,184.8
10352,2023-07-30,47.0,Beauty,4.0,393.67,281.77
10353,2023-03-30,44.0,,5.0,419.26,60.66
10354,2023-09-12,31.0,Electronics,3.0,141.97,103.09
10355,2023-01-14,,Beauty,9.0,395.36,279.7
10356,2023-07-01,53.0,Clothing,5.0,119.85,174.47
10357,2023-02-12,49.0,Electronics,1.0,445.33,148.18
10358,2023-06-18,37.0,Sports,6.0,,165.0
10359,2023-04-06,,Clothing,7.0,104.01,15.47
10360,2023-11-17,40.0,Sports,2.0,35.94,177.98
10361,2023-03-09,30.0,Electronics,3.0,143.65,
10362,2023-11-27,54.0,Home,,451.53,14.15
10363,2023-11-13,42.0,Electronics,3.0,277.49,22.99
10364,2023-04-13,43.0,Electronics,1.0,494.74,273.57
10365,2023-04-26,22.0,Beauty,9.0,191.06,42.32
10366,2023-04-14,59.0,Clothing,1.0,,219.83
10367,2023-10-25,56.0,Clothing,6.0,314.99,141.84
10368,2023-10-29,68.0,Sports,2.0,33.88,179.89
10369,2023-01-15,39.0,Electronics,4.0,397.23,55.35
10370,2023-10-25,55.0,Sports,3.0,107.51,61.18
10371,2023-05-14,42.0,Electronics,7.0,484.38,267.8
10372,2023-03-17,21.0,Home,3.0,485.4,79.64
10373,2023-12-06,34.0,Beauty,7.0,80.67,
10374,2023-02-23,23.0,Electronics,9.0,374.57,168.22
10375,2023-12-06,65.0,Clothing,7.0,389.44,285.65
10376,2023-12-26,29.0,Home,1.0,363.6,203.42
10377,2023-01-02,63.0,Electronics,,149.49,46.17
10378,2023-11-02,59.0,Home,9.0,342.64,178.1
10379,2023-01-16,,,6.0,82.37,172.79
10380,2023-06-08,47.0,Sports,,205.59,237.32
10381,2023-12-18,30.0,Home,2.0,223.68,257.92
10382,2023-07-24,53.0,Sports,9.0,236.72,5.01
10383,2023-07-28,22.0,,8.0,329.84,69.73
10384,2023-12-12,29.0,Electronics,7.0,263.98,63.37
10385,2023-10-25,63.0,Clothing,6.0,391.63,12.23
10386,2023-04-17,31.0,Home,1.0,132.4,120.78
10387,2023-05-08,65.0,Clothing,8.0,416.06,203.72
10388,2023-02-07,25.0,Home,6.0,414.63,61.27
10389,2023-07-11,34.0,Electronics,2.0,213.21,150.72
10390,2023-02-13,47.0,Clothing,2.0,86.04,193.87
10391,2023-07-13,,Home,6.0,245.86,242.27
10392,2023-03-03,59.0,Beauty,6.0,208.98,267.11
10393,2023-01-18,40.0,Sports,7.0,114.07,96.43
10394,2023-11-06,26.0,Sports,9.0,301.31,175.3
10395,2023-05-18,35.0,Beauty,6.0,484.2,143.58
10396,,20.0,Home,3.0,122.41,189.56
10397,2023-03-10,48.0,Beauty,8.0,186.84,108.26
10398,,32.0,Clothing,5.0,149.46,237.63
10399,2023-11-07,49.0,Clothing,5.0,53.17,263.33
10400,2023-02-25,61.0,Sports,7.0,,114.72
10401,2023-04-24,58.0,Home,8.0,222.69,30.86
10402,2023-04-18,,Sports,2.0,359.25,236.36
10403,2023-05-24,69.0,Clothing,8.0,142.5,159.37
10404,2023-02-25,50.0,Sports,2.0,366.53,198.14
10405,2023-01-06,28.0,Sports,9.0,102.34,159.36
10406,2023-11-03,,Electronics,3.0,351.27,107.42
10407,2023-05-07,34.0,Sports,4.0,,225.53
10408,2023-04-09,22.0,Electronics,7.0,162.65,21.92
10409,2023-11-15,65.0,Sports,6.0,412.37,
10410,2023-09-25,46.0,Beauty,3.0,277.8,203.3
10411,2023-03-14,53.0,Clothing,9.0,139.9,234.42
10412,2023-09-22,40.0,Home,7.0,,176.29
10413,2023-08-27,63.0,Electronics,8.0,138.76,263.92
10414,2023-12-25,53.0,Clothing,7.0,488.75,126.62
10415,2023-10-20,31.0,Electronics,4.0,496.43,14.59
10416,2023-04-09,,Clothing,2.0,479.89,217.46
10417,2023-12-23,63.0,Home,8.0,270.2,50.89
10418,2023-01-11,36.0,Sports,9.0,86.21,99.65
10419,2023-01-06,43.0,Clothing,1.0,114.11,221.86
10420,2023-08-10,32.0,Home,4.0,139.13,68.42
10421,2023-03-22,42.0,Clothing,3.0,400.43,298.48
10422,2023-03-01,60.0,Clothing,5.0,299.05,218.69
10423,,,Sports,8.0,310.37,225.86
10424,2023-08-16,63.0,Home,7.0,488.03,229.74
10425,2023-10-25,45.0,Sports,9.0,479.35,119.39
10426,2023-09-14,,Home,5.0,103.06,141.95
10427,2023-04-13,,Beauty,5.0,447.01,139.05
10428,2023-05-26,47.0,Sports,4.0,46.96,202.25
10429,2023-11-05,61.0,Sports,2.0,492.73,27.33
10430,2023-07-08,53.0,Sports,2.0,19.78,175.8
10431,2023-01-16,51.0,Home,3.0,198.03,30.8
10432,2023-03-27,,Beauty,4.0,438.67,73.36
10433,2023-08-05,45.0,Home,2.0,85.56,253.6
10434,2023-11-23,60.0,Clothing,2.0,292.36,117.22
10435,2023-06-12,30.0,Home,9.0,295.87,74.55
10436,2023-05-10,56.0,Home,5.0,446.41,272.44
10437,2023-06-26,44.0,Electronics,4.0,,262.31
10438,2023-09-22,59.0,Electronics,7.0,,184.39
10439,2023-03-26,45.0,Home,4.0,163.89,117.52
10440,2023-08-31,38.0,Clothing,8.0,175.79,245.38
10441,2023-12-08,40.0,Sports,7.0,93.2,
10442,2023-05-25,26.0,Electronics,2.0,178.03,14.45
10443,2023-03-29,67.0,Electronics,3.0,299.84,57.31
10444,2023-05-06,53.0,Beauty,,356.9,240.12
10445,2023-12-20,19.0,Beauty,8.0,379.65,50.27
10446,2023-03-29,69.0,Sports,1.0,339.0,125.05
10447,2023-03-30,53.0,Beauty,3.0,418.56,197.28
10448,2023-03-30,41.0,Beauty,7.0,160.09,
10449,2023-01-26,49.0,Sports,,167.31,28.16
10450,2023-09-21,47.0,Clothing,2.0,104.64,85.95
10451,2023-02-11,,Electronics,2.0,443.25,128.51
10452,2023-04-29,68.0,Sports,9.0,353.87,70.21
10453,2023-05-27,56.0,Electronics,1.0,486.36,283.74
10454,2023-07-08,,,7.0,245.44,51.61
10455,2023-12-14,,Electronics,3.0,86.34,132.45
10456,2023-03-15,22.0,Sports,3.0,283.63,145.38
10457,2023-05-20,,Beauty,8.0,116.27,156.82
10458,2023-08-13,68.0,,6.0,,176.97
10459,2023-02-07,62.0,Sports,5.0,358.6,291.92
10460,2023-01-09,19.0,Clothing,8.0,,226.79
10461,2023-04-08,,Sports,7.0,48.54,210.7
10462,2023-02-08,53.0,Beauty,9.0,176.77,269.83
10463,2023-03-31,36.0,Electronics,7.0,353.35,263.54
10464,,24.0,Electronics,3.0,170.23,25.84
10465,2023-04-06,61.0,Home,7.0,253.42,13.42
10466,2023-05-06,47.0,Electronics,8.0,320.4,142.89
10467,2023-01-24,18.0,Sports,2.0,222.66,243.86
10468,2023-04-30,18.0,Clothing,4.0,466.4,100.5
10469,2023-10-24,65.0,Beauty,1.0,151.78,
10470,2023-03-23,,Electronics,4.0,353.95,220.8
10471,2023-07-27,38.0,Beauty,6.0,307.27,40.9
10472,2023-02-02,21.0,Home,5.0,390.05,157.76
10473,2023-11-07,43.0,Clothing,8.0,488.14,234.65
10474,2023-08-13,36.0,Sports,6.0,128.89,212.31
10475,2023-07-05,51.0,Sports,6.0,385.73,225.67
10476,2023-03-15,65.0,Beauty,8.0,433.7,179.6
10477,2023-06-02,47.0,Electronics,5.0,371.14,93.5
10478,2023-06-23,56.0,Sports,7.0,401.57,140.84
10479,2023-11-12,59.0,Home,7.0,494.81,48.57
10480,2023-09-10,20.0,Clothing,8.0,373.45,91.44
10481,2023-07-31,51.0,Home,4.0,,271.4
10482,2023-09-08,34.0,Clothing,9.0,215.22,278.99
10483,2023-11-27,61.0,Clothing,9.0,399.65,109.89
10484,2023-08-27,28.0,Beauty,6.0,99.09,248.43
10485,2023-05-23,62.0,Beauty,5.0,318.38,197.02
10486,2023-11-08,48.0,Beauty,9.0,283.71,77.67
10487,2023-06-23,22.0,Home,4.0,204.39,74.49
10488,2023-07-22,56.0,Home,6.0,167.83,49.71
10489,2023-11-24,63.0,Electronics,3.0,129.29,79.19
10490,2023-11-18,60.0,Beauty,2.0,222.2,113.82
10491,2023-02-21,31.0,Clothing,7.0,480.9,158.99
10492,2023-10-30,40.0,Sports,1.0,236.39,69.78
10493,2023-03-25,66.0,Home,6.0,235.78,109.75
10494,2023-02-19,45.0,Clothing,2.0,429.86,69.36
10495,2023-09-16,62.0,Electronics,2.0,147.18,36.91
10496,2023-09-29,58.0,Home,1.0,451.45,96.9
10497,2023-09-22,,Home,8.0,51.52,28.37
10498,2023-11-04,39.0,Home,1.0,386.97,191.35
10499,2023-05-16,51.0,Clothing,8.0,40.68,172.88
10500,2023-06-13,,Electronics,,124.94,51.22
1,2023-12-15,55.0,Home,9.0,101.95,31.42
2,2023-03-13,50.0,Electronics,1.0,63.23,11.33
3,2023-04-13,60.0,Clothing,4.0,161.94,250.94
4,2023-08-03,62.0,Home,7.0,247.99,265.97
5,2023-03-29,67.0,Clothing,7.0,401.2,207.79
6,2023-12-26,49.0,,1.0,113.23,92.56
7,2023-05-30,,Sports,6.0,163.35,35.33
8,2023-12-10,31.0,Sports,4.0,405.63,119.18
9,2023-10-21,32.0,Clothing,8.0,393.63,151.2
10,,25.0,Beauty,2.0,357.97,221.94
11,2023-06-10,,,2.0,428.35,204.78
12,2023-01-22,41.0,,7.0,171.07,139.45
13,,33.0,Electronics,2.0,167.25,204.77
14,,69.0,Sports,7.0,419.0,53.14
15,2023-06-19,67.0,Sports,4.0,289.71,13.32
16,,60.0,Clothing,3.0,76.54,87.47
17,2023-09-28,66.0,Sports,8.0,283.79,198.49
18,2023-06-24,31.0,Beauty,2.0,177.22,265.33
19,2023-12-30,43.0,Electronics,1.0,264.45,60.64
20,2023-11-16,,Clothing,7.0,240.62,298.77
21,2023-11-03,24.0,Sports,8.0,106.72,223.59
22,2023-11-25,27.0,Beauty,7.0,221.21,13.1
23,2023-03-30,28.0,Sports,9.0,73.88,80.27
24,2023-08-30,38.0,Beauty,1.0,480.51,156.36
25,2023-12-12,21.0,Sports,9.0,449.98,35.52
26,2023-12-06,66.0,Home,8.0,405.88,61.03
27,2023-09-21,65.0,Electronics,3.0,156.91,184.86
28,,57.0,Sports,2.0,478.84,293.38
29,2023-02-19,50.0,Home,7.0,334.81,215.66
30,2023-01-02,32.0,Clothing,2.0,231.81,14.76
31,2023-02-23,33.0,Home,2.0,233.63,94.81
32,2023-11-06,65.0,Clothing,8.0,82.9,22.27
33,,60.0,Home,,333.93,187.92
34,2023-02-13,,Beauty,9.0,130.37,142.62
35,2023-09-27,69.0,Home,8.0,177.85,286.78
36,2023-09-28,66.0,Home,7.0,110.45,62.74
37,2023-08-03,22.0,Home,1.0,324.88,168.44
38,2023-07-09,65.0,Sports,4.0,381.43,166.58
39,2023-07-27,23.0,Home,1.0,141.44,81.61
40,2023-02-22,30.0,,9.0,214.79,99.02
41,2023-08-05,69.0,Home,4.0,374.08,243.57
42,2023-02-10,38.0,Home,4.0,395.82,243.83
43,2023-10-28,68.0,Electronics,4.0,493.5,110.61
44,2023-11-23,33.0,Sports,8.0,119.66,119.49
45,2023-05-09,22.0,Electronics,6.0,407.97,
46,2023-03-04,68.0,Beauty,1.0,476.32,20.43
47,2023-03-22,65.0,Clothing,4.0,176.89,10.43
48,2023-10-16,26.0,Electronics,9.0,147.81,22.41
49,2023-08-19,26.0,Home,7.0,23.86,256.78
50,2023-01-28,36.0,Beauty,3.0,138.1,189.75
